name,wigosid,country code,in OSCAR,longitude,latitude,#received,#expected,default schedule,color code,description,date,center
Unknown,74646,,False,-97.4800033569336,36.5999984741211,34,0,False,yellow,No match in OSCAR/Surface,2026-07-01 00:00:00+00:00,ECMWF
Unknown,48378,,False,100.279998779297,16.7999992370605,31,0,False,yellow,No match in OSCAR/Surface,2026-07-01 00:00:00+00:00,ECMWF
Unknown,48431,,False,102.080001831055,14.9700002670288,21,0,False,yellow,No match in OSCAR/Surface,2026-07-01 00:00:00+00:00,ECMWF
Unknown,48480,,False,102.099998474121,12.6199998855591,13,0,False,yellow,No match in OSCAR/Surface,2026-07-01 00:00:00+00:00,ECMWF
Unknown,48500,,False,99.8199996948242,11.8299999237061,27,0,False,yellow,No match in OSCAR/Surface,2026-07-01 00:00:00+00:00,ECMWF
Unknown,22008,,False,33.1395683288574,68.9855880737305,48,0,False,yellow,No match in OSCAR/Surface,2026-07-01 00:00:00+00:00,DWD
Unknown,24122,,False,112.430000305176,68.5,58,0,False,yellow,No match in OSCAR/Surface,2026-07-01 00:00:00+00:00,ECMWF
Unknown,24947,,False,120.419998168945,60.3699989318848,58,0,False,yellow,No match in OSCAR/Surface,2026-07-01 00:00:00+00:00,ECMWF
Unknown,25403,,False,150.899993896484,65.7300033569336,7,0,False,yellow,No match in OSCAR/Surface,2026-07-01 00:00:00+00:00,DWD
Unknown,26075,,False,30.7000007629395,59.9500007629395,28,0,False,yellow,No match in OSCAR/Surface,2026-07-01 00:00:00+00:00,DWD
Unknown,27594,,False,48.5099983215332,55.8199996948242,40,0,False,yellow,No match in OSCAR/Surface,2026-07-01 00:00:00+00:00,ECMWF
Unknown,27713,,False,37.5171890258789,55.930061340332,48,0,False,yellow,No match in OSCAR/Surface,2026-07-01 00:00:00+00:00,ECMWF
Unknown,28951,,False,63.6199989318848,53.2299995422363,58,0,False,yellow,No match in OSCAR/Surface,2026-07-01 00:00:00+00:00,JMA
Unknown,30557,,False,113.580001831055,54.4700012207031,16,0,False,yellow,No match in OSCAR/Surface,2026-07-01 00:00:00+00:00,JMA
Unknown,72388,,False,-115.184638977051,36.0471382141113,38,0,False,yellow,No match in OSCAR/Surface,2026-07-01 00:00:00+00:00,ECMWF
Unknown,80094,,False,-73.1999969482422,7.09999990463257,7,0,False,yellow,No match in OSCAR/Surface,2026-07-01 00:00:00+00:00,ECMWF
Unknown,98233,,False,121.730003356934,17.6200008392334,20,0,False,yellow,No match in OSCAR/Surface,2026-07-01 00:00:00+00:00,ECMWF
Unknown,98753,,False,125.660003662109,7.13000011444092,41,0,False,yellow,No match in OSCAR/Surface,2026-07-01 00:00:00+00:00,ECMWF
Unknown,31561,,False,137.130004882812,50.5999984741211,27,0,False,yellow,No match in OSCAR/Surface,2026-07-01 00:00:00+00:00,JMA
Unknown,42056,,False,74.8300018310547,32.6699981689453,19,0,False,yellow,No match in OSCAR/Surface,2026-07-01 00:00:00+00:00,ECMWF
Unknown,42299,,False,88.620002746582,27.3299999237061,45,0,False,yellow,No match in OSCAR/Surface,2026-07-01 00:00:00+00:00,NCEP
Unknown,42706,,False,87.0800018310547,23.3799991607666,15,0,False,yellow,No match in OSCAR/Surface,2026-07-01 00:00:00+00:00,ECMWF
Unknown,43353,,False,76.2699966430664,9.94999980926514,34,0,False,yellow,No match in OSCAR/Surface,2026-07-01 00:00:00+00:00,JMA
Unknown,48811,,False,103.01000213623,21.3999996185303,11,0,False,yellow,No match in OSCAR/Surface,2026-07-01 00:00:00+00:00,ECMWF
Unknown,48845,,False,105.680000305176,18.6700000762939,9,0,False,yellow,No match in OSCAR/Surface,2026-07-01 00:00:00+00:00,ECMWF
Unknown,74004,,False,-114.330001831055,32.8699989318848,42,0,False,yellow,No match in OSCAR/Surface,2026-07-01 00:00:00+00:00,NCEP
Unknown,74005,,False,-114.029998779297,32.8600006103516,26,0,False,yellow,No match in OSCAR/Surface,2026-07-01 00:00:00+00:00,NCEP
Unknown,USSIO,,False,-117.300003051758,32.9000015258789,2,0,False,yellow,No match in OSCAR/Surface,2026-07-01 00:00:00+00:00,ECMWF
Unknown,72381,,False,-117.900001525879,34.9199981689453,6,0,False,yellow,No match in OSCAR/Surface,2026-07-01 00:00:00+00:00,NCEP
Unknown,36003,,False,76.9300003051758,52.2999992370605,42,0,False,yellow,No match in OSCAR/Surface,2026-07-01 00:00:00+00:00,NCEP
Unknown,42675,,False,79.9499969482422,23.2000007629395,16,0,False,yellow,No match in OSCAR/Surface,2026-07-01 00:00:00+00:00,ECMWF
Unknown,47058,,False,125.779998779297,39.0299987792969,1,0,False,yellow,No match in OSCAR/Surface,2026-07-01 00:00:00+00:00,DWD
Unknown,YLV96WM,,False,-25.7000007629395,54.4000015258789,1,0,False,yellow,No match in OSCAR/Surface,2026-07-01 00:00:00+00:00,JMA
Unknown,74004,,False,-114.0,32.5,15,0,False,yellow,No match in OSCAR/Surface,2026-07-01 00:00:00+00:00,JMA
Unknown,76526,,False,-102.300003051758,22.4500007629395,44,0,False,yellow,No match in OSCAR/Surface,2026-07-01 00:00:00+00:00,DWD
Unknown,35394,,False,73.0899963378906,49.4799995422363,56,0,False,yellow,No match in OSCAR/Surface,2026-07-01 00:00:00+00:00,NCEP
Unknown,38341,,False,71.2300033569336,42.5099983215332,62,0,False,yellow,No match in OSCAR/Surface,2026-07-01 00:00:00+00:00,NCEP
Unknown,80371,,False,-75.1399993896484,4.44999980926514,7,0,False,yellow,No match in OSCAR/Surface,2026-07-01 00:00:00+00:00,NCEP
Unknown,10395,,False,14.1199598312378,52.2096481323242,17,0,False,yellow,No match in OSCAR/Surface,2026-07-01 00:00:00+00:00,DWD
Unknown,7JUNA4N,,False,-60.9300003051758,44.7000007629395,1,0,False,yellow,No match in OSCAR/Surface,2026-07-01 00:00:00+00:00,JMA
Unknown,26708,,False,20.7677001953125,54.6961402893066,30,0,False,yellow,No match in OSCAR/Surface,2026-07-01 00:00:00+00:00,DWD
Unknown,48381,,False,102.785690307617,16.4623794555664,16,0,False,yellow,No match in OSCAR/Surface,2026-07-01 00:00:00+00:00,ECMWF
Unknown,16332,,False,18.1392402648926,40.238639831543,62,0,False,yellow,No match in OSCAR/Surface,2026-07-01 00:00:00+00:00,ECMWF
Unknown,06447,,False,4.35775995254517,50.7985496520996,13,0,False,yellow,No match in OSCAR/Surface,2026-07-01 00:00:00+00:00,ECMWF
Unknown,YLV96WM,,False,-48.0099983215332,46.3499984741211,1,0,False,yellow,No match in OSCAR/Surface,2026-07-01 00:00:00+00:00,JMA
Unknown,7JUNA4N,,False,-59.4300003051758,44.75,1,0,False,yellow,No match in OSCAR/Surface,2026-07-01 00:00:00+00:00,JMA
Unknown,16064,,False,8.66574001312256,45.5308303833008,62,0,False,yellow,No match in OSCAR/Surface,2026-07-01 00:00:00+00:00,ECMWF
Unknown,98558,,False,125.755561828613,11.0455598831177,4,0,False,yellow,No match in OSCAR/Surface,2026-07-01 00:00:00+00:00,ECMWF
Unknown,35229,,False,57.0900001525879,50.1699981689453,47,0,False,yellow,No match in OSCAR/Surface,2026-07-01 00:00:00+00:00,NCEP
Unknown,41112,,False,42.6596794128418,18.2333202362061,58,0,False,yellow,No match in OSCAR/Surface,2026-07-01 00:00:00+00:00,ECMWF
Unknown,08536,,False,-8.58306980133057,39.3515319824219,1,0,False,yellow,No match in OSCAR/Surface,2026-07-01 00:00:00+00:00,DWD
Unknown,9ZT9MRK,,False,-47.1500015258789,60.2200012207031,1,0,False,yellow,No match in OSCAR/Surface,2026-07-01 00:00:00+00:00,JMA
Unknown,48327,,False,98.9700012207031,18.7700004577637,30,0,False,yellow,No match in OSCAR/Surface,2026-07-01 00:00:00+00:00,ECMWF
Unknown,48453,,False,100.599998474121,13.6700000762939,18,0,False,yellow,No match in OSCAR/Surface,2026-07-01 00:00:00+00:00,ECMWF
Unknown,48568,,False,100.599998474121,7.17999982833862,29,0,False,yellow,No match in OSCAR/Surface,2026-07-01 00:00:00+00:00,ECMWF
Unknown,48407,,False,104.870002746582,15.25,29,0,False,yellow,No match in OSCAR/Surface,2026-07-01 00:00:00+00:00,ECMWF
Unknown,48565,,False,98.3199996948242,8.14999961853027,26,0,False,yellow,No match in OSCAR/Surface,2026-07-01 00:00:00+00:00,ECMWF
DOUALA R.S.,0-20001-0-64910,CMR,True,9.7,4.01667,3,62,True,red,Availability issue (< 30%),2026-07-01 00:00:00+00:00,DWD
CHITTAGONG (AMBAGAN),0-20000-0-41977,BGD,True,91.81667,22.35,0,62,True,black,Not received in period,2026-07-01 00:00:00+00:00,DWD
DOULAN,0-20000-0-52836,CHN,True,98.1,36.3,58,62,False,green,Complete,2026-07-01 00:00:00+00:00,ECMWF
GARZE,0-20000-0-56146,CHN,True,100.0,31.61667,60,62,False,green,Complete,2026-07-01 00:00:00+00:00,ECMWF
HEZUO,0-20000-0-56080,CHN,True,102.9,35.0,60,62,False,green,Complete,2026-07-01 00:00:00+00:00,ECMWF
LINHE,0-20000-0-53513,CHN,True,107.36667,40.73333,60,62,False,green,Complete,2026-07-01 00:00:00+00:00,ECMWF
LINJIANG,0-20000-0-54374,CHN,True,126.88333,41.8,58,62,False,green,Complete,2026-07-01 00:00:00+00:00,DWD
NANYANG,0-20000-0-57178,CHN,True,112.48333,33.1,62,62,False,green,Complete,2026-07-01 00:00:00+00:00,ECMWF
NENJIANG,0-20000-0-50557,CHN,True,125.23333,49.16667,62,62,False,green,Complete,2026-07-01 00:00:00+00:00,ECMWF
PINGLIANG,0-20000-0-53915,CHN,True,106.66667,35.53333,62,62,False,green,Complete,2026-07-01 00:00:00+00:00,ECMWF
WEINING,0-20000-0-56691,CHN,True,104.28333,26.86667,58,62,False,green,Complete,2026-07-01 00:00:00+00:00,ECMWF
AGARTALA,0-20000-0-42724,IND,True,91.25,23.88333,22,62,True,orange,Availability issue (> 30%),2026-07-01 00:00:00+00:00,ECMWF
AMINIDIVI,0-20000-0-43311,IND,True,72.73333,11.11667,0,62,True,black,Not received in period,2026-07-01 00:00:00+00:00,DWD
AURANGABAD CHIKALTHANA AERODROME,0-20000-0-43014,IND,True,73.4,19.85,29,62,True,orange,Availability issue (> 30%),2026-07-01 00:00:00+00:00,ECMWF
BHOPAL/BAIRAGHAR,0-20000-0-42667,IND,True,77.35,23.28333,25,62,True,orange,Availability issue (> 30%),2026-07-01 00:00:00+00:00,ECMWF
BOMBAY / SANTACRUZ,0-20000-0-43003,IND,True,72.85,19.11667,24,62,True,orange,Availability issue (> 30%),2026-07-01 00:00:00+00:00,ECMWF
GORAKHPUR,0-20000-0-42379,IND,True,83.3667,26.75,57,62,True,green,Complete,2026-07-01 00:00:00+00:00,ECMWF
GWALIOR,0-20000-0-42361,IND,True,78.25,26.23333,50,62,True,green,Complete,2026-07-01 00:00:00+00:00,ECMWF
JAIPUR / SANGANER,0-20000-0-42348,IND,True,75.8,26.81667,22,62,True,orange,Availability issue (> 30%),2026-07-01 00:00:00+00:00,ECMWF
M.O. RANCHI,0-20000-0-42701,IND,True,85.31667,23.31667,28,62,True,orange,Availability issue (> 30%),2026-07-01 00:00:00+00:00,NCEP
MANGALORE/PANAMBUR,0-20000-0-43285,IND,True,74.83333,12.95,21,62,True,orange,Availability issue (> 30%),2026-07-01 00:00:00+00:00,ECMWF
PATNA,0-20000-0-42492,IND,True,85.16667,25.6,41,62,True,orange,Availability issue (> 30%),2026-07-01 00:00:00+00:00,JMA
PBO RAIPUR,0-20000-0-42874,IND,True,81.65,21.23333,18,62,True,red,Availability issue (< 30%),2026-07-01 00:00:00+00:00,NCEP
SILIGURI (42397-0),0-20000-0-42397,IND,True,88.36667,26.66667,0,62,True,black,Not received in period,2026-07-01 00:00:00+00:00,DWD
BANDARABBASS,0-20000-0-40875,IRN,True,56.3727,27.2147,0,62,True,black,Not received in period,2026-07-01 00:00:00+00:00,DWD
BIRJAND,0-20000-0-40809,IRN,True,59.2836,32.8905,29,62,True,orange,Availability issue (> 30%),2026-07-01 00:00:00+00:00,ECMWF
GORGAN,0-20000-0-40738,IRN,True,54.4136,36.905,30,31,False,green,Complete,2026-07-01 00:00:00+00:00,ECMWF
BAGHDAD INT. AIRPORT,0-20000-0-40650,IRQ,True,44.4,33.3,0,62,True,black,Not received in period,2026-07-01 00:00:00+00:00,DWD
BASRAH INT. AIRPORT,0-20000-0-40690,IRQ,True,47.78333,30.51667,0,62,True,black,Not received in period,2026-07-01 00:00:00+00:00,DWD
HAMHEUNG,0-20000-0-47041,PRK,True,127.55,39.93333,0,62,True,black,Not received in period,2026-07-01 00:00:00+00:00,DWD
QUETTA (SHEIKH MANDA),0-20000-0-41661,PAK,True,66.91667,30.26667,0,62,True,black,Not received in period,2026-07-01 00:00:00+00:00,DWD
MYS BARANOVA,0-20000-0-20094,RUS,True,101.62194,79.28,0,62,True,black,Not received in period,2026-07-01 00:00:00+00:00,DWD
DUSHANBE,0-20000-0-38836,TJK,True,68.73333,38.58333,0,62,True,black,Not received in period,2026-07-01 00:00:00+00:00,DWD
KOKAND,0-20000-0-38606,UZB,True,70.95,40.55,0,62,True,black,Not received in period,2026-07-01 00:00:00+00:00,DWD
BACH LONG VI (SYNOP),0-704-0-48839,VNM,True,107.72868,20.13427,0,62,True,black,Not received in period,2026-07-01 00:00:00+00:00,DWD
SANA'A,0-20000-0-41404,YEM,True,44.18333,15.51667,0,62,True,black,Not received in period,2026-07-01 00:00:00+00:00,DWD
BREST (33008-1),0-20001-0-33008,BLR,True,23.68583,52.11667,14,62,True,red,Availability issue (< 30%),2026-07-01 00:00:00+00:00,DWD
TOULOUSE RW,0-20000-0-07618,FRA,True,1.37444,43.57694,0,62,True,black,Not received in period,2026-07-01 00:00:00+00:00,DWD
SKOPJE PETROVEC,0-20000-0-13586,MKD,True,21.65,41.96667,0,62,True,black,Not received in period,2026-07-01 00:00:00+00:00,DWD
OSLO-BLINDERN,0-20001-0-01492,NOR,True,10.71945,59.94275,0,62,True,black,Not received in period,2026-07-01 00:00:00+00:00,DWD
ALEPPO MESELME,0-20001-0-40007,SYR,True,37.21667,36.33333,0,62,True,black,Not received in period,2026-07-01 00:00:00+00:00,DWD
Bilohirsk,0-20000-0-33966,UKR,True,34.5986,45.0454,0,62,True,black,Not received in period,2026-07-01 00:00:00+00:00,DWD
"GUANTANAMO, ORIENTE (78367-0)",0-20000-0-78367,CUB,True,-75.13333,19.9,0,62,True,black,Not received in period,2026-07-01 00:00:00+00:00,DWD
GUATEMALA (AEROPUERTO LA AURORA),0-20000-0-78641,GTM,True,-90.51667,14.58333,0,62,True,black,Not received in period,2026-07-01 00:00:00+00:00,DWD
SOTO CANO AB,0-20000-0-78721,HND,True,-87.61667,14.36667,0,62,True,black,Not received in period,2026-07-01 00:00:00+00:00,DWD
PUERTO CABEZAS,0-20000-0-78730,NIC,True,-83.63333,14.06667,0,62,True,black,Not received in period,2026-07-01 00:00:00+00:00,DWD
"BENNINGTON, VT",0-20000-0-72516,USA,True,-73.24694,42.89139,0,62,True,black,Not received in period,2026-07-01 00:00:00+00:00,DWD
"CAPE SAN BLAS, FL.",0-20000-0-72224,USA,True,-85.36667,29.68333,0,62,True,black,Not received in period,2026-07-01 00:00:00+00:00,DWD
"CHATHAM, MA.",0-20000-0-74494,USA,True,-69.95889,41.65694,0,62,True,black,Not received in period,2026-07-01 00:00:00+00:00,DWD
"FORT CARSON, CO. (ARMY)",0-20000-0-72468,USA,True,-104.76667,38.7,0,62,True,black,Not received in period,2026-07-01 00:00:00+00:00,DWD
"FORT GREELY, AK",0-20000-0-70266,USA,True,-145.7,63.96667,0,62,True,black,Not received in period,2026-07-01 00:00:00+00:00,DWD
"FORT HOOD, TX. (ARMY)",0-20000-0-72257,USA,True,-97.33333,31.1,0,62,True,black,Not received in period,2026-07-01 00:00:00+00:00,DWD
"FORT POLK, LA. (ARMY)",0-20000-0-72239,USA,True,-93.03333,31.03333,0,62,True,black,Not received in period,2026-07-01 00:00:00+00:00,DWD
"FORT RILEY, KS. (ARMY)",0-20000-0-72455,USA,True,-96.76667,39.1,0,62,True,black,Not received in period,2026-07-01 00:00:00+00:00,DWD
"FORT SILL, OK. (ARMY)",0-20000-0-72355,USA,True,-98.4,34.6,0,62,True,black,Not received in period,2026-07-01 00:00:00+00:00,DWD
"FORT STEWART RESERVATION, GA",0-20000-0-74780,USA,True,-81.63333,31.9,0,62,True,black,Not received in period,2026-07-01 00:00:00+00:00,DWD
"FT. STEWART, GA",0-20000-0-72209,USA,True,-81.56667,31.88333,0,62,True,black,Not received in period,2026-07-01 00:00:00+00:00,DWD
"FT.KNOX, KY. (ARMY)",0-20000-0-72424,USA,True,-85.96667,37.9,0,62,True,black,Not received in period,2026-07-01 00:00:00+00:00,DWD
"JEFFERSON PROVING GROUND MADISON, IN.",0-20000-0-74468,USA,True,-85.41667,38.83333,0,62,True,black,Not received in period,2026-07-01 00:00:00+00:00,DWD
"MERCURY/DESERT ROCK, NV.",0-20000-0-72387,USA,True,-116.01667,36.61667,0,62,True,black,Not received in period,2026-07-01 00:00:00+00:00,DWD
"OGDEN, UT",0-20000-0-72575,USA,True,-112.01139,41.19611,0,62,True,black,Not received in period,2026-07-01 00:00:00+00:00,DWD
"PINE SPRINGS, TX",0-20001-0-72262,USA,True,-104.80861,31.83167,0,62,True,black,Not received in period,2026-07-01 00:00:00+00:00,DWD
"POPE AFB, NC.",0-20000-0-72303,USA,True,-79.03333,35.16667,0,62,True,black,Not received in period,2026-07-01 00:00:00+00:00,DWD
"SALTON SEA, CA. (AFS)",0-20000-0-74718,USA,True,-115.86667,33.21667,0,62,True,black,Not received in period,2026-07-01 00:00:00+00:00,DWD
"SAN NICOLAS IS./NF,  CA.",0-20000-0-72291,USA,True,-119.45,33.25,0,62,True,black,Not received in period,2026-07-01 00:00:00+00:00,DWD
"VALPARAISO/EGLIN AFB, FL.",0-20000-0-72221,USA,True,-86.51667,30.48333,1,62,True,red,Availability issue (< 30%),2026-07-01 00:00:00+00:00,DWD
White Sands Main Post,0-20000-0-72269,USA,True,-106.4724,32.3747,0,62,True,black,Not received in period,2026-07-01 00:00:00+00:00,DWD
GUAYAQUIL AEROPUERTO,0-20000-0-84203,ECU,True,-79.88389,-2.15806,0,62,True,black,Not received in period,2026-07-01 00:00:00+00:00,DWD
LA CANADA,0-20000-0-80476,VEN,True,-71.65,10.51667,0,62,True,black,Not received in period,2026-07-01 00:00:00+00:00,DWD
PENRHYN,0-20000-0-91801,COK,True,-158.05,-9.03333,0,62,True,black,Not received in period,2026-07-01 00:00:00+00:00,DWD
OLEKMINSK (24944-1),0-20001-0-24944,RUS,True,120.41667,60.36667,0,62,True,black,Not received in period,2026-07-01 00:00:00+00:00,DWD
"FT. PROVIDENCE, NWT",0-20000-0-71086,CAN,True,-117.25,61.66667,0,62,True,black,Not received in period,2026-07-01 00:00:00+00:00,DWD
"GAGETOWN A, NB",0-20001-0-71701,CAN,True,-66.43333,45.83333,4,62,True,red,Availability issue (< 30%),2026-07-01 00:00:00+00:00,ECMWF
"SHILO, MAN",0-20000-0-71853,CAN,True,-99.64306,49.78278,0,62,True,black,Not received in period,2026-07-01 00:00:00+00:00,DWD
SAO LUIS (AERO),0-20000-0-82281,BRA,True,-44.23333,-2.6,0,62,True,black,Not received in period,2026-07-01 00:00:00+00:00,DWD
GAROUA RS,0-120-1-64860,CMR,True,13.3667,9.3333,0,93,False,black,Not received in period,2026-07-01 00:00:00+00:00,DWD
ALTENSTADT (AEROLOGY),0-20001-0-10954,DEU,True,10.87376,47.8331,118,0,False,purple,More than declared in OSCAR/Surface,2026-07-01 00:00:00+00:00,ECMWF
HOHENPEIßENBERG (AEROLOGY),0-20001-0-10962,DEU,True,11.01157,47.80103,9,62,False,red,Availability issue (< 30%),2026-07-01 00:00:00+00:00,ECMWF
MEPPEN (AEROLOGY),0-20001-0-10304,DEU,True,7.31886,52.715,70,23,False,purple,More than declared in OSCAR/Surface,2026-07-01 00:00:00+00:00,ECMWF
GREIFSWALD (AEROLOGY),0-20001-0-10184,DEU,True,13.40484,54.09696,63,62,False,purple,More than declared in OSCAR/Surface,2026-07-01 00:00:00+00:00,ECMWF
MEININGEN (AEROLOGY),0-20001-0-10548,DEU,True,10.37715,50.56174,64,62,False,purple,More than declared in OSCAR/Surface,2026-07-01 00:00:00+00:00,ECMWF
NORDERNEY (AEROLOGY),0-20001-0-10113,DEU,True,7.15158,53.71199,62,62,False,green,Complete,2026-07-01 00:00:00+00:00,ECMWF
OBERSCHLEIßHEIM (AEROLOGY),0-20001-0-10868,DEU,True,11.55254,48.24459,64,62,False,purple,More than declared in OSCAR/Surface,2026-07-01 00:00:00+00:00,ECMWF
TONGLIAO,0-20000-0-54135,CHN,True,122.35,43.66,62,62,False,green,Complete,2026-07-01 00:00:00+00:00,ECMWF
Unknown,42056,,False,74.83000183105469,32.779998779296875,4,0,False,yellow,No match in OSCAR/Surface,2026-07-01 00:00:00+00:00,DWD
GRACIOSA/AERODROMO,0-620-2001-08507,PRT,True,-28.02994,39.09131,0,62,True,black,Not received in period,2026-07-01 00:00:00+00:00,DWD
BARCELONA SERVEI,0-20000-0-08190,ESP,True,2.11806,41.38444,53,62,True,green,Complete,2026-07-01 00:00:00+00:00,ECMWF
ANQING,0-20000-0-58424,CHN,True,116.96667,30.61667,62,62,False,green,Complete,2026-07-01 00:00:00+00:00,ECMWF
CHIFENG (54218-1),0-20001-0-54218,CHN,True,118.83333,42.3,58,62,True,green,Complete,2026-07-01 00:00:00+00:00,ECMWF
ERENHOT (53068-1),0-20001-0-53068,CHN,True,111.95,43.63333,60,62,True,green,Complete,2026-07-01 00:00:00+00:00,ECMWF
HAILAR (50527-1),0-20001-0-50527,CHN,True,119.7,49.25,62,62,True,green,Complete,2026-07-01 00:00:00+00:00,ECMWF
HARBIN (50953-1),0-20001-0-50953,CHN,True,126.56667,45.93333,58,62,True,green,Complete,2026-07-01 00:00:00+00:00,ECMWF
HUAIHUA,0-20000-0-57749,CHN,True,110.03,27.6,62,62,False,green,Complete,2026-07-01 00:00:00+00:00,ECMWF
QAMDO (56137-1),0-20001-0-56137,CHN,True,97.16667,31.15,57,62,True,green,Complete,2026-07-01 00:00:00+00:00,DWD
WU LU MU QI (51463-1),0-20001-0-51463,CHN,True,87.61667,43.78333,62,62,True,green,Complete,2026-07-01 00:00:00+00:00,ECMWF
XINING (52866-1),0-20001-0-52866,CHN,True,101.7167,36.65,60,62,False,green,Complete,2026-07-01 00:00:00+00:00,ECMWF
YAN AN (53845-1),0-20001-0-53845,CHN,True,109.45,36.56667,60,62,True,green,Complete,2026-07-01 00:00:00+00:00,ECMWF
YUSHU (56029-1),0-20001-0-56029,CHN,True,96.95,33.0,60,62,True,green,Complete,2026-07-01 00:00:00+00:00,ECMWF
Unknown,9ZT9MRK,,False,-8.800000190734863,62.61000061035156,1,0,False,yellow,No match in OSCAR/Surface,2026-07-01 00:00:00+00:00,JMA
NOUADHIBOU,0-20000-0-61415,MRT,True,-17.03639,20.92028,0,62,True,black,Not received in period,2026-07-01 00:00:00+00:00,DWD
NOUAKCHOTT / Oumtounsy,0-20000-0-61442,MRT,True,-15.97543,18.30026,0,62,True,black,Not received in period,2026-07-01 00:00:00+00:00,DWD
Beni Mellal Sidi Jaber,0-20000-0-60191,MAR,True,-6.4,32.36667,0,31,False,black,Not received in period,2026-07-01 00:00:00+00:00,DWD
Errachidia,0-20000-0-60210,MAR,True,-4.4,31.93333,0,31,False,black,Not received in period,2026-07-01 00:00:00+00:00,DWD
Taroudant,0-20000-0-60253,MAR,True,-8.81667,30.5,8,31,False,red,Availability issue (< 30%),2026-07-01 00:00:00+00:00,ECMWF
SEYCHELLES INTER. AIRPORT (RAWINSONDE STATION),0-20000-0-63985,SYC,True,55.5308,-4.679,0,62,False,black,Not received in period,2026-07-01 00:00:00+00:00,DWD
PRETORIA (IRENE),0-20000-0-68263,ZAF,True,28.2106,-25.9105,44,62,False,orange,Availability issue (> 30%),2026-07-01 00:00:00+00:00,ECMWF
TENERIFE-GUIMAR,0-20000-0-60018,ESP,True,-16.38222,28.31833,60,62,True,green,Complete,2026-07-01 00:00:00+00:00,ECMWF
TOZEUR,0-20000-0-60760,TUN,True,8.16667,33.91667,19,248,False,red,Availability issue (< 30%),2026-07-01 00:00:00+00:00,ECMWF
CHENZHOU,0-20000-0-57972,CHN,True,112.97389,25.73528,58,62,False,green,Complete,2026-07-01 00:00:00+00:00,ECMWF
CHONGQING (57516-1),0-20001-0-57516,CHN,True,106.4,29.6,58,62,True,green,Complete,2026-07-01 00:00:00+00:00,ECMWF
FUYANG,0-20000-0-58203,CHN,True,115.73333,32.86667,60,62,False,green,Complete,2026-07-01 00:00:00+00:00,ECMWF
GANZHOU (57993-1),0-20001-0-57993,CHN,True,115.0,25.86667,60,62,True,green,Complete,2026-07-01 00:00:00+00:00,ECMWF
GOLMUD,0-20000-0-52818,CHN,True,94.9,36.41667,60,62,False,green,Complete,2026-07-01 00:00:00+00:00,ECMWF
GUILIN,0-20000-0-57957,CHN,True,110.3,25.33333,58,62,False,green,Complete,2026-07-01 00:00:00+00:00,ECMWF
GUIYANG (57816-1),0-20001-0-57816,CHN,True,106.65,26.48333,60,62,True,green,Complete,2026-07-01 00:00:00+00:00,ECMWF
HANGZHOU,0-20000-0-58457,CHN,True,120.16667,30.23333,62,62,False,green,Complete,2026-07-01 00:00:00+00:00,ECMWF
HONGJIA,0-20000-0-58665,CHN,True,121.41667,28.61667,62,62,False,green,Complete,2026-07-01 00:00:00+00:00,ECMWF
KUNMING,0-20000-0-56778,CHN,True,102.68333,25.01667,58,62,False,green,Complete,2026-07-01 00:00:00+00:00,ECMWF
MINFENG,0-20000-0-51839,CHN,True,82.71667,37.06667,62,62,False,green,Complete,2026-07-01 00:00:00+00:00,ECMWF
NAGQU,0-20000-0-55299,CHN,True,92.06667,31.48333,58,62,False,green,Complete,2026-07-01 00:00:00+00:00,ECMWF
QINGYUAN (59280-0),0-20000-0-59280,CHN,True,113.08333,23.71667,60,62,False,green,Complete,2026-07-01 00:00:00+00:00,ECMWF
SHANTOU (59316-1),0-20001-0-59316,CHN,True,116.66667,23.35,58,62,True,green,Complete,2026-07-01 00:00:00+00:00,NCEP
SHEYANG,0-20000-0-58150,CHN,True,120.3,33.75,62,62,False,green,Complete,2026-07-01 00:00:00+00:00,ECMWF
TAIBEI,0-20000-0-58968,CHN,True,121.51667,25.03333,0,62,False,black,Not received in period,2026-07-01 00:00:00+00:00,DWD
TAIYUAN (53772-1),0-20001-0-53772,CHN,True,112.57667,37.62056,60,62,True,green,Complete,2026-07-01 00:00:00+00:00,ECMWF
WENJIANG (56187-1),0-20001-0-56187,CHN,True,103.86667,30.75,60,62,True,green,Complete,2026-07-01 00:00:00+00:00,ECMWF
WUZHOU,0-20000-0-59265,CHN,True,111.3,23.48333,56,62,False,green,Complete,2026-07-01 00:00:00+00:00,ECMWF
XIAMEN,0-20000-0-59134,CHN,True,118.08333,24.48333,60,62,False,green,Complete,2026-07-01 00:00:00+00:00,ECMWF
YICHUN (50774-1),0-20001-0-50774,CHN,True,128.83333,47.71667,60,62,True,green,Complete,2026-07-01 00:00:00+00:00,ECMWF
YINCHUAN,0-20000-0-53614,CHN,True,106.2,38.46667,60,62,False,green,Complete,2026-07-01 00:00:00+00:00,NCEP
ZHANGQIU,0-20000-0-54727,CHN,True,117.5,36.65,60,62,False,green,Complete,2026-07-01 00:00:00+00:00,ECMWF
KARAIKAL,0-20000-0-43346,IND,True,79.83333,10.91667,19,62,True,orange,Availability issue (> 30%),2026-07-01 00:00:00+00:00,ECMWF
KOLKATA/DUM DUM,0-20000-0-42809,IND,True,88.45,22.65,56,62,True,green,Complete,2026-07-01 00:00:00+00:00,DWD
LUCKNOW/AMAUSI,0-20000-0-42369,IND,True,80.8833,26.75,54,62,True,green,Complete,2026-07-01 00:00:00+00:00,DWD
PATIALA,0-20000-0-42101,IND,True,76.46667,30.33333,22,62,True,orange,Availability issue (> 30%),2026-07-01 00:00:00+00:00,ECMWF
AHWAZ,0-20000-0-40811,IRN,True,48.7441,31.3447,0,62,True,black,Not received in period,2026-07-01 00:00:00+00:00,DWD
AKITA (47582-1),0-20001-0-47582,JPN,True,140.09917,39.7175,56,62,False,green,Complete,2026-07-01 00:00:00+00:00,ECMWF
KUSHIRO (47418-1),0-20001-0-47418,JPN,True,144.4375,42.95306,49,62,False,orange,Availability issue (> 30%),2026-07-01 00:00:00+00:00,NCEP
NAZE/FUNCHATOGE,0-20001-0-47909,JPN,True,129.55278,28.39417,64,62,False,purple,More than declared in OSCAR/Surface,2026-07-01 00:00:00+00:00,NCEP
SHIONOMISAKI (47778-1),0-20001-0-47778,JPN,True,135.75722,33.45028,67,62,False,purple,More than declared in OSCAR/Surface,2026-07-01 00:00:00+00:00,NCEP
TATENO,0-20000-0-47646,JPN,True,140.12583,36.05806,40,62,False,orange,Availability issue (> 30%),2026-07-01 00:00:00+00:00,ECMWF
GWANGJU AB,0-20000-0-47158,KOR,True,126.8,35.11667,0,62,True,black,Not received in period,2026-07-01 00:00:00+00:00,DWD
National Typhoon Center,0-20000-0-47186,KOR,True,126.6784,33.33147,124,62,False,purple,More than declared in OSCAR/Surface,2026-07-01 00:00:00+00:00,ECMWF
OSAN AB,0-20000-0-47122,KOR,True,127.03333,37.08333,0,62,True,black,Not received in period,2026-07-01 00:00:00+00:00,DWD
HAMAD INTERNATIONAL AIRPORT,0-20000-0-41169,QAT,True,51.60806,25.27306,0,62,True,black,Not received in period,2026-07-01 00:00:00+00:00,DWD
ABAKAN,0-20000-0-29862,RUS,True,91.31667,53.76667,52,62,True,green,Complete,2026-07-01 00:00:00+00:00,ECMWF
ANGARSK,0-20000-0-30715,RUS,True,103.85,52.48333,56,62,True,green,Complete,2026-07-01 00:00:00+00:00,ECMWF
BARNAUL (29839-0),0-20000-0-29839,RUS,True,83.83333,53.5,51,62,True,green,Complete,2026-07-01 00:00:00+00:00,NCEP
EKATERINBURG (VERHNEE DUBROVO),0-20000-0-28445,RUS,True,61.06667,56.73333,54,62,True,green,Complete,2026-07-01 00:00:00+00:00,ECMWF
EMEL' YANOVO,0-20000-0-29572,RUS,True,92.60556,56.18056,50,62,True,green,Complete,2026-07-01 00:00:00+00:00,ECMWF
HABAROVSK (31736-0),0-20000-0-31736,RUS,True,135.23333,48.53333,56,62,True,green,Complete,2026-07-01 00:00:00+00:00,ECMWF
MALYE KARMAKULY (20744-1),0-20001-0-20744,RUS,True,52.7,72.36667,37,62,True,orange,Availability issue (> 30%),2026-07-01 00:00:00+00:00,DWD
MIRNVY,0-20000-0-24726,RUS,True,113.86667,62.53333,56,62,True,green,Complete,2026-07-01 00:00:00+00:00,ECMWF
NOVOSIBIRSK (29634-1),0-20001-0-29634,RUS,True,82.95306,54.97056,58,62,True,green,Complete,2026-07-01 00:00:00+00:00,ECMWF
OMSK (RS),0-20001-0-28695,RUS,True,73.4,54.93333,58,62,False,green,Complete,2026-07-01 00:00:00+00:00,ECMWF
PECHORA (23415-0),0-20000-0-23415,RUS,True,57.1,65.11667,62,62,True,green,Complete,2026-07-01 00:00:00+00:00,JMA
PERM' (28225-1),0-20001-0-28225,RUS,True,56.19722,57.95833,7,62,True,red,Availability issue (< 30%),2026-07-01 00:00:00+00:00,DWD
PETROPAVLOVSK-KAMCHATSKIJ (32540-0),0-20000-0-32540,RUS,True,158.58333,53.08333,31,62,True,orange,Availability issue (> 30%),2026-07-01 00:00:00+00:00,JMA
SYKTYVKAR (23802-0),0-20000-0-23802,RUS,True,50.78056,61.67667,60,62,True,green,Complete,2026-07-01 00:00:00+00:00,JMA
TIKSI,0-20000-0-21824,RUS,True,128.91667,71.58333,60,62,True,green,Complete,2026-07-01 00:00:00+00:00,JMA
VLADIVOSTOK (SAD GOROD),0-20000-0-31977,RUS,True,132.05,43.26667,61,62,True,green,Complete,2026-07-01 00:00:00+00:00,ECMWF
Al Qaisumah AirPort,0-20000-0-40373,SAU,True,46.12342,28.33057,23,62,True,orange,Availability issue (> 30%),2026-07-01 00:00:00+00:00,ECMWF
Hail AirPort,0-20000-0-40394,SAU,True,41.69019,27.43496,62,62,True,green,Complete,2026-07-01 00:00:00+00:00,ECMWF
King AbdulAziz AirPort,0-20000-0-41024,SAU,True,39.18575,21.65756,52,62,True,green,Complete,2026-07-01 00:00:00+00:00,ECMWF
King Fahd AirPort,0-20000-0-40417,SAU,True,49.8097,26.44609,15,62,True,red,Availability issue (< 30%),2026-07-01 00:00:00+00:00,ECMWF
Tabuk AirPort,0-20000-0-40375,SAU,True,36.60431,28.3672,58,62,True,green,Complete,2026-07-01 00:00:00+00:00,ECMWF
BACH LONG VI (Radiosonde),0-20000-0-48839,VNM,True,107.72265,20.12942,15,62,True,red,Availability issue (< 30%),2026-07-01 00:00:00+00:00,ECMWF
HA NOI,0-20000-0-48820,VNM,True,105.8,21.03333,21,62,True,orange,Availability issue (> 30%),2026-07-01 00:00:00+00:00,ECMWF
TAN SON HOA,0-20000-0-48900,VNM,True,106.66667,10.81667,23,62,True,orange,Availability issue (> 30%),2026-07-01 00:00:00+00:00,ECMWF
YEREVAN AERO,0-20001-0-37789,ARM,True,44.4997,40.2172,0,62,True,black,Not received in period,2026-07-01 00:00:00+00:00,DWD
WIEN/HOHE WARTE (11035-1),0-20001-0-11035,AUT,True,16.35639,48.24861,60,62,True,green,Complete,2026-07-01 00:00:00+00:00,ECMWF
BEAUVECHAIN,0-20000-0-06458,BEL,True,4.76333,50.74556,24,0,False,purple,More than declared in OSCAR/Surface,2026-07-01 00:00:00+00:00,ECMWF
ZADAR RS,0-20000-0-14430,HRV,True,15.34028,44.09694,0,62,True,black,Not received in period,2026-07-01 00:00:00+00:00,DWD
ZAGREB/MAKSIMIR,0-20000-0-14240,HRV,True,16.03361,45.82194,60,62,True,green,Complete,2026-07-01 00:00:00+00:00,ECMWF
PROSTEJOV,0-20000-0-11747,CZE,True,17.13472,49.4525,63,62,True,purple,More than declared in OSCAR/Surface,2026-07-01 00:00:00+00:00,ECMWF
Flyvestation Karup,0-208-0-06060,DNK,True,9.11389,56.29333,15,23,False,orange,Availability issue (> 30%),2026-07-01 00:00:00+00:00,DWD
NIMES-COURBESSAC,0-20000-0-07645,FRA,True,4.40639,43.85694,60,62,False,green,Complete,2026-07-01 00:00:00+00:00,NCEP
LINDENBERG (AEROLOGY),0-20001-0-10393,DEU,True,14.12007,52.20948,92,124,False,orange,Availability issue (> 30%),2026-07-01 00:00:00+00:00,ECMWF
Geosummit,0-208-0-04417,GRL,True,-38.45861,72.58028,0,62,True,black,Not received in period,2026-07-01 00:00:00+00:00,DWD
Mittarfik Narsarsuaq,0-208-0-04271,GRL,True,-45.41667,61.16667,56,62,True,green,Complete,2026-07-01 00:00:00+00:00,JMA
VALENTIA OBSERVATORY (3953-1),0-20001-0-03953,IRL,True,-10.24333,51.93806,65,62,True,purple,More than declared in OSCAR/Surface,2026-07-01 00:00:00+00:00,NCEP
DECIMOMANNU RDS,0-20001-0-16546,ITA,True,8.9675,39.34611,62,62,False,green,Complete,2026-07-01 00:00:00+00:00,ECMWF
PRATICA DI MARE RDS,0-20001-0-16245,ITA,True,12.45083,41.67,62,62,False,green,Complete,2026-07-01 00:00:00+00:00,ECMWF
S. PIETRO CAPOFIUME RDS,0-20000-0-16144,ITA,True,11.6225,44.65389,22,62,True,orange,Availability issue (> 30%),2026-07-01 00:00:00+00:00,DWD
TRAPANI BIRGI RDS,0-20001-0-16429,ITA,True,12.49139,37.91417,62,62,False,green,Complete,2026-07-01 00:00:00+00:00,ECMWF
UDINE/RIVOLTO RDS,0-20001-0-16045,ITA,True,13.05917,45.98056,66,62,False,purple,More than declared in OSCAR/Surface,2026-07-01 00:00:00+00:00,ECMWF
KAUNAS (26629-1),0-20001-0-26629,LTU,True,23.83583,54.88389,8,31,False,red,Availability issue (< 30%),2026-07-01 00:00:00+00:00,ECMWF
ANDOYA,0-20001-0-01010,NOR,True,16.13083,69.31528,60,62,True,green,Complete,2026-07-01 00:00:00+00:00,ECMWF
BJORNOYA (1028-1),0-20001-0-01028,NOR,True,19.00111,74.50389,62,62,False,green,Complete,2026-07-01 00:00:00+00:00,ECMWF
EKOFISK (1400-1),0-20001-0-01400,NOR,True,3.22361,56.54222,54,62,True,green,Complete,2026-07-01 00:00:00+00:00,ECMWF
JAN MAYEN (1001-1),0-20001-0-01001,NOR,True,-8.66778,70.93972,56,62,False,green,Complete,2026-07-01 00:00:00+00:00,ECMWF
NY-ALESUND II,0-20001-0-01004,NOR,True,11.92222,78.92333,30,62,True,orange,Availability issue (> 30%),2026-07-01 00:00:00+00:00,ECMWF
ORLAND III,0-20001-0-01241,NOR,True,9.6105,63.7045,55,62,True,green,Complete,2026-07-01 00:00:00+00:00,ECMWF
STAVANGER/SOLA,0-20001-0-01415,NOR,True,5.6645,58.8725,62,62,True,green,Complete,2026-07-01 00:00:00+00:00,ECMWF
LEGIONOWO,0-20000-0-12374,POL,True,20.95639,52.40778,0,62,True,black,Not received in period,2026-07-01 00:00:00+00:00,DWD
BUCURESTI BANEASA,0-20000-0-15420,ROM,True,26.07819,44.51043,26,62,True,orange,Availability issue (> 30%),2026-07-01 00:00:00+00:00,ECMWF
ARHANGEL'SK (22543-0),0-20000-0-22543,RUS,True,40.51139,64.62472,58,62,True,green,Complete,2026-07-01 00:00:00+00:00,ECMWF
ASTRAHAN' (34882-1),0-20001-0-34882,RUS,True,47.98333,46.28333,39,62,True,orange,Availability issue (> 30%),2026-07-01 00:00:00+00:00,ECMWF
KEM',0-20001-0-22522,RUS,True,34.65,64.95,56,62,True,green,Complete,2026-07-01 00:00:00+00:00,JMA
MAHACHKALA (37259-1),0-20001-0-37259,RUS,True,47.5,43.0,0,62,True,black,Not received in period,2026-07-01 00:00:00+00:00,DWD
MINERAL'NYE VODY (37055-1),0-20001-0-37055,RUS,True,43.1,44.21667,16,62,True,red,Availability issue (< 30%),2026-07-01 00:00:00+00:00,JMA
ROSTOV-NA-DONU (34731-1),0-20001-0-34731,RUS,True,39.81667,47.25,46,62,True,orange,Availability issue (> 30%),2026-07-01 00:00:00+00:00,DWD
TUAPSE (37011-1),0-20001-0-37011,RUS,True,39.03333,44.1,15,62,True,red,Availability issue (< 30%),2026-07-01 00:00:00+00:00,ECMWF
VOLGOGRAD (34467-1),0-20001-0-34467,RUS,True,44.33333,48.78333,45,62,True,orange,Availability issue (> 30%),2026-07-01 00:00:00+00:00,ECMWF
VOLOGDA (27038-0),0-20000-0-27038,RUS,True,39.92556,59.31833,59,62,True,green,Complete,2026-07-01 00:00:00+00:00,ECMWF
MADRID/BARAJAS RS,0-20001-0-08221,ESP,True,-3.57972,40.46528,57,62,True,green,Complete,2026-07-01 00:00:00+00:00,ECMWF
MALLORCA-SON BONET,0-20000-0-08302,ESP,True,2.70667,39.60583,51,62,True,green,Complete,2026-07-01 00:00:00+00:00,ECMWF
LULEA-KALLAX (2185-0),0-20000-0-02185,SWE,True,22.11444,65.54333,30,62,True,orange,Availability issue (> 30%),2026-07-01 00:00:00+00:00,ECMWF
VISBY AEROLOGISKA STATION,0-20000-0-02591,SWE,True,18.35,57.65,20,62,True,orange,Availability issue (> 30%),2026-07-01 00:00:00+00:00,DWD
"ALERT UA, NU",0-20001-0-71082,CAN,True,-62.33333,82.5,60,62,True,green,Complete,2026-07-01 00:00:00+00:00,ECMWF
"BAKER LAKE UA, NU",0-20001-0-71926,CAN,True,-96.0,64.31667,61,62,True,green,Complete,2026-07-01 00:00:00+00:00,ECMWF
"CAMBRIDGE BAY UA, NU",0-20001-0-71925,CAN,True,-105.06667,69.13333,60,62,True,green,Complete,2026-07-01 00:00:00+00:00,JMA
"CHURCHILL A UA, MAN",0-20001-0-71913,CAN,True,-94.06667,58.73333,30,62,True,orange,Availability issue (> 30%),2026-07-01 00:00:00+00:00,ECMWF
"EUREKA UA, NU",0-20001-0-71917,CAN,True,-85.93333,79.98333,61,62,True,green,Complete,2026-07-01 00:00:00+00:00,ECMWF
"FORT NELSON UA, BC",0-20001-0-71945,CAN,True,-122.6,58.83333,62,62,True,green,Complete,2026-07-01 00:00:00+00:00,ECMWF
"FORT SMITH UA, NWT",0-20001-0-71934,CAN,True,-111.92944,60.02611,58,62,True,green,Complete,2026-07-01 00:00:00+00:00,ECMWF
"GOOSE UA, NFLD",0-20001-0-71816,CAN,True,-60.36667,53.3,62,62,True,green,Complete,2026-07-01 00:00:00+00:00,ECMWF
"HALL BEACH UA, NU",0-20001-0-71081,CAN,True,-81.21667,68.76667,51,62,True,green,Complete,2026-07-01 00:00:00+00:00,DWD
"INUKJUAK UA, QUE",0-20001-0-71907,CAN,True,-78.08333,58.46667,61,62,True,green,Complete,2026-07-01 00:00:00+00:00,ECMWF
"INUVIK UA, NWT",0-20001-0-71957,CAN,True,-133.51667,68.31667,62,62,True,green,Complete,2026-07-01 00:00:00+00:00,ECMWF
"IQALUIT UA, NU",0-20001-0-71909,CAN,True,-68.55,63.75,61,62,True,green,Complete,2026-07-01 00:00:00+00:00,ECMWF
"KUUJJUAQ, UA, QUE",0-20001-0-71906,CAN,True,-68.41667,58.11667,62,62,True,green,Complete,2026-07-01 00:00:00+00:00,ECMWF
"NORMAN WELLS UA, NWT",0-20001-0-71043,CAN,True,-126.75,65.28333,62,62,True,green,Complete,2026-07-01 00:00:00+00:00,ECMWF
"PICKLE LAKE UA, ONT",0-20001-0-71845,CAN,True,-90.2,51.45,31,62,True,orange,Availability issue (> 30%),2026-07-01 00:00:00+00:00,ECMWF
"PORT HARDY UA, BC",0-20001-0-71109,CAN,True,-127.37583,50.685,62,62,True,green,Complete,2026-07-01 00:00:00+00:00,ECMWF
"PRINCE GEORGE UA, BC",0-20000-0-71908,CAN,True,-122.79,53.9,62,62,True,green,Complete,2026-07-01 00:00:00+00:00,ECMWF
"RESOLUTE UA, NU",0-20001-0-71924,CAN,True,-94.96806,74.70417,63,62,True,purple,More than declared in OSCAR/Surface,2026-07-01 00:00:00+00:00,ECMWF
"SEPT-ILES UA, QUE",0-20000-0-71811,CAN,True,-66.25,50.21667,62,62,True,green,Complete,2026-07-01 00:00:00+00:00,ECMWF
"ST JOHN'S WEST UA, NFLD",0-20000-0-71802,CAN,True,-52.78333,47.51667,60,62,True,green,Complete,2026-07-01 00:00:00+00:00,ECMWF
"STEPHENVILLE UA, NFLD",0-20001-0-71815,CAN,True,-58.56667,48.56667,62,62,True,green,Complete,2026-07-01 00:00:00+00:00,ECMWF
"STONY PLAIN UA, ALTA",0-20000-0-71119,CAN,True,-114.10833,53.5475,63,62,True,purple,More than declared in OSCAR/Surface,2026-07-01 00:00:00+00:00,ECMWF
"THE PAS UA, MAN",0-20001-0-71867,CAN,True,-101.1,53.96667,62,62,True,green,Complete,2026-07-01 00:00:00+00:00,ECMWF
"WHITEHORSE UA, YT",0-20001-0-71964,CAN,True,-135.09694,60.73278,62,62,True,green,Complete,2026-07-01 00:00:00+00:00,ECMWF
"YARMOUTH UA, NS",0-20001-0-71603,CAN,True,-66.1,43.86667,62,62,True,green,Complete,2026-07-01 00:00:00+00:00,ECMWF
"HATO AIRPORT, CURACAO (78988-1)",0-20001-0-78988,CW,True,-68.96667,12.2,46,62,True,orange,Availability issue (> 30%),2026-07-01 00:00:00+00:00,ECMWF
"AEROP. INTERNACIONAL MEXICO, D.F.",0-20000-0-76679,MEX,True,-99.1966,19.4037,60,62,False,green,Complete,2026-07-01 00:00:00+00:00,ECMWF
CANCUN,0-20000-0-76595,MEX,True,-86.85209,21.02902,43,6,False,purple,More than declared in OSCAR/Surface,2026-07-01 00:00:00+00:00,ECMWF
COROZAL OESTE,0-20000-0-78807,PAN,True,-79.56667,8.96667,22,62,True,orange,Availability issue (> 30%),2026-07-01 00:00:00+00:00,ECMWF
"ABERDEEN/REG., SD.",0-20000-0-72659,USA,True,-98.41333,45.45556,58,62,True,green,Complete,2026-07-01 00:00:00+00:00,ECMWF
"ALBANY, NY.",0-20001-0-72518,USA,True,-73.83222,42.69194,62,62,True,green,Complete,2026-07-01 00:00:00+00:00,ECMWF
"AMARILLO/INTL., TX.",0-20000-0-72363,USA,True,-101.70917,35.23306,60,62,True,green,Complete,2026-07-01 00:00:00+00:00,ECMWF
"BIRMINGHAM, AL",0-20000-0-72230,USA,True,-86.78222,33.17889,68,62,True,purple,More than declared in OSCAR/Surface,2026-07-01 00:00:00+00:00,ECMWF
"BLACKSBURG, VA.",0-20000-0-72318,USA,True,-80.41417,37.20389,62,62,True,green,Complete,2026-07-01 00:00:00+00:00,ECMWF
"CAPE KENNEDY, FL.",0-20000-0-74794,USA,True,-80.55,28.46667,90,62,True,purple,More than declared in OSCAR/Surface,2026-07-01 00:00:00+00:00,ECMWF
"CHANHASSEN, MN.",0-20000-0-72649,USA,True,-93.56472,44.84972,59,62,True,green,Complete,2026-07-01 00:00:00+00:00,JMA
"DEL RIO/INT., TX.",0-20000-0-72261,USA,True,-100.91833,29.37444,58,62,True,green,Complete,2026-07-01 00:00:00+00:00,JMA
"DENVER/STAPLETON INT., CO.",0-20000-0-72469,USA,True,-104.86944,39.7675,0,62,True,black,Not received in period,2026-07-01 00:00:00+00:00,DWD
"DODGE CITY/MUN., KS.",0-20000-0-72451,USA,True,-99.96861,37.76139,62,62,True,green,Complete,2026-07-01 00:00:00+00:00,ECMWF
"ELKO, NV.",0-20000-0-72582,USA,True,-115.74222,40.86,60,62,True,green,Complete,2026-07-01 00:00:00+00:00,DWD
"FLAGSTAFF, AZ",0-20000-0-72376,USA,True,-111.82167,35.23,62,62,True,green,Complete,2026-07-01 00:00:00+00:00,JMA
"FORT WORTH, TX.",0-20000-0-72249,USA,True,-97.29861,32.835,67,62,True,purple,More than declared in OSCAR/Surface,2026-07-01 00:00:00+00:00,ECMWF
"GAYLORD, MI.",0-20000-0-72634,USA,True,-84.71889,44.9075,63,62,True,purple,More than declared in OSCAR/Surface,2026-07-01 00:00:00+00:00,ECMWF
"GRAY, ME.",0-20000-0-74389,USA,True,-70.25722,43.8925,60,62,True,green,Complete,2026-07-01 00:00:00+00:00,ECMWF
"KODIAK, AK",0-20000-0-70350,USA,True,-152.48667,57.74306,28,62,True,orange,Availability issue (> 30%),2026-07-01 00:00:00+00:00,ECMWF
"LINCOLN, IL.",0-20000-0-74560,USA,True,-89.33833,40.15167,62,62,True,green,Complete,2026-07-01 00:00:00+00:00,ECMWF
"MIAMI, FL (72202-1)",0-20001-0-72202,USA,True,-80.38306,25.75444,57,62,True,green,Complete,2026-07-01 00:00:00+00:00,ECMWF
"NASHVILLE/OLD HICKORY, TN.",0-20001-0-72327,USA,True,-86.56167,36.24694,62,62,True,green,Complete,2026-07-01 00:00:00+00:00,ECMWF
"NEWPORT, NC.",0-20000-0-72305,USA,True,-76.87667,34.77611,57,62,True,green,Complete,2026-07-01 00:00:00+00:00,ECMWF
"NORMAN/MAX WESTHEIMER A, OK.",0-20000-0-72357,USA,True,-97.43778,35.18083,65,62,True,purple,More than declared in OSCAR/Surface,2026-07-01 00:00:00+00:00,ECMWF
"OAKLAND/METROP. OAKLAND INT., CA.",0-20000-0-72493,USA,True,-122.22361,37.74444,33,62,True,orange,Availability issue (> 30%),2026-07-01 00:00:00+00:00,ECMWF
"PEACHTREE CITY, GA.",0-20000-0-72215,USA,True,-84.56722,33.35583,63,62,True,purple,More than declared in OSCAR/Surface,2026-07-01 00:00:00+00:00,NCEP
"PITTSBURGH, PA.",0-20001-0-72520,USA,True,-80.21722,40.53167,62,62,True,green,Complete,2026-07-01 00:00:00+00:00,ECMWF
"QUAD CITY, IA.",0-20000-0-74455,USA,True,-90.58167,41.61139,62,62,True,green,Complete,2026-07-01 00:00:00+00:00,ECMWF
"RAPID CITY WFO, SD.",0-20001-0-72662,USA,True,-103.21027,44.07301,62,62,True,green,Complete,2026-07-01 00:00:00+00:00,ECMWF
"RENO, NV.",0-20000-0-72489,USA,True,-119.79667,39.56806,60,62,True,green,Complete,2026-07-01 00:00:00+00:00,ECMWF
"RIVERTON, WY.",0-20000-0-72672,USA,True,-108.47667,43.06472,61,62,True,green,Complete,2026-07-01 00:00:00+00:00,ECMWF
"SALEM/MCNARY, OR.",0-20000-0-72694,USA,True,-123.00833,44.90917,56,62,True,green,Complete,2026-07-01 00:00:00+00:00,ECMWF
"SAN DIEGO/MIRAMAR,  NAS, CA.",0-20000-0-72293,USA,True,-117.11667,32.83333,58,62,True,green,Complete,2026-07-01 00:00:00+00:00,JMA
"SANTA TERESA, NM.",0-20000-0-72364,USA,True,-106.69806,31.87278,60,62,True,green,Complete,2026-07-01 00:00:00+00:00,ECMWF
SHEMYA AFB,0-20000-0-70414,USA,True,174.1,52.71667,45,62,True,orange,Availability issue (> 30%),2026-07-01 00:00:00+00:00,NCEP
SLIDELL/MUN. LA,0-20000-0-72233,USA,True,-89.825,30.33694,65,62,True,purple,More than declared in OSCAR/Surface,2026-07-01 00:00:00+00:00,ECMWF
"SPOKANE, WA.",0-20000-0-72786,USA,True,-117.62667,47.68056,62,62,True,green,Complete,2026-07-01 00:00:00+00:00,JMA
"SPRINGFIELD/MUN., MO.",0-20000-0-72440,USA,True,-93.40139,37.23472,67,62,True,purple,More than declared in OSCAR/Surface,2026-07-01 00:00:00+00:00,ECMWF
"STERLING, VA.",0-20001-0-72403,USA,True,-77.48583,38.97667,62,62,True,green,Complete,2026-07-01 00:00:00+00:00,ECMWF
"TAMPA BAY AREA, FL.",0-20000-0-72210,USA,True,-82.40056,27.70528,66,62,True,purple,More than declared in OSCAR/Surface,2026-07-01 00:00:00+00:00,JMA
"TOPEKA/MUN., KS.",0-20000-0-72456,USA,True,-95.63056,39.07222,62,62,True,green,Complete,2026-07-01 00:00:00+00:00,ECMWF
"UPTON, NY.",0-20000-0-72501,USA,True,-72.86278,40.865,63,62,True,purple,More than declared in OSCAR/Surface,2026-07-01 00:00:00+00:00,ECMWF
"VALLEY, NE.",0-20000-0-72558,USA,True,-96.36694,41.32,58,62,True,green,Complete,2026-07-01 00:00:00+00:00,ECMWF
"VANDENBERG AFB, CA. (72393-0)",0-20000-0-72393,USA,True,-120.56667,34.75,58,62,True,green,Complete,2026-07-01 00:00:00+00:00,ECMWF
"WHITE LAKE, MI.",0-20000-0-72632,USA,True,-83.47139,42.69889,58,62,True,green,Complete,2026-07-01 00:00:00+00:00,ECMWF
"WILMINGTON, OH.",0-20000-0-72426,USA,True,-83.82167,39.42139,63,62,True,purple,More than declared in OSCAR/Surface,2026-07-01 00:00:00+00:00,ECMWF
MENDOZA AERO,0-20000-0-87418,ARG,True,-68.79631,-32.84375,1,31,False,red,Availability issue (< 30%),2026-07-01 00:00:00+00:00,DWD
CAMPO GRANDE (AERO),0-20000-0-83612,BRA,True,-54.66667,-20.46667,57,62,True,green,Complete,2026-07-01 00:00:00+00:00,ECMWF
CONFINS (AERO),0-20000-0-83566,BRA,True,-43.96667,-19.61667,48,62,True,orange,Availability issue (> 30%),2026-07-01 00:00:00+00:00,JMA
CORUMBA (AERO),0-20000-0-83554,BRA,True,-57.66667,-19.0,62,62,True,green,Complete,2026-07-01 00:00:00+00:00,ECMWF
CRUZEIRO DO SUL (AERO),0-20000-0-82705,BRA,True,-72.76667,-7.58333,29,62,True,orange,Availability issue (> 30%),2026-07-01 00:00:00+00:00,JMA
CURITIBA (AERO),0-20000-0-83840,BRA,True,-49.16667,-25.51667,59,62,True,green,Complete,2026-07-01 00:00:00+00:00,ECMWF
FLORIANOPOLIS (AERO),0-20000-0-83899,BRA,True,-48.55,-27.66667,46,62,True,orange,Availability issue (> 30%),2026-07-01 00:00:00+00:00,ECMWF
GALEAO (AERO),0-20000-0-83746,BRA,True,-43.25,-22.81667,62,62,True,green,Complete,2026-07-01 00:00:00+00:00,ECMWF
MANAUS (AERO),0-20000-0-82332,BRA,True,-59.98333,-3.15,62,62,True,green,Complete,2026-07-01 00:00:00+00:00,ECMWF
MANICORE (AERO),0-20000-0-82532,BRA,True,-61.28333,-5.81667,28,62,True,orange,Availability issue (> 30%),2026-07-01 00:00:00+00:00,ECMWF
NATAL (AERO),0-20000-0-82599,BRA,True,-35.25,-5.91667,15,62,True,red,Availability issue (< 30%),2026-07-01 00:00:00+00:00,ECMWF
PORTO VELHO (AERO),0-20000-0-82824,BRA,True,-63.91667,-8.76667,38,62,True,orange,Availability issue (> 30%),2026-07-01 00:00:00+00:00,ECMWF
SANTA MARIA (AERO),0-20000-0-83937,BRA,True,-53.7,-29.71667,60,62,True,green,Complete,2026-07-01 00:00:00+00:00,JMA
TIRIOS (AERO),0-20000-0-82026,BRA,True,-55.93,2.22,48,62,True,orange,Availability issue (> 30%),2026-07-01 00:00:00+00:00,ECMWF
URUGUAIANA (AERO),0-20000-0-83928,BRA,True,-57.03333,-29.78333,29,62,True,orange,Availability issue (> 30%),2026-07-01 00:00:00+00:00,ECMWF
TANAY,0-20000-0-98433,PHL,True,121.36927,14.58122,55,62,True,green,Complete,2026-07-01 00:00:00+00:00,ECMWF
Singapore Upper Air Observatory,0-702-0-48698,SGP,True,103.8879,1.3404,57,62,False,green,Complete,2026-07-01 00:00:00+00:00,NCEP
XUAN' EN,0-156-0-57541,CHN,True,109.47,29.99,62,62,True,green,Complete,2026-07-01 00:00:00+00:00,ECMWF
ERZURUM BOLGE,0-20000-0-17095,TUR,True,41.25444,39.90583,60,62,False,green,Complete,2026-07-01 00:00:00+00:00,DWD
AMS Tasboget/KYZYLORDA AS,0-398-0-38064,KAZ,True,65.52647,44.76878,56,62,False,green,Complete,2026-07-01 00:00:00+00:00,ECMWF
SARATOV (34170-1),0-20001-0-34172,RUS,True,46.03944,51.55667,24,62,True,orange,Availability issue (> 30%),2026-07-01 00:00:00+00:00,ECMWF
VORONEZ (34122-0),0-20000-0-34122,RUS,True,39.25,51.65,0,62,True,black,Not received in period,2026-07-01 00:00:00+00:00,DWD
BECHAR,0-20000-0-60571,DZA,True,-2.25236,31.65428,0,62,True,black,Not received in period,2026-07-01 00:00:00+00:00,DWD
DAR-EL-BEIDA,0-20000-0-60390,DZA,True,3.21662,36.68993,62,62,False,green,Complete,2026-07-01 00:00:00+00:00,ECMWF
IN-SALAH,0-20000-0-60630,DZA,True,2.51164,27.2537,0,62,True,black,Not received in period,2026-07-01 00:00:00+00:00,DWD
TINDOUF,0-20000-0-60656,DZA,True,-8.1692,27.7041,0,62,True,black,Not received in period,2026-07-01 00:00:00+00:00,DWD
COTONOU,0-20000-0-65344,BEN,True,2.38333,6.35,12,124,False,red,Availability issue (< 30%),2026-07-01 00:00:00+00:00,ECMWF
BANGUI,0-20000-0-64650,CAF,True,18.51667,4.4,0,62,True,black,Not received in period,2026-07-01 00:00:00+00:00,DWD
Ndjamena,0-20000-0-64700,TCD,True,15.03333,12.13333,0,124,False,black,Not received in period,2026-07-01 00:00:00+00:00,DWD
ABIDJAN,0-20000-0-65578,CIV,True,-3.93333,5.25,0,744,False,black,Not received in period,2026-07-01 00:00:00+00:00,DWD
ASSWAN,0-20000-0-62414,EGY,True,32.82,23.96444,10,62,True,red,Availability issue (< 30%),2026-07-01 00:00:00+00:00,ECMWF
EL ARISH,0-20000-0-62337,EGY,True,33.82891,31.08217,0,62,True,black,Not received in period,2026-07-01 00:00:00+00:00,DWD
FARAFRA,0-20000-0-62423,EGY,True,27.98917,27.05833,0,62,True,black,Not received in period,2026-07-01 00:00:00+00:00,DWD
HELWAN,0-20000-0-62378,EGY,True,31.34917,29.86278,20,62,True,orange,Availability issue (> 30%),2026-07-01 00:00:00+00:00,ECMWF
MERSA MATRUH,0-20000-0-62306,EGY,True,27.22167,31.32528,0,62,True,black,Not received in period,2026-07-01 00:00:00+00:00,DWD
SOUTH OF VALLEY UNIVERSITY,0-20000-0-62403,EGY,True,32.74667,26.20028,0,62,True,black,Not received in period,2026-07-01 00:00:00+00:00,DWD
ASMARA,0-20000-0-63021,ERI,True,38.91667,15.28333,0,62,True,black,Not received in period,2026-07-01 00:00:00+00:00,DWD
PORT-AUX-FRANCAIS (ILES KERGUELEN),0-20000-0-61998,FRA,True,70.24333,-49.35222,30,0,False,purple,More than declared in OSCAR/Surface,2026-07-01 00:00:00+00:00,NCEP
SAINT-DENIS/GILLOT (REUNION),0-20000-0-61980,FRA,True,55.52861,-20.8925,25,38,False,orange,Availability issue (> 30%),2026-07-01 00:00:00+00:00,ECMWF
LIBREVILLE,0-20000-0-64500,GAB,True,9.41667,0.45,0,62,False,black,Not received in period,2026-07-01 00:00:00+00:00,DWD
TAMALE,0-20000-0-65418,GHA,True,-0.85,9.55,0,62,True,black,Not received in period,2026-07-01 00:00:00+00:00,DWD
BENINA,0-20000-0-62053,LBY,True,20.26667,32.1,0,248,False,black,Not received in period,2026-07-01 00:00:00+00:00,DWD
SEBHA,0-20000-0-62124,LBY,True,14.45,27.01667,0,248,False,black,Not received in period,2026-07-01 00:00:00+00:00,DWD
LILONGWE INT'L AIRPORT,0-20000-0-67586,MWI,True,33.76667,-13.78333,0,62,True,black,Not received in period,2026-07-01 00:00:00+00:00,DWD
BAMAKO/SENOU,0-20000-0-61291,MLI,True,-7.95,12.53333,0,744,False,black,Not received in period,2026-07-01 00:00:00+00:00,DWD
Casablanca,0-20000-0-60155,MAR,True,-7.66667,33.56667,25,31,False,green,Complete,2026-07-01 00:00:00+00:00,ECMWF
Dakhla,0-20000-0-60096,MAR,True,-15.93083,23.71111,9,31,False,red,Availability issue (< 30%),2026-07-01 00:00:00+00:00,ECMWF
Windhoek,0-516-0-68110,NAM,True,17.1,-22.56667,0,62,False,black,Not received in period,2026-07-01 00:00:00+00:00,DWD
DUTSE,0-566-0-65048,NGA,True,9.29907,11.65099,0,248,False,black,Not received in period,2026-07-01 00:00:00+00:00,DWD
DAKAR-DIASS-AIBD,0-686-0-61660,SEN,True,-17.06735,14.67085,0,62,True,black,Not received in period,2026-07-01 00:00:00+00:00,DWD
BLOEMFONTEIN AIRPORT,0-20000-0-68442,ZAF,True,26.2981,-29.1039,0,31,False,black,Not received in period,2026-07-01 00:00:00+00:00,DWD
KING SHAKA INT'L AIRPORT,0-20000-0-68592,ZAF,True,31.1239,-29.6018,62,62,False,green,Complete,2026-07-01 00:00:00+00:00,ECMWF
MARION ISLAND,0-20000-0-68994,ZAF,True,37.8587,-46.8767,0,62,False,black,Not received in period,2026-07-01 00:00:00+00:00,DWD
SPRINGBOK,0-20000-0-68512,ZAF,True,17.8788,-29.6694,0,62,False,black,Not received in period,2026-07-01 00:00:00+00:00,DWD
UPINGTON,0-20000-0-68424,ZAF,True,21.2641,-28.4111,21,31,False,orange,Availability issue (> 30%),2026-07-01 00:00:00+00:00,ECMWF
DONGOLA,0-20000-0-62650,SDN,True,30.48333,19.16667,0,62,True,black,Not received in period,2026-07-01 00:00:00+00:00,DWD
EL FASHER,0-20000-0-62760,SDN,True,25.33333,13.61667,0,62,True,black,Not received in period,2026-07-01 00:00:00+00:00,DWD
TUNIS-CARTHAGE,0-20000-0-60715,TUN,True,10.2147,36.8507,23,62,False,orange,Availability issue (> 30%),2026-07-01 00:00:00+00:00,ECMWF
DIEGO GARCIA (61967-0),0-20000-0-61967,GBR,True,72.4,-7.3,0,62,True,black,Not received in period,2026-07-01 00:00:00+00:00,DWD
BASE MARAMBIO,0-20000-0-89055,ARG,True,-56.62503,-64.24141,0,62,True,black,Not received in period,2026-07-01 00:00:00+00:00,DWD
PRINCESS ELISABETH/UTSTEINEN,0-20000-0-89526,BEL,True,23.34694,-71.95028,0,62,True,black,Not received in period,2026-07-01 00:00:00+00:00,DWD
CONCORDIA,0-20000-0-89625,ITA,True,123.41194,-75.10167,9,62,True,red,Availability issue (< 30%),2026-07-01 00:00:00+00:00,DWD
MARIO ZUCHELLI STATION (BAIA TERRA NOVA),0-20000-0-89662,ITA,True,164.09222,-74.69583,0,62,True,black,Not received in period,2026-07-01 00:00:00+00:00,DWD
SYOWA,0-20000-0-89532,JPN,True,39.58111,-69.00528,54,62,False,green,Complete,2026-07-01 00:00:00+00:00,ECMWF
JANG BOGO,0-20000-0-89859,KOR,True,164.22806,-74.62222,2,62,True,red,Availability issue (< 30%),2026-07-01 00:00:00+00:00,DWD
AMUNDSEN-SCOTT,0-20000-0-89009,USA,True,0.0,-89.99999,5,62,True,red,Availability issue (< 30%),2026-07-01 00:00:00+00:00,ECMWF
MCMURDO,0-20000-0-89664,USA,True,166.66667,-77.85,26,62,True,orange,Availability issue (> 30%),2026-07-01 00:00:00+00:00,ECMWF
HERAT,0-20000-0-40938,AFG,True,62.21667,34.21667,0,62,True,black,Not received in period,2026-07-01 00:00:00+00:00,DWD
KABUL AIRPORT,0-20000-0-40948,AFG,True,69.21667,34.55,0,62,True,black,Not received in period,2026-07-01 00:00:00+00:00,DWD
KANDAHAR AIRPORT,0-20000-0-40990,AFG,True,65.85,31.5,0,62,True,black,Not received in period,2026-07-01 00:00:00+00:00,DWD
BOGRA,0-20000-0-41883,BGD,True,89.36667,24.85,4,62,True,red,Availability issue (< 30%),2026-07-01 00:00:00+00:00,ECMWF
DHAKA,0-20000-0-41923,BGD,True,90.38333,23.76667,30,62,True,orange,Availability issue (> 30%),2026-07-01 00:00:00+00:00,ECMWF
ALTAY,0-20000-0-51076,CHN,True,88.08333,47.73333,62,62,False,green,Complete,2026-07-01 00:00:00+00:00,ECMWF
BAISE,0-20000-0-59211,CHN,True,106.6,23.9,60,62,False,green,Complete,2026-07-01 00:00:00+00:00,ECMWF
BEIJING,0-20000-0-54511,CHN,True,116.28333,39.93333,62,62,False,green,Complete,2026-07-01 00:00:00+00:00,ECMWF
CHANGCHUN,0-20000-0-54161,CHN,True,125.21667,43.9,62,62,False,green,Complete,2026-07-01 00:00:00+00:00,ECMWF
CHANGSHA (57687-0),0-20000-0-57687,CHN,True,112.78333,28.11667,62,62,True,green,Complete,2026-07-01 00:00:00+00:00,ECMWF
DALIAN,0-20000-0-54662,CHN,True,121.63333,38.9,62,62,False,green,Complete,2026-07-01 00:00:00+00:00,ECMWF
DUNHUANG,0-20000-0-52418,CHN,True,94.68333,40.15,62,62,False,green,Complete,2026-07-01 00:00:00+00:00,ECMWF
EJIN QI,0-20000-0-52267,CHN,True,101.06667,41.95,62,62,False,green,Complete,2026-07-01 00:00:00+00:00,ECMWF
FUZHOU,0-20000-0-58847,CHN,True,119.28333,26.08333,60,62,False,green,Complete,2026-07-01 00:00:00+00:00,ECMWF
HAIKOU,0-20000-0-59758,CHN,True,110.25,20.0,60,62,False,green,Complete,2026-07-01 00:00:00+00:00,ECMWF
HAMI,0-20000-0-52203,CHN,True,93.51667,42.81667,62,62,False,green,Complete,2026-07-01 00:00:00+00:00,ECMWF
HANZHONG,0-20000-0-57127,CHN,True,107.03333,33.06667,62,62,False,green,Complete,2026-07-01 00:00:00+00:00,ECMWF
HOHHOT,0-20000-0-53463,CHN,True,111.56667,40.85,58,62,False,green,Complete,2026-07-01 00:00:00+00:00,ECMWF
HOTAN,0-20000-0-51828,CHN,True,79.93333,37.13333,56,62,False,green,Complete,2026-07-01 00:00:00+00:00,NCEP
JINGHE (57131-0),0-20000-0-57131,CHN,True,108.96667,34.43333,60,62,False,green,Complete,2026-07-01 00:00:00+00:00,ECMWF
JIUQUAN,0-20000-0-52533,CHN,True,98.48333,39.76667,62,62,False,green,Complete,2026-07-01 00:00:00+00:00,ECMWF
KASHI,0-20000-0-51709,CHN,True,75.75,39.48333,60,62,False,green,Complete,2026-07-01 00:00:00+00:00,ECMWF
KUQA,0-20000-0-51644,CHN,True,82.95,41.71667,60,62,False,green,Complete,2026-07-01 00:00:00+00:00,DWD
LHASA,0-20000-0-55591,CHN,True,91.13333,29.66667,55,62,False,green,Complete,2026-07-01 00:00:00+00:00,ECMWF
MAZONG SHAN,0-20000-0-52323,CHN,True,97.03333,41.8,57,62,False,green,Complete,2026-07-01 00:00:00+00:00,ECMWF
MENGZI,0-20000-0-56985,CHN,True,103.32778,23.44444,54,62,False,green,Complete,2026-07-01 00:00:00+00:00,ECMWF
MINQIN,0-20000-0-52681,CHN,True,103.08333,38.63333,58,62,False,green,Complete,2026-07-01 00:00:00+00:00,ECMWF
NANCHANG,0-20000-0-58606,CHN,True,115.91667,28.6,58,62,False,green,Complete,2026-07-01 00:00:00+00:00,ECMWF
NANJING,0-20000-0-58238,CHN,True,118.9,31.93333,58,62,False,green,Complete,2026-07-01 00:00:00+00:00,ECMWF
NANNING,0-20000-0-59431,CHN,True,108.55,22.78333,56,62,False,green,Complete,2026-07-01 00:00:00+00:00,ECMWF
QINGDAO,0-20000-0-54857,CHN,True,120.33333,36.06667,60,62,False,green,Complete,2026-07-01 00:00:00+00:00,ECMWF
QU XIAN,0-20000-0-58633,CHN,True,118.86667,28.96667,60,62,False,green,Complete,2026-07-01 00:00:00+00:00,ECMWF
RUOQIANG,0-20000-0-51777,CHN,True,88.16667,39.03333,62,62,False,green,Complete,2026-07-01 00:00:00+00:00,ECMWF
SHANGHAI (BAOSHAN),0-20000-0-58362,CHN,True,121.45,31.41667,56,62,False,green,Complete,2026-07-01 00:00:00+00:00,DWD
SIMAO,0-20000-0-56964,CHN,True,100.99111,22.81611,62,62,False,green,Complete,2026-07-01 00:00:00+00:00,ECMWF
TENGCHONG,0-20000-0-56739,CHN,True,98.50556,24.98444,56,62,False,green,Complete,2026-07-01 00:00:00+00:00,ECMWF
WUHAN,0-20000-0-57494,CHN,True,114.05,30.6,62,62,False,green,Complete,2026-07-01 00:00:00+00:00,ECMWF
XICHANG,0-20000-0-56571,CHN,True,102.26667,27.9,58,62,False,green,Complete,2026-07-01 00:00:00+00:00,ECMWF
XILIN HOT,0-20000-0-54102,CHN,True,116.11667,43.95,62,62,False,green,Complete,2026-07-01 00:00:00+00:00,ECMWF
XISHA DAO,0-20000-0-59981,CHN,True,112.33333,16.83333,54,62,False,green,Complete,2026-07-01 00:00:00+00:00,ECMWF
YANJI,0-20000-0-54292,CHN,True,129.5,42.86667,62,62,False,green,Complete,2026-07-01 00:00:00+00:00,ECMWF
YICHANG,0-20000-0-57461,CHN,True,111.36667,30.73333,58,62,False,green,Complete,2026-07-01 00:00:00+00:00,ECMWF
YINING,0-20000-0-51431,CHN,True,81.33333,43.95,62,62,False,green,Complete,2026-07-01 00:00:00+00:00,ECMWF
YU ZHONG,0-20000-0-52983,CHN,True,104.15,35.86667,62,62,False,green,Complete,2026-07-01 00:00:00+00:00,ECMWF
ZHENGZHOU,0-20000-0-57083,CHN,True,113.65,34.71667,62,62,False,green,Complete,2026-07-01 00:00:00+00:00,ECMWF
KOWLOON (45004-0),0-20000-0-45004,HKG,True,114.17278,22.31194,78,62,False,purple,More than declared in OSCAR/Surface,2026-07-01 00:00:00+00:00,ECMWF
AHMADABAD,0-20000-0-42647,IND,True,72.63333,23.06667,15,62,True,red,Availability issue (< 30%),2026-07-01 00:00:00+00:00,ECMWF
BENGALURU,0-20000-0-43295,IND,True,77.58333,12.96667,23,62,True,orange,Availability issue (> 30%),2026-07-01 00:00:00+00:00,ECMWF
BHUBANESHWAR,0-20000-0-42971,IND,True,85.83333,20.25,50,62,True,green,Complete,2026-07-01 00:00:00+00:00,ECMWF
CHENNAI/MINAMBAKKAM,0-20000-0-43279,IND,True,80.18333,13.0,49,62,True,orange,Availability issue (> 30%),2026-07-01 00:00:00+00:00,ECMWF
DIBRUGARH /MOHANBARI,0-20000-0-42314,IND,True,95.01667,27.48333,17,62,True,red,Availability issue (< 30%),2026-07-01 00:00:00+00:00,ECMWF
GOA/PANJIM,0-20000-0-43192,IND,True,73.8167,15.4833,12,62,True,red,Availability issue (< 30%),2026-07-01 00:00:00+00:00,ECMWF
GUWAHATI,0-20000-0-42410,IND,True,91.58333,26.1,48,62,True,orange,Availability issue (> 30%),2026-07-01 00:00:00+00:00,ECMWF
HYDERABAD AIRPORT,0-20000-0-43128,IND,True,78.46667,17.45,39,62,True,orange,Availability issue (> 30%),2026-07-01 00:00:00+00:00,NCEP
JAGDALPUR,0-20000-0-43041,IND,True,82.03333,19.08333,30,62,True,orange,Availability issue (> 30%),2026-07-01 00:00:00+00:00,ECMWF
JODHPUR,0-20000-0-42339,IND,True,73.01667,26.3,44,62,True,orange,Availability issue (> 30%),2026-07-01 00:00:00+00:00,ECMWF
MACHILIPATNAM/FRANCHPET,0-20000-0-43185,IND,True,81.15,16.2,26,62,True,orange,Availability issue (> 30%),2026-07-01 00:00:00+00:00,DWD
NAGPUR SONEGAON,0-20000-0-42867,IND,True,79.05,21.1,14,62,True,red,Availability issue (< 30%),2026-07-01 00:00:00+00:00,ECMWF
NEW DELHI/SAFDARJUNG,0-20000-0-42182,IND,True,77.2,28.58333,58,62,True,green,Complete,2026-07-01 00:00:00+00:00,DWD
PORT BLAIR,0-20000-0-43333,IND,True,92.71667,11.66667,0,62,True,black,Not received in period,2026-07-01 00:00:00+00:00,DWD
SRINAGAR (42027-0),0-20000-0-42027,IND,True,74.83333,34.08333,51,62,True,green,Complete,2026-07-01 00:00:00+00:00,ECMWF
THIRUVANANTHAPURAM (43371-0),0-20000-0-43371,IND,True,76.95,8.48333,48,62,True,orange,Availability issue (> 30%),2026-07-01 00:00:00+00:00,ECMWF
VISHAKHAPATNAM/WALTAIR,0-20000-0-43150,IND,True,83.3,17.68333,47,62,True,orange,Availability issue (> 30%),2026-07-01 00:00:00+00:00,JMA
ESFAHAN,0-20000-0-40800,IRN,True,51.7061,32.5175,24,62,True,orange,Availability issue (> 30%),2026-07-01 00:00:00+00:00,ECMWF
KERMAN,0-20000-0-40841,IRN,True,56.96667,30.25,31,62,True,orange,Availability issue (> 30%),2026-07-01 00:00:00+00:00,ECMWF
KERMANSHAH,0-20000-0-40766,IRN,True,47.1533,34.3522,0,62,True,black,Not received in period,2026-07-01 00:00:00+00:00,DWD
MASHHAD,0-20000-0-40745,IRN,True,59.6311,36.2363,0,62,True,black,Not received in period,2026-07-01 00:00:00+00:00,DWD
SHIRAZ,0-20000-0-40848,IRN,True,52.6025,29.5613,22,62,True,orange,Availability issue (> 30%),2026-07-01 00:00:00+00:00,ECMWF
TABRIZ,0-20000-0-40706,IRN,True,46.2425,38.1222,0,62,True,black,Not received in period,2026-07-01 00:00:00+00:00,DWD
TEHRAN-MEHRABAD,0-20000-0-40754,IRN,True,51.3094,35.6933,0,62,True,black,Not received in period,2026-07-01 00:00:00+00:00,DWD
ZAHEDAN,0-20000-0-40856,IRN,True,60.9002,29.4722,0,62,False,black,Not received in period,2026-07-01 00:00:00+00:00,DWD
CHICHIJIMA,0-20000-0-47971,JPN,True,142.19139,27.09222,48,62,True,orange,Availability issue (> 30%),2026-07-01 00:00:00+00:00,ECMWF
FUKUOKA,0-20000-0-47807,JPN,True,130.37639,33.58222,50,62,False,green,Complete,2026-07-01 00:00:00+00:00,NCEP
HACHIJOJIMA,0-20000-0-47678,JPN,True,139.77917,33.12167,64,62,True,purple,More than declared in OSCAR/Surface,2026-07-01 00:00:00+00:00,NCEP
ISHIGAKIJIMA,0-20000-0-47918,JPN,True,124.16444,24.33667,54,62,True,green,Complete,2026-07-01 00:00:00+00:00,NCEP
KAGOSHIMA,0-20000-0-47827,JPN,True,130.54806,31.555,64,62,False,purple,More than declared in OSCAR/Surface,2026-07-01 00:00:00+00:00,NCEP
MATSUE,0-20000-0-47741,JPN,True,133.06556,35.45722,34,62,False,orange,Availability issue (> 30%),2026-07-01 00:00:00+00:00,NCEP
MINAMIDAITOJIMA,0-20000-0-47945,JPN,True,131.22861,25.82889,58,62,False,green,Complete,2026-07-01 00:00:00+00:00,NCEP
MINAMITORISHIMA,0-20000-0-47991,JPN,True,153.98333,24.28833,42,62,True,orange,Availability issue (> 30%),2026-07-01 00:00:00+00:00,ECMWF
SAPPORO,0-20000-0-47412,JPN,True,141.32861,43.06,63,62,False,purple,More than declared in OSCAR/Surface,2026-07-01 00:00:00+00:00,NCEP
WAJIMA,0-20000-0-47600,JPN,True,136.89528,37.39139,58,62,False,green,Complete,2026-07-01 00:00:00+00:00,ECMWF
WAKKANAI,0-20000-0-47401,JPN,True,141.67861,45.41528,62,62,False,green,Complete,2026-07-01 00:00:00+00:00,ECMWF
Aktobe AS,0-398-0-35229,KAZ,True,57.22274,50.25865,47,62,False,orange,Availability issue (> 30%),2026-07-01 00:00:00+00:00,ECMWF
Kostanai AS,0-398-0-28951,KAZ,True,63.61044,53.29928,58,62,False,green,Complete,2026-07-01 00:00:00+00:00,ECMWF
Pavlodar AS,0-398-0-36003,KAZ,True,77.07157,52.20115,42,62,False,orange,Availability issue (> 30%),2026-07-01 00:00:00+00:00,ECMWF
Taraz AS,0-398-0-38341,KAZ,True,71.29341,42.86818,62,62,False,green,Complete,2026-07-01 00:00:00+00:00,ECMWF
Zhezkazgan AS,0-398-0-35671,KAZ,True,67.68926,47.77314,60,62,False,green,Complete,2026-07-01 00:00:00+00:00,ECMWF
BISHKEK,0-20000-0-38353,KGZ,True,74.53333,42.85,0,62,True,black,Not received in period,2026-07-01 00:00:00+00:00,DWD
ARVAIHEER,0-20000-0-44288,MNG,True,102.789,46.2591,29,62,True,orange,Availability issue (> 30%),2026-07-01 00:00:00+00:00,ECMWF
Bayan-Uul,0-496-0-44221,MNG,True,96.3633,49.7005,0,62,True,black,Not received in period,2026-07-01 00:00:00+00:00,DWD
Binder,0-496-0-44257,MNG,True,110.599,48.6161,0,62,True,black,Not received in period,2026-07-01 00:00:00+00:00,DWD
Bogd,0-496-0-44338,MNG,True,102.1755,44.6741,0,62,True,black,Not received in period,2026-07-01 00:00:00+00:00,DWD
Buyant-Ukhaa,0-496-0-44291,MNG,True,106.7546,47.848,0,62,True,black,Not received in period,2026-07-01 00:00:00+00:00,DWD
CHOIBALSAN,0-20000-0-44259,MNG,True,114.50882,48.11699,0,62,True,black,Not received in period,2026-07-01 00:00:00+00:00,DWD
DALANZADGAD,0-20000-0-44373,MNG,True,104.4181,43.5772,0,62,True,black,Not received in period,2026-07-01 00:00:00+00:00,DWD
Dadal,0-496-0-44254,MNG,True,111.6117,49.0222,0,62,True,black,Not received in period,2026-07-01 00:00:00+00:00,DWD
Duchinjil,0-496-0-44263,MNG,True,91.0816,46.9299,0,62,True,black,Not received in period,2026-07-01 00:00:00+00:00,DWD
Erdenesant,0-496-0-44286,MNG,True,104.4918,47.3515,0,62,True,black,Not received in period,2026-07-01 00:00:00+00:00,DWD
Erdenet,0-496-0-44236,MNG,True,104.0867,49.0371,0,62,True,black,Not received in period,2026-07-01 00:00:00+00:00,DWD
Gurvantes,0-496-0-44374,MNG,True,101.0736,43.3864,0,62,True,black,Not received in period,2026-07-01 00:00:00+00:00,DWD
Jinst,0-496-0-44329,MNG,True,99.1055,44.5156,0,62,True,black,Not received in period,2026-07-01 00:00:00+00:00,DWD
Khanbogd,0-496-0-44385,MNG,True,107.1935,43.1957,0,62,True,black,Not received in period,2026-07-01 00:00:00+00:00,DWD
Khuvsgul,0-496-0-44386,MNG,True,109.6362,43.6045,0,62,True,black,Not received in period,2026-07-01 00:00:00+00:00,DWD
Mandakh,0-496-0-44348,MNG,True,108.2493,44.4014,0,62,True,black,Not received in period,2026-07-01 00:00:00+00:00,DWD
Nogoonnuur,0-496-0-44210,MNG,True,90.2433,49.6153,0,62,True,black,Not received in period,2026-07-01 00:00:00+00:00,DWD
Orkhon,0-496-0-44242,MNG,True,105.4021,49.1436,0,62,True,black,Not received in period,2026-07-01 00:00:00+00:00,DWD
Tariat,0-496-0-44229,MNG,True,99.8767,48.1568,0,62,True,black,Not received in period,2026-07-01 00:00:00+00:00,DWD
Tonkhil,0-496-0-44266,MNG,True,93.9018,46.3128,0,62,True,black,Not received in period,2026-07-01 00:00:00+00:00,DWD
Tooroi,0-496-0-44325,MNG,True,96.7533,44.924,0,62,True,black,Not received in period,2026-07-01 00:00:00+00:00,DWD
Tsetsen-Uul,0-496-0-44224,MNG,True,96.0043,48.748,0,62,True,black,Not received in period,2026-07-01 00:00:00+00:00,DWD
ULAANBAATAR,0-20000-0-44292,MNG,True,106.8479,47.9184,60,62,True,green,Complete,2026-07-01 00:00:00+00:00,ECMWF
ULAANGOM,0-20000-0-44212,MNG,True,92.0778,49.9714,31,62,True,orange,Availability issue (> 30%),2026-07-01 00:00:00+00:00,ECMWF
Yeruu,0-496-0-44243,MNG,True,106.6611,49.7492,0,62,True,black,Not received in period,2026-07-01 00:00:00+00:00,DWD
MUSCAT INT'L AIRPORT,0-20000-0-41256,OMN,True,58.26146,23.60867,25,62,True,orange,Availability issue (> 30%),2026-07-01 00:00:00+00:00,ECMWF
SALALAH AIRPORT,0-20000-0-41316,OMN,True,54.07368,17.03464,28,62,True,orange,Availability issue (> 30%),2026-07-01 00:00:00+00:00,ECMWF
JIWANI,0-20000-0-41756,PAK,True,61.8,25.06667,0,62,True,black,Not received in period,2026-07-01 00:00:00+00:00,DWD
KARACHI AIRPORT,0-20000-0-41780,PAK,True,67.13333,24.9,0,62,True,black,Not received in period,2026-07-01 00:00:00+00:00,DWD
LAHORE CITY,0-20000-0-41640,PAK,True,74.33333,31.55,0,62,True,black,Not received in period,2026-07-01 00:00:00+00:00,DWD
MULTAN,0-20000-0-41675,PAK,True,71.43333,30.2,0,62,True,black,Not received in period,2026-07-01 00:00:00+00:00,DWD
SARGODHA (41594-0),0-20000-0-41594,PAK,True,72.66667,32.05,0,62,True,black,Not received in period,2026-07-01 00:00:00+00:00,DWD
ALDAN,0-20000-0-31004,RUS,True,125.36667,58.61667,56,62,True,green,Complete,2026-07-01 00:00:00+00:00,JMA
ALEKSANDROVSKOE,0-20000-0-23955,RUS,True,77.86667,60.43333,30,62,True,orange,Availability issue (> 30%),2026-07-01 00:00:00+00:00,ECMWF
BOGUCANY,0-20000-0-29282,RUS,True,97.45,58.38333,55,62,True,green,Complete,2026-07-01 00:00:00+00:00,ECMWF
BOR,0-20000-0-23884,RUS,True,90.03056,61.58056,52,62,True,green,Complete,2026-07-01 00:00:00+00:00,JMA
BORZYA,0-20000-0-30965,RUS,True,116.51667,50.4,11,62,True,red,Availability issue (< 30%),2026-07-01 00:00:00+00:00,DWD
BRATSK,0-20000-0-30309,RUS,True,101.75,56.28333,50,62,True,green,Complete,2026-07-01 00:00:00+00:00,ECMWF
CHITA,0-20000-0-30758,RUS,True,113.48333,52.08333,10,62,True,red,Availability issue (< 30%),2026-07-01 00:00:00+00:00,DWD
GMO IM.E.K. FEDOROVA,0-20000-0-20292,RUS,True,104.29194,77.71306,32,62,True,orange,Availability issue (> 30%),2026-07-01 00:00:00+00:00,JMA
JAKUTSK,0-20000-0-24959,RUS,True,129.71667,62.01667,50,62,True,green,Complete,2026-07-01 00:00:00+00:00,ECMWF
KIRENSK,0-20000-0-30230,RUS,True,108.06667,57.76667,0,62,True,black,Not received in period,2026-07-01 00:00:00+00:00,DWD
KYZYL,0-20000-0-36096,RUS,True,94.5,51.71667,50,62,True,green,Complete,2026-07-01 00:00:00+00:00,ECMWF
MOGOCHA,0-20000-0-30673,RUS,True,119.73333,53.75,20,62,True,orange,Availability issue (> 30%),2026-07-01 00:00:00+00:00,ECMWF
OSTROV KOTEL'NYJ,0-20000-0-21432,RUS,True,137.86667,76.0,50,62,True,green,Complete,2026-07-01 00:00:00+00:00,ECMWF
VANAVARA,0-20000-0-24908,RUS,True,102.29444,60.33611,46,62,True,orange,Availability issue (> 30%),2026-07-01 00:00:00+00:00,ECMWF
VITIM,0-20000-0-30054,RUS,True,112.58333,59.45,25,62,True,orange,Availability issue (> 30%),2026-07-01 00:00:00+00:00,ECMWF
ZHIGANSK,0-20000-0-24343,RUS,True,123.4,66.76667,34,62,True,orange,Availability issue (> 30%),2026-07-01 00:00:00+00:00,ECMWF
KHOROG,0-20000-0-38954,TJK,True,71.5,37.5,0,62,True,black,Not received in period,2026-07-01 00:00:00+00:00,DWD
TASHKENT,0-20000-0-38457,UZB,True,69.3,41.33333,0,62,True,black,Not received in period,2026-07-01 00:00:00+00:00,DWD
DA NANG,0-20000-0-48855,VNM,True,108.35,16.06667,23,62,True,orange,Availability issue (> 30%),2026-07-01 00:00:00+00:00,ECMWF
ADEN,0-20000-0-41480,YEM,True,45.03333,12.83333,0,62,True,black,Not received in period,2026-07-01 00:00:00+00:00,DWD
GRAZ-THALERHOF-FLUGHAFEN,0-20000-0-11240,AUT,True,15.44,46.98056,25,62,True,orange,Availability issue (> 30%),2026-07-01 00:00:00+00:00,ECMWF
INNSBRUCK-FLUGHAFEN,0-20000-0-11120,AUT,True,11.34389,47.26028,30,62,False,orange,Availability issue (> 30%),2026-07-01 00:00:00+00:00,JMA
LINZ/HOERSCHING-FLUGHAFEN,0-20000-0-11010,AUT,True,14.18806,48.23528,31,62,True,orange,Availability issue (> 30%),2026-07-01 00:00:00+00:00,ECMWF
LANKARAN,0-20000-0-37985,AZE,True,48.83333,38.73333,0,62,True,black,Not received in period,2026-07-01 00:00:00+00:00,DWD
MASHTAGA,0-20000-0-37860,AZE,True,50.0,40.53333,1,62,True,red,Availability issue (< 30%),2026-07-01 00:00:00+00:00,DWD
Torshavn,0-208-0-06011,DNK,True,-6.76472,62.02306,29,62,True,orange,Availability issue (> 30%),2026-07-01 00:00:00+00:00,ECMWF
TALLINN-HARKU,0-20000-0-26038,EST,True,24.6028,59.3981,19,62,True,orange,Availability issue (> 30%),2026-07-01 00:00:00+00:00,ECMWF
JOKIOINEN OBSERVATORY,0-20000-0-02963,FIN,True,23.49825,60.81397,3,93,False,red,Availability issue (< 30%),2026-07-01 00:00:00+00:00,DWD
SODANKYLA ARCTIC RESEARCH CENTRE,0-20000-0-02836,FIN,True,26.62901,67.36663,0,62,False,black,Not received in period,2026-07-01 00:00:00+00:00,DWD
ATHINAI HELLINIKON,0-20000-0-16716,GRC,True,23.74167,37.88972,1,0,False,purple,More than declared in OSCAR/Surface,2026-07-01 00:00:00+00:00,DWD
HERAKLEION (AIRPORT),0-20000-0-16754,GRC,True,25.18194,35.33528,22,31,False,orange,Availability issue (> 30%),2026-07-01 00:00:00+00:00,ECMWF
THESSALONIKI (AIRPORT),0-20000-0-16622,GRC,True,22.9703,40.529,0,31,False,black,Not received in period,2026-07-01 00:00:00+00:00,DWD
Aasiaat,0-208-0-04220,GRL,True,-52.85167,68.70806,60,62,True,green,Complete,2026-07-01 00:00:00+00:00,ECMWF
Danmarkshavn,0-208-0-04320,GRL,True,-18.66806,76.76944,62,62,True,green,Complete,2026-07-01 00:00:00+00:00,ECMWF
Ittoqqortoormiit,0-208-0-04339,GRL,True,-21.95111,70.48444,55,62,True,green,Complete,2026-07-01 00:00:00+00:00,ECMWF
MAFRAQ,0-20000-0-40265,JOR,True,36.25,32.36667,0,248,False,black,Not received in period,2026-07-01 00:00:00+00:00,DWD
BEYROUTH (AEROPORT),0-20000-0-40100,LBN,True,35.48333,33.81667,0,62,True,black,Not received in period,2026-07-01 00:00:00+00:00,DWD
CHISINAU,0-20000-0-33815,MDA,True,28.8484,46.9715,0,62,True,black,Not received in period,2026-07-01 00:00:00+00:00,DWD
LEBA,0-20000-0-12120,POL,True,17.53472,54.75361,3,62,True,red,Availability issue (< 30%),2026-07-01 00:00:00+00:00,DWD
LJUBLJANA/BEZIGRAD,0-20000-0-14015,SVN,True,14.51236,46.06551,53,62,True,green,Complete,2026-07-01 00:00:00+00:00,JMA
BENS-A CORUÑA,0-724-0-0000000000008001,ESP,True,-8.4417,43.3633,61,62,True,green,Complete,2026-07-01 00:00:00+00:00,ECMWF
HUELVA,0-20000-0-08383,ESP,True,-6.91167,37.27833,60,62,False,green,Complete,2026-07-01 00:00:00+00:00,ECMWF
LA CORUNA,0-20000-0-08001,ESP,True,-8.42139,43.36583,61,0,False,purple,More than declared in OSCAR/Surface,2026-07-01 00:00:00+00:00,JMA
MURCIA,0-20000-0-08430,ESP,True,-1.17083,38.00194,60,62,True,green,Complete,2026-07-01 00:00:00+00:00,ECMWF
SANTANDER,0-20000-0-08023,ESP,True,-3.80056,43.49111,50,62,True,green,Complete,2026-07-01 00:00:00+00:00,NCEP
"SON BONET, AEROPUERTO",0-724-0-0000000000008302,ESP,True,2.7067,39.6058,0,62,True,black,Not received in period,2026-07-01 00:00:00+00:00,DWD
DAMASCUS INT. AIRPORT,0-20000-0-40080,SYR,True,36.51667,33.41667,0,62,True,black,Not received in period,2026-07-01 00:00:00+00:00,DWD
Chernivtsi,0-20000-0-33658,UKR,True,25.97237,48.26646,0,62,True,black,Not received in period,2026-07-01 00:00:00+00:00,DWD
Kharkiv,0-20000-0-34300,UKR,True,36.28243,49.92798,0,62,True,black,Not received in period,2026-07-01 00:00:00+00:00,DWD
Kryvyi Rih,0-20000-0-33791,UKR,True,33.21114,48.05371,0,62,True,black,Not received in period,2026-07-01 00:00:00+00:00,DWD
Kyiv,0-20000-0-33345,UKR,True,30.53563,50.39179,0,62,True,black,Not received in period,2026-07-01 00:00:00+00:00,DWD
Lviv,0-20000-0-33393,UKR,True,23.96511,49.80749,0,62,True,black,Not received in period,2026-07-01 00:00:00+00:00,DWD
Odesa,0-20000-0-33837,UKR,True,30.77034,46.44075,0,62,True,black,Not received in period,2026-07-01 00:00:00+00:00,DWD
Shepetivka,0-20000-0-33317,UKR,True,27.03705,50.16141,0,62,True,black,Not received in period,2026-07-01 00:00:00+00:00,DWD
Uzhhorod,0-20000-0-33631,UKR,True,22.26123,48.63327,0,62,True,black,Not received in period,2026-07-01 00:00:00+00:00,DWD
SABLE ISLAND,0-20000-0-71600,CAN,True,-60.0,43.91667,0,62,True,black,Not received in period,2026-07-01 00:00:00+00:00,DWD
SANTO DOMINGO (78486-0),0-20000-0-78486,DOM,True,-69.8705,18.4734,62,62,True,green,Complete,2026-07-01 00:00:00+00:00,ECMWF
LE RAIZET AERO,0-20000-0-78897,FRA,True,-61.51639,16.26389,60,55,False,purple,More than declared in OSCAR/Surface,2026-07-01 00:00:00+00:00,ECMWF
KINGSTON/NORMAN MANLEY,0-20000-0-78397,JAM,True,-76.78333,17.93333,57,62,True,green,Complete,2026-07-01 00:00:00+00:00,ECMWF
"AEROP.INTERNACIONAL MERIDA, YUC",0-20000-0-76644,MEX,True,-89.65211,20.94685,62,6,False,purple,More than declared in OSCAR/Surface,2026-07-01 00:00:00+00:00,ECMWF
"COLONIA JUAN CARRASCO MAZATLAN, SIN.",0-20000-0-76458,MEX,True,-106.41112,23.21733,59,6,False,purple,More than declared in OSCAR/Surface,2026-07-01 00:00:00+00:00,NCEP
"GUADALAJARA, JAL.",0-20000-0-76612,MEX,True,-103.39239,20.7065,60,6,False,purple,More than declared in OSCAR/Surface,2026-07-01 00:00:00+00:00,ECMWF
"HACIENDA YLANG YLANG VERACRUZ, VER.",0-20000-0-76692,MEX,True,-96.11131,19.14299,51,1655,False,red,Availability issue (< 30%),2026-07-01 00:00:00+00:00,ECMWF
"LA PAZ, BCS",0-20000-0-76405,MEX,True,-110.3206,24.12881,62,6,False,purple,More than declared in OSCAR/Surface,2026-07-01 00:00:00+00:00,ECMWF
"MANZANILLO, COL.",0-20000-0-76654,MEX,True,-104.31859,19.04447,60,6,False,purple,More than declared in OSCAR/Surface,2026-07-01 00:00:00+00:00,ECMWF
"TAPACHULA, CHIS",0-20000-0-76903,MEX,True,-92.2964,14.8872,11,31,False,orange,Availability issue (> 30%),2026-07-01 00:00:00+00:00,NCEP
"VILLAHERMOSA, TAB.",0-20000-0-76743,MEX,True,-92.92147,17.98098,58,6,False,purple,More than declared in OSCAR/Surface,2026-07-01 00:00:00+00:00,NCEP
"SAN JUAN/INT.,  PUERTO RICO",0-20000-0-78526,PRI,True,-65.99194,18.43167,62,62,True,green,Complete,2026-07-01 00:00:00+00:00,ECMWF
"ALBUQUERQUE/INT., NM.",0-20000-0-72365,USA,True,-106.62194,35.03778,60,62,True,green,Complete,2026-07-01 00:00:00+00:00,ECMWF
"ANCHORAGE/INT., AK",0-20000-0-70273,USA,True,-149.98639,61.15667,58,62,True,green,Complete,2026-07-01 00:00:00+00:00,ECMWF
"ANNETTE ISLAND, AK",0-20000-0-70398,USA,True,-131.57778,55.03889,62,62,True,green,Complete,2026-07-01 00:00:00+00:00,ECMWF
BARROW/W. POST W. ROGERS,0-20000-0-70026,USA,True,-156.78333,71.28889,122,62,True,purple,More than declared in OSCAR/Surface,2026-07-01 00:00:00+00:00,ECMWF
"BETHEL/BETHEL AIRPORT, AK",0-20000-0-70219,USA,True,-161.84,60.785,30,62,True,orange,Availability issue (> 30%),2026-07-01 00:00:00+00:00,ECMWF
"BISMARCK/MUN., ND.",0-20000-0-72764,USA,True,-100.75944,46.77167,58,62,True,green,Complete,2026-07-01 00:00:00+00:00,ECMWF
"BOISE/MUN., ID.",0-20000-0-72681,USA,True,-116.21139,43.56722,61,62,True,green,Complete,2026-07-01 00:00:00+00:00,ECMWF
"BROWNSVILLE/INT., TX",0-20000-0-72250,USA,True,-97.41917,25.91667,64,62,True,purple,More than declared in OSCAR/Surface,2026-07-01 00:00:00+00:00,ECMWF
"BUFFALO/GREATER BUFFALO INT., NY.",0-20000-0-72528,USA,True,-78.71889,42.94111,61,0,False,purple,More than declared in OSCAR/Surface,2026-07-01 00:00:00+00:00,ECMWF
"CARIBOU/MUN., ME.",0-20000-0-72712,USA,True,-68.01361,46.86833,63,0,False,purple,More than declared in OSCAR/Surface,2026-07-01 00:00:00+00:00,ECMWF
"CHARLESTON/MUN., SC.",0-20000-0-72208,USA,True,-80.0275,32.895,67,62,True,purple,More than declared in OSCAR/Surface,2026-07-01 00:00:00+00:00,ECMWF
"COLD BAY, AK",0-20000-0-70316,USA,True,-162.71639,55.20111,60,62,True,green,Complete,2026-07-01 00:00:00+00:00,JMA
"CORPUS CHRISTI/INT., TX.",0-20000-0-72251,USA,True,-97.50556,27.77889,66,62,True,purple,More than declared in OSCAR/Surface,2026-07-01 00:00:00+00:00,ECMWF
"FAIRBANKS/INT., AK",0-20000-0-70261,USA,True,-147.87667,64.81611,63,62,True,purple,More than declared in OSCAR/Surface,2026-07-01 00:00:00+00:00,ECMWF
"GLASGOW/INT., MT.",0-20000-0-72768,USA,True,-106.62556,48.20667,62,62,True,green,Complete,2026-07-01 00:00:00+00:00,ECMWF
"GRAND JUNCTION/WALKER FIELD, CO.",0-20000-0-72476,USA,True,-108.525,39.12,62,62,True,green,Complete,2026-07-01 00:00:00+00:00,NCEP
"GREAT FALLS, MT.",0-20000-0-72776,USA,True,-111.38472,47.46139,59,62,True,green,Complete,2026-07-01 00:00:00+00:00,ECMWF
"GREEN BAY/A.-STRAUBEL, WI.",0-20000-0-72645,USA,True,-88.11194,44.49861,42,62,True,orange,Availability issue (> 30%),2026-07-01 00:00:00+00:00,ECMWF
"GREENSBORO/G.-HIGH PT., NC.",0-20000-0-72317,USA,True,-79.94278,36.09806,62,0,False,purple,More than declared in OSCAR/Surface,2026-07-01 00:00:00+00:00,JMA
INT.FALLS/FALLS INT. MN.,0-20000-0-72747,USA,True,-93.3975,48.56472,61,62,True,green,Complete,2026-07-01 00:00:00+00:00,ECMWF
"JACKSON/ALLEN C. THOMPSON FIELD, MS.",0-20000-0-72235,USA,True,-90.08,32.31889,66,62,True,purple,More than declared in OSCAR/Surface,2026-07-01 00:00:00+00:00,JMA
"JACKSONVILLE/INTNL.,  FL.",0-20000-0-72206,USA,True,-81.70111,30.48389,66,62,True,purple,More than declared in OSCAR/Surface,2026-07-01 00:00:00+00:00,ECMWF
"KEY WEST/INT., FL",0-20000-0-72201,USA,True,-81.78861,24.55306,59,62,True,green,Complete,2026-07-01 00:00:00+00:00,JMA
"KING SALMON, AK",0-20000-0-70326,USA,True,-156.66833,58.67944,21,62,True,orange,Availability issue (> 30%),2026-07-01 00:00:00+00:00,ECMWF
"KOTZEBUE, RALPH WIEN",0-20000-0-70133,USA,True,-162.61333,66.88639,0,62,True,black,Not received in period,2026-07-01 00:00:00+00:00,DWD
"LAKE CHARLES/MUN., LA.",0-20000-0-72240,USA,True,-93.21611,30.12528,67,62,True,purple,More than declared in OSCAR/Surface,2026-07-01 00:00:00+00:00,JMA
"LITTLE ROCK/ADAMS FLD,  AR.",0-20000-0-72340,USA,True,-92.25944,34.835,47,62,True,orange,Availability issue (> 30%),2026-07-01 00:00:00+00:00,ECMWF
"MCGRATH, AK",0-20000-0-70231,USA,True,-155.59778,62.95833,60,62,True,green,Complete,2026-07-01 00:00:00+00:00,ECMWF
"MEDFORD/MEDFORD-JACKSON COUNTY, OR.",0-20000-0-72597,USA,True,-122.88222,42.37694,63,62,True,purple,More than declared in OSCAR/Surface,2026-07-01 00:00:00+00:00,ECMWF
"MIDLAND/MIDLAND REG. AIR TERM., TX.",0-20000-0-72265,USA,True,-102.18917,31.9425,59,62,True,green,Complete,2026-07-01 00:00:00+00:00,ECMWF
"NOME, AK",0-20000-0-70200,USA,True,-165.43472,64.50722,62,62,True,green,Complete,2026-07-01 00:00:00+00:00,ECMWF
"NORTH PLATTE/LEE BIRD, NE.",0-20000-0-72562,USA,True,-100.7,41.13278,60,62,True,green,Complete,2026-07-01 00:00:00+00:00,ECMWF
"QUILLAYUTE, WA.",0-20000-0-72797,USA,True,-124.56028,47.93389,60,62,True,green,Complete,2026-07-01 00:00:00+00:00,ECMWF
SALT LAKE CITY/INTNL UT.,0-20000-0-72572,USA,True,-111.95528,40.77222,62,62,True,green,Complete,2026-07-01 00:00:00+00:00,ECMWF
"SHREVEPORT/REG., LA.",0-20000-0-72248,USA,True,-93.84139,32.45111,64,62,True,purple,More than declared in OSCAR/Surface,2026-07-01 00:00:00+00:00,ECMWF
"ST. PAUL ISLANDS, AK",0-20000-0-70308,USA,True,-170.21667,57.15,0,62,True,black,Not received in period,2026-07-01 00:00:00+00:00,DWD
"TALLAHASSEE/MUN.,  FL.",0-20000-0-72214,USA,True,-84.29944,30.44611,0,62,True,black,Not received in period,2026-07-01 00:00:00+00:00,DWD
"TUCSON, AZ",0-20000-0-72274,USA,True,-110.95583,32.22778,0,62,True,black,Not received in period,2026-07-01 00:00:00+00:00,DWD
"YAKUTAT, AK",0-20000-0-70361,USA,True,-139.66667,59.51667,59,62,True,green,Complete,2026-07-01 00:00:00+00:00,ECMWF
COMODORO RIVADAVIA AERO,0-20000-0-87860,ARG,True,-67.46194,-45.7923,31,31,False,green,Complete,2026-07-01 00:00:00+00:00,ECMWF
CORDOBA AERO,0-20000-0-87344,ARG,True,-64.21185,-31.29663,1,31,False,red,Availability issue (< 30%),2026-07-01 00:00:00+00:00,DWD
RESISTENCIA AERO,0-20000-0-87155,ARG,True,-59.04602,-27.43888,28,31,False,green,Complete,2026-07-01 00:00:00+00:00,ECMWF
SANTA ROSA AERO,0-20000-0-87623,ARG,True,-64.27988,-36.59311,0,31,False,black,Not received in period,2026-07-01 00:00:00+00:00,DWD
FERNANDO DE NORONHA (AERO),0-20000-0-82400,BRA,True,-32.41667,-3.85,0,31,False,black,Not received in period,2026-07-01 00:00:00+00:00,DWD
FOZ DO IGUACU (AERO),0-20000-0-83827,BRA,True,-54.485,-25.60028,60,62,True,green,Complete,2026-07-01 00:00:00+00:00,ECMWF
SALVADOR (83229-0),0-20000-0-83229,BRA,True,-38.51667,-13.01667,0,62,True,black,Not received in period,2026-07-01 00:00:00+00:00,DWD
VILHENA (AERO),0-20000-0-83208,BRA,True,-60.1,-12.7,57,62,True,green,Complete,2026-07-01 00:00:00+00:00,ECMWF
ANTOFAGASTA,0-20000-0-85442,CHL,True,-70.44528,-23.45361,31,31,False,green,Complete,2026-07-01 00:00:00+00:00,ECMWF
PUERTO MONTT,0-20000-0-85799,CHL,True,-73.09778,-41.435,30,31,False,green,Complete,2026-07-01 00:00:00+00:00,ECMWF
LAS GAVIOTAS,0-20000-0-80241,COL,True,-70.91667,4.55,0,62,True,black,Not received in period,2026-07-01 00:00:00+00:00,DWD
CAYENNE MATOURY,0-20000-0-81405,FRA,True,-52.36528,4.82222,58,62,False,green,Complete,2026-07-01 00:00:00+00:00,ECMWF
"CARUPANO, SUCRE",0-20000-0-80422,VEN,True,-63.25,10.66667,0,62,True,black,Not received in period,2026-07-01 00:00:00+00:00,DWD
CIUDAD BOLIVAR,0-20000-0-80444,VEN,True,-63.55,8.15,0,62,True,black,Not received in period,2026-07-01 00:00:00+00:00,DWD
MARACAY - B.A. SUCRE,0-20000-0-80413,VEN,True,-67.65,10.25,0,62,True,black,Not received in period,2026-07-01 00:00:00+00:00,DWD
SAN ANTONIO DEL TACHIRA,0-20000-0-80447,VEN,True,-72.45,7.85,0,62,True,black,Not received in period,2026-07-01 00:00:00+00:00,DWD
SAN FERNANDO DE APURE,0-20000-0-80450,VEN,True,-67.41667,7.9,0,62,True,black,Not received in period,2026-07-01 00:00:00+00:00,DWD
SANTA ELENA DE UAIREN,0-20000-0-80462,VEN,True,-61.11667,4.6,0,62,True,black,Not received in period,2026-07-01 00:00:00+00:00,DWD
BRISBANE AERO,0-20000-0-94578,AUS,True,153.12917,-27.39167,69,62,False,purple,More than declared in OSCAR/Surface,2026-07-01 00:00:00+00:00,NCEP
BROOME AIRPORT,0-20000-0-94203,AUS,True,122.23528,-17.9475,31,31,False,green,Complete,2026-07-01 00:00:00+00:00,ECMWF
CHARLEVILLE AERO,0-20000-0-94510,AUS,True,146.25583,-26.41389,29,31,False,green,Complete,2026-07-01 00:00:00+00:00,ECMWF
COBAR MO,0-20000-0-94711,AUS,True,145.82944,-31.48389,18,17,False,purple,More than declared in OSCAR/Surface,2026-07-01 00:00:00+00:00,NCEP
GILES METEOROLOGICAL OFFICE,0-20000-0-94461,AUS,True,128.30111,-25.03417,69,62,False,purple,More than declared in OSCAR/Surface,2026-07-01 00:00:00+00:00,NCEP
LORD HOWE ISLAND AERO,0-20000-0-94995,AUS,True,159.07861,-31.54222,31,31,False,green,Complete,2026-07-01 00:00:00+00:00,ECMWF
NORFOLK ISLAND AERO,0-20000-0-94996,AUS,True,167.94083,-29.03889,30,31,False,green,Complete,2026-07-01 00:00:00+00:00,NCEP
SYDNEY AIRPORT AMO,0-20000-0-94767,AUS,True,151.17306,-33.94639,26,31,False,green,Complete,2026-07-01 00:00:00+00:00,ECMWF
WAGGA WAGGA AMO,0-20000-0-94910,AUS,True,147.45722,-35.15833,18,18,False,green,Complete,2026-07-01 00:00:00+00:00,DWD
WEIPA AERO,0-20000-0-94170,AUS,True,141.92083,-12.67778,17,10,False,purple,More than declared in OSCAR/Surface,2026-07-01 00:00:00+00:00,DWD
WILLIS ISLAND,0-20000-0-94299,AUS,True,149.96528,-16.28778,86,62,False,purple,More than declared in OSCAR/Surface,2026-07-01 00:00:00+00:00,NCEP
WOOMERA AERODROME,0-20000-0-94659,AUS,True,136.80528,-31.15583,26,31,False,green,Complete,2026-07-01 00:00:00+00:00,DWD
BRUNEI AIRPORT,0-20000-0-96315,BRN,True,114.93333,4.93333,0,62,True,black,Not received in period,2026-07-01 00:00:00+00:00,DWD
NADI AIRPORT,0-20000-0-91680,FJI,True,177.4447,-17.7597,49,62,True,orange,Availability issue (> 30%),2026-07-01 00:00:00+00:00,ECMWF
HIVA-OA,0-20000-0-91925,PYF,True,-139.03556,-9.80611,25,31,False,green,Complete,2026-07-01 00:00:00+00:00,ECMWF
MANGAREVA,0-20000-0-91948,PYF,True,-134.96528,-23.13028,31,31,False,green,Complete,2026-07-01 00:00:00+00:00,NCEP
RAPA,0-20000-0-91958,PYF,True,-144.33472,-27.61833,31,0,False,purple,More than declared in OSCAR/Surface,2026-07-01 00:00:00+00:00,ECMWF
TAHITI-FAAA,0-20000-0-91938,PYF,True,-149.61444,-17.55528,55,62,False,green,Complete,2026-07-01 00:00:00+00:00,ECMWF
KUPANG/ELTARI,0-20000-0-97372,IDN,True,123.67013,-10.16763,57,62,False,green,Complete,2026-07-01 00:00:00+00:00,ECMWF
TARAKAN/JUWATA,0-20000-0-96509,IDN,True,117.56667,3.33333,60,31,False,purple,More than declared in OSCAR/Surface,2026-07-01 00:00:00+00:00,ECMWF
TARAWA,0-20000-0-91610,KIR,True,172.91667,1.35,47,62,True,orange,Availability issue (> 30%),2026-07-01 00:00:00+00:00,ECMWF
BINTULU,0-20000-0-96441,MYS,True,113.0246,3.12003,62,31,False,purple,More than declared in OSCAR/Surface,2026-07-01 00:00:00+00:00,ECMWF
KOTA KINABALU,0-20000-0-96471,MYS,True,116.05,5.93333,54,62,True,green,Complete,2026-07-01 00:00:00+00:00,ECMWF
TAWAU,0-20000-0-96481,MYS,True,117.88333,4.26667,0,2,False,black,Not received in period,2026-07-01 00:00:00+00:00,DWD
"KWAJALEIN/BUCHOLZ AAF, MARSHALL IS.",0-20000-0-91366,MHL,True,167.73333,8.73333,28,62,True,orange,Availability issue (> 30%),2026-07-01 00:00:00+00:00,NCEP
MAJURO/MARSHALL IS. INTNL.,0-20000-0-91376,MHL,True,171.29417,7.06833,62,62,True,green,Complete,2026-07-01 00:00:00+00:00,JMA
"WEATHER SERVICE OFFICE, CHUUK, ECI",0-20000-0-91334,FSM,True,151.8425,7.45389,63,62,True,purple,More than declared in OSCAR/Surface,2026-07-01 00:00:00+00:00,JMA
"WEATHER SERVICE OFFICE, POHNPEI, CAROLINE IS.",0-20000-0-91348,FSM,True,158.20667,6.96194,65,62,True,purple,More than declared in OSCAR/Surface,2026-07-01 00:00:00+00:00,ECMWF
"WEATHER SERVICE OFFICE, YAP, CAROLINE IS.",0-20000-0-91413,FSM,True,138.08167,9.49722,59,62,True,green,Complete,2026-07-01 00:00:00+00:00,ECMWF
NOUMEA (NLLE-CALEDONIE),0-20000-0-91592,NCL,True,166.45278,-22.27611,60,62,False,green,Complete,2026-07-01 00:00:00+00:00,NCEP
"WEATHER SERVICE OFFICE, KOROR, PALAU WCI.",0-20000-0-91408,PLW,True,134.48861,7.33972,56,62,True,green,Complete,2026-07-01 00:00:00+00:00,JMA
MOMOTE W.O.,0-20000-0-92044,PNG,True,147.41667,-2.05,0,62,True,black,Not received in period,2026-07-01 00:00:00+00:00,DWD
PORT MORESBY W.O.,0-20000-0-92035,PNG,True,147.2104,-9.44089,0,62,True,black,Not received in period,2026-07-01 00:00:00+00:00,DWD
LAOAG,0-20000-0-98223,PHL,True,120.53482,18.18309,56,62,True,green,Complete,2026-07-01 00:00:00+00:00,ECMWF
LEGASPI,0-20000-0-98444,PHL,True,123.72833,13.15083,54,62,True,green,Complete,2026-07-01 00:00:00+00:00,ECMWF
MACTAN,0-20000-0-98646,PHL,True,123.98333,10.31667,54,62,True,green,Complete,2026-07-01 00:00:00+00:00,ECMWF
PUERTO PRINCESA,0-20000-0-98618,PHL,True,118.75861,9.74013,60,62,True,green,Complete,2026-07-01 00:00:00+00:00,ECMWF
FUNAFUTI (91643-0),0-20000-0-91643,TUV,True,179.21667,-8.51667,0,62,True,black,Not received in period,2026-07-01 00:00:00+00:00,DWD
"HILO HI, HAWAII",0-20000-0-91285,USA,True,-155.05833,19.71833,67,62,True,purple,More than declared in OSCAR/Surface,2026-07-01 00:00:00+00:00,JMA
"LIHUE, KAUAI, HAWAII",0-20000-0-91165,USA,True,-159.34667,21.99333,68,62,True,purple,More than declared in OSCAR/Surface,2026-07-01 00:00:00+00:00,ECMWF
PAGO PAGO/INT.AIRP. AMERICAN SAMOA,0-20000-0-91765,USA,True,-170.71917,-14.33833,58,62,True,green,Complete,2026-07-01 00:00:00+00:00,JMA
"WEATHER FORECAST OFFICE, GUAM, MARIANA IS.",0-20000-0-91212,USA,True,144.79444,13.47667,66,62,True,purple,More than declared in OSCAR/Surface,2026-07-01 00:00:00+00:00,ECMWF
DUMONT D'URVILLE,0-20000-0-89642,FRA,True,140.00111,-66.66306,21,31,False,orange,Availability issue (> 30%),2026-07-01 00:00:00+00:00,ECMWF
DEOKJEOKBUKRI,0-410-0-47230,KOR,True,126.10297,37.2645,116,62,False,purple,More than declared in OSCAR/Surface,2026-07-01 00:00:00+00:00,ECMWF
TAMBACOUNDA,0-20000-0-61687,SEN,True,-13.67972,13.76972,0,744,False,black,Not received in period,2026-07-01 00:00:00+00:00,DWD
BAENGNYEONGDO,0-20000-0-47102,KOR,True,124.71237,37.97396,127,62,False,purple,More than declared in OSCAR/Surface,2026-07-01 00:00:00+00:00,ECMWF
BUKGANGNEUNG,0-20000-0-47104,KOR,True,128.85535,37.80456,125,62,False,purple,More than declared in OSCAR/Surface,2026-07-01 00:00:00+00:00,NCEP
CHANGWON,0-20000-0-47155,KOR,True,128.57282,35.17019,126,62,False,purple,More than declared in OSCAR/Surface,2026-07-01 00:00:00+00:00,NCEP
HEUKSANDO,0-20000-0-47169,KOR,True,125.45105,34.68719,125,62,False,purple,More than declared in OSCAR/Surface,2026-07-01 00:00:00+00:00,NCEP
POHANG,0-20000-0-47138,KOR,True,129.38002,36.03201,123,62,False,purple,More than declared in OSCAR/Surface,2026-07-01 00:00:00+00:00,NCEP
RIO BRANCO (AERO),0-20000-0-82917,BRA,True,-67.9,-9.87,54,62,True,green,Complete,2026-07-01 00:00:00+00:00,ECMWF
SAL,0-20000-0-08594,CPV,True,-22.94889,16.74194,0,62,True,black,Not received in period,2026-07-01 00:00:00+00:00,DWD
GERALDTON AIRPORT,0-20000-0-94403,AUS,True,114.69889,-28.80444,17,19,False,green,Complete,2026-07-01 00:00:00+00:00,DWD
ALBANY AIRPORT,0-20000-0-94802,AUS,True,117.80222,-34.94139,22,22,False,green,Complete,2026-07-01 00:00:00+00:00,ECMWF
KALGOORLIE-BOULDER AIRPORT,0-20000-0-94637,AUS,True,121.45333,-30.78472,18,18,False,green,Complete,2026-07-01 00:00:00+00:00,DWD
MEEKATHARRA AIRPORT,0-20000-0-94430,AUS,True,118.53722,-26.61361,18,18,False,green,Complete,2026-07-01 00:00:00+00:00,ECMWF
MOREE AERO,0-20000-0-95527,AUS,True,149.84722,-29.48972,18,18,False,green,Complete,2026-07-01 00:00:00+00:00,DWD
MOUNT GAMBIER AERO,0-20000-0-94821,AUS,True,140.77389,-37.74722,9,9,False,green,Complete,2026-07-01 00:00:00+00:00,DWD
MOUNT ISA AERO,0-20000-0-94332,AUS,True,139.4875,-20.67778,18,18,False,green,Complete,2026-07-01 00:00:00+00:00,ECMWF
PORT HEDLAND AIRPORT,0-20000-0-94312,AUS,True,118.63167,-20.3725,17,17,False,green,Complete,2026-07-01 00:00:00+00:00,ECMWF
SARH,0-20000-0-64750,TCD,True,18.38333,9.15,0,62,False,black,Not received in period,2026-07-01 00:00:00+00:00,DWD
SERETSE KHAMA INTERNATIONAL AIRPORT,0-20000-0-68240,BWA,True,25.91667,-24.55,0,62,True,black,Not received in period,2026-07-01 00:00:00+00:00,DWD
FUNCHAL,0-620-2001-08522,PRT,True,-16.89248,32.64753,30,31,False,green,Complete,2026-07-01 00:00:00+00:00,ECMWF
LAJES (ACORES) (8508-0),0-620-3001-08508,PRT,True,-27.08716,38.76783,31,31,False,green,Complete,2026-07-01 00:00:00+00:00,ECMWF
"CAMAGUEY, CAMAGUEY",0-20000-0-78355,CUB,True,-77.84972,21.4225,0,62,True,black,Not received in period,2026-07-01 00:00:00+00:00,DWD
NAMPULA,0-20000-0-67237,MOZ,True,39.28333,-15.1,0,62,True,black,Not received in period,2026-07-01 00:00:00+00:00,DWD
ESSEN (AEROLOGY),0-20001-0-10410,DEU,True,6.96816,51.40412,63,62,False,purple,More than declared in OSCAR/Surface,2026-07-01 00:00:00+00:00,NCEP
BERGEN (AEROLOGY),0-20001-0-10238,DEU,True,9.92496,52.81495,83,62,False,purple,More than declared in OSCAR/Surface,2026-07-01 00:00:00+00:00,ECMWF
KUEMMERSBRUCK (AEROLOGY),0-20001-0-10771,DEU,True,11.9023,49.42835,64,62,False,purple,More than declared in OSCAR/Surface,2026-07-01 00:00:00+00:00,ECMWF
Unknown,9ZT9MRK,,False,-51.130001068115234,63.0,1,0,False,yellow,No match in OSCAR/Surface,2026-07-01 00:00:00+00:00,JMA
COCOS ISLAND AERO,0-20000-0-96996,CCK,True,96.83444,-12.18917,28,31,False,green,Complete,2026-07-01 00:00:00+00:00,ECMWF
"EMPALME, SON.",0-20000-0-76256,MEX,True,-110.79739,27.95729,45,6,False,purple,More than declared in OSCAR/Surface,2026-07-01 00:00:00+00:00,ECMWF
Budapest rádiószondázó állomás,0-348-3-44562,HUN,True,19.18278,47.42889,62,62,False,green,Complete,2026-07-01 00:00:00+00:00,ECMWF
Szeged rádiószondázó állomás,0-348-3-58117,HUN,True,20.09056,46.25611,62,62,False,green,Complete,2026-07-01 00:00:00+00:00,ECMWF
CALABAR UPPER AIR,0-566-0-65264B,NGA,True,8.34719,4.96714,0,62,False,black,Not received in period,2026-07-01 00:00:00+00:00,DWD
JOS UPPER AIR,0-566-0-65134B,NGA,True,8.9,9.86667,0,62,False,black,Not received in period,2026-07-01 00:00:00+00:00,DWD
EAST ARNHEM,0-36-9-94155,AUS,True,136.7959,-12.3845,18,18,False,green,Complete,2026-07-01 00:00:00+00:00,ECMWF
MARTE (AERO),0-20000-0-83779,BRA,True,-46.63333,-23.5,59,62,True,green,Complete,2026-07-01 00:00:00+00:00,ECMWF
LONDRINA (AERO),0-20000-0-83768,BRA,True,-51.13333,-23.33333,31,62,True,orange,Availability issue (> 30%),2026-07-01 00:00:00+00:00,JMA
UBERLANDIA (AERO),0-20000-0-83525,BRA,True,-48.21667,-18.88333,29,62,True,orange,Availability issue (> 30%),2026-07-01 00:00:00+00:00,ECMWF
VITORIA (AERO),0-20000-0-83649,BRA,True,-40.28333,-20.26667,31,62,True,orange,Availability issue (> 30%),2026-07-01 00:00:00+00:00,ECMWF
GEORG VON NEUMAYER,0-20000-0-89002,DEU,True,-8.25,-70.66667,29,62,True,orange,Availability issue (> 30%),2026-07-01 00:00:00+00:00,ECMWF
OWEN ROBERTS AIRPORT GRAND CAYMAN,0-20000-0-78384,CYM,True,-81.36319,19.29435,0,62,True,black,Not received in period,2026-07-01 00:00:00+00:00,DWD
STUTTGART (AEROLOGY),0-20001-0-10739,DEU,True,9.20063,48.82811,62,62,False,green,Complete,2026-07-01 00:00:00+00:00,ECMWF
GAROUA,0-20000-0-64860,CMR,True,13.38333,9.33333,0,62,True,black,Not received in period,2026-07-01 00:00:00+00:00,DWD
SHENYANG,0-156-0-54340,CHN,True,123.61,41.543,56,62,False,green,Complete,2026-07-01 00:00:00+00:00,ECMWF
MINICOY,0-20000-0-43369,IND,True,73.0581,8.2813,42,62,True,orange,Availability issue (> 30%),2026-07-01 00:00:00+00:00,ECMWF
PORT SUDAN,0-20000-0-62641,SDN,True,37.21667,19.58333,0,62,True,black,Not received in period,2026-07-01 00:00:00+00:00,DWD
COLOMBO,0-20000-0-43466,LKA,True,79.86667,6.9,0,62,True,black,Not received in period,2026-07-01 00:00:00+00:00,DWD
BOA VISTA (AERO),0-20000-0-82022,BRA,True,-60.69432,2.849,58,62,True,green,Complete,2026-07-01 00:00:00+00:00,ECMWF
"JULIANA AIRPORT,  ST. MAARTEN",0-20000-0-78866,SX,True,-63.11917,18.03852,60,62,True,green,Complete,2026-07-01 00:00:00+00:00,ECMWF
AGADEZ,0-20000-0-61024,NER,True,7.98333,16.96667,2,124,False,red,Availability issue (< 30%),2026-07-01 00:00:00+00:00,DWD
NDJAMENA,0-148-0-64700,TCD,True,15.02,12.08,0,62,True,black,Not received in period,2026-07-01 00:00:00+00:00,DWD
NASSAU AIRPORT NEW PROVIDENCE,0-20000-0-78073,BHS,True,-77.46667,25.05,0,62,True,black,Not received in period,2026-07-01 00:00:00+00:00,DWD
BAUERFIELD (EFATE),0-20000-0-91557,VUT,True,168.3129,-17.6947,9,62,False,red,Availability issue (< 30%),2026-07-01 00:00:00+00:00,DWD
SHAOWU,0-20000-0-58725,CHN,True,117.51111,27.33333,60,62,False,green,Complete,2026-07-01 00:00:00+00:00,NCEP
CASABLANCA,0-20000-0-78325,CUB,True,-82.34111,23.14333,0,62,True,black,Not received in period,2026-07-01 00:00:00+00:00,DWD
LUANDA,0-20000-0-66160,AGO,True,13.23528,-8.84806,0,62,True,black,Not received in period,2026-07-01 00:00:00+00:00,DWD
GRANTLEY ADAMS,0-52-130-78954,BRB,True,-59.4922,13.0716,62,62,True,green,Complete,2026-07-01 00:00:00+00:00,ECMWF
LUANDA_UPPER,0-24-0-66160,AGO,True,13.22556,-8.85944,0,62,False,black,Not received in period,2026-07-01 00:00:00+00:00,DWD
CASEY,0-20000-0-89611,AUS,True,110.52306,-66.2825,57,62,False,green,Complete,2026-07-01 00:00:00+00:00,ECMWF
DAVIS,0-20000-0-89571,AUS,True,77.96722,-68.57444,60,62,False,green,Complete,2026-07-01 00:00:00+00:00,ECMWF
MAWSON,0-20000-0-89564,AUS,True,62.87528,-67.60167,29,31,False,green,Complete,2026-07-01 00:00:00+00:00,ECMWF
LEARMONTH AIRPORT,0-20000-0-94302,AUS,True,114.09667,-22.24056,60,62,False,green,Complete,2026-07-01 00:00:00+00:00,NCEP
MACQUARIE ISLAND,0-20000-0-94998,AUS,True,158.93694,-54.49944,61,62,False,green,Complete,2026-07-01 00:00:00+00:00,ECMWF
WOODSTOCK,0-36-9-95282,AUS,True,146.8578,-19.6337,30,31,False,green,Complete,2026-07-01 00:00:00+00:00,ECMWF
PORT ELIZABETH,0-20000-0-68842,ZAF,True,25.6164,-33.9864,62,62,False,green,Complete,2026-07-01 00:00:00+00:00,ECMWF
LUBANGO_UPPER,0-24-0-66390,AGO,True,13.56314,-14.92776,0,62,False,black,Not received in period,2026-07-01 00:00:00+00:00,DWD
ANTANANARIVO/IVATO,0-20000-0-67083,MDG,True,47.48333,-18.8,52,62,False,green,Complete,2026-07-01 00:00:00+00:00,ECMWF
PERTH AIRPORT,0-20000-0-94610,AUS,True,115.97639,-31.9275,81,62,False,purple,More than declared in OSCAR/Surface,2026-07-01 00:00:00+00:00,NCEP
ABERPORTH,0-826-0-2,GBR,True,-4.57111,52.13944,1,62,True,red,Availability issue (< 30%),2026-07-01 00:00:00+00:00,ECMWF
"PIARCO INT. AIRPORT,  TRINIDAD",0-20000-0-78970,TTO,True,-61.34322,10.59168,7,62,True,red,Availability issue (< 30%),2026-07-01 00:00:00+00:00,ECMWF
PAYERNE (6610-0),0-20000-0-06610,CHE,True,6.94247,46.81158,67,62,False,purple,More than declared in OSCAR/Surface,2026-07-01 00:00:00+00:00,ECMWF
"Vernon UA, BC",0-124-0-73033,CAN,True,-119.28986,50.23931,60,62,True,green,Complete,2026-07-01 00:00:00+00:00,ECMWF
"Kapuskasing UA, ON",0-124-0-73111,CAN,True,-82.44278,49.405,62,62,True,green,Complete,2026-07-01 00:00:00+00:00,ECMWF
AJACCIO,0-20000-0-07761,FRA,True,8.79278,41.91806,28,62,False,orange,Availability issue (> 30%),2026-07-01 00:00:00+00:00,ECMWF
BORDEAUX MERIGNAC,0-20000-0-07510,FRA,True,-0.69139,44.83056,54,62,False,green,Complete,2026-07-01 00:00:00+00:00,NCEP
TRAPPES,0-20000-0-07145,FRA,True,2.00972,48.77444,61,62,False,green,Complete,2026-07-01 00:00:00+00:00,ECMWF
PENDINE,0-20000-0-03608,GBR,True,-4.5076,51.7444,0,62,True,black,Not received in period,2026-07-01 00:00:00+00:00,DWD
SJENICA,0-20000-0-13369,SRB,True,19.99498,43.26852,124,124,False,green,Complete,2026-07-01 00:00:00+00:00,ECMWF
KHARTOUM,0-20000-0-62721,SDN,True,32.55,15.6,0,62,True,black,Not received in period,2026-07-01 00:00:00+00:00,DWD
GIBRALTAR (8495-1),0-20001-0-08495,GIB,True,-5.35,36.15,0,62,True,black,Not received in period,2026-07-01 00:00:00+00:00,DWD
NEGOTIN,0-20000-0-13295,SRB,True,22.53651,44.23923,116,124,False,green,Complete,2026-07-01 00:00:00+00:00,DWD
CUIABA (AERO),0-20000-0-83362,BRA,True,-56.1,-15.65,0,62,True,black,Not received in period,2026-07-01 00:00:00+00:00,DWD
Unknown,07KPB,,False,128.02975463867188,31.249250411987305,1,0,False,yellow,No match in OSCAR/Surface,2026-07-01 00:00:00+00:00,JMA
Unknown,07KPB,,False,128.00148010253906,31.322620391845703,1,0,False,yellow,No match in OSCAR/Surface,2026-07-01 00:00:00+00:00,JMA
Unknown,07KPB,,False,127.9000015258789,31.200000762939453,1,0,False,yellow,No match in OSCAR/Surface,2026-07-01 00:00:00+00:00,JMA
ATHALASSA,0-20000-0-17607,CYP,True,33.39639,35.14083,34,62,True,orange,Availability issue (> 30%),2026-07-01 00:00:00+00:00,ECMWF
VACOAS (MAURITIUS),0-20000-0-61995,MUS,True,57.4947,-20.2975,0,62,True,black,Not received in period,2026-07-01 00:00:00+00:00,DWD
Unknown,07KPB,,False,127.9000015258789,31.299999237060547,2,0,False,yellow,No match in OSCAR/Surface,2026-07-01 00:00:00+00:00,JMA
SAO GABRIEL DA CACHOEIRA (AERO),0-20000-0-82107,BRA,True,-66.96667,-0.11667,22,62,True,orange,Availability issue (> 30%),2026-07-01 00:00:00+00:00,ECMWF
Al Madina AirPort,0-20000-0-40430,SAU,True,39.69988,24.55883,52,62,True,green,Complete,2026-07-01 00:00:00+00:00,ECMWF
BELEM (AERO),0-20000-0-82193,BRA,True,-48.48333,-1.38333,28,93,False,orange,Availability issue (> 30%),2026-07-01 00:00:00+00:00,ECMWF
MACAPA (AERO),0-20000-0-82099,BRA,True,-51.06667,0.05,57,62,False,green,Complete,2026-07-01 00:00:00+00:00,ECMWF
SANTAREM (AERO),0-20000-0-82244,BRA,True,-54.71667,-2.43333,61,62,False,green,Complete,2026-07-01 00:00:00+00:00,ECMWF
BRASILIA (AERO),0-20000-0-83378,BRA,True,-47.92408,-15.87293,62,62,True,green,Complete,2026-07-01 00:00:00+00:00,ECMWF
POINTE-NOIRE Upper-air,0-178-0-64400,COG,True,11.88174,-4.80455,0,62,False,black,Not received in period,2026-07-01 00:00:00+00:00,DWD
Unknown,07KPB,,False,128.3350372314453,29.05367088317871,4,0,False,yellow,No match in OSCAR/Surface,2026-07-01 00:00:00+00:00,JMA
ISLA DE PASCUA,0-20000-0-85469,CHL,True,-109.4272,-27.1605,0,62,True,black,Not received in period,2026-07-01 00:00:00+00:00,DWD
Tasiilaq,0-208-0-04360,GRL,True,-37.63667,65.61111,54,62,True,green,Complete,2026-07-01 00:00:00+00:00,ECMWF
"CHIHUAHUA, CHIH.",0-20000-0-76225,MEX,True,-106.03042,28.67061,61,6,False,purple,More than declared in OSCAR/Surface,2026-07-01 00:00:00+00:00,ECMWF
TABATINGA (AERO),0-20000-0-82411,BRA,True,-69.93,-4.25,59,62,True,green,Complete,2026-07-01 00:00:00+00:00,ECMWF
DEHRADUN,0-20000-0-42111,IND,True,78.0833,30.2833,50,62,True,green,Complete,2026-07-01 00:00:00+00:00,ECMWF
GANGANAGAR,0-20000-0-42123,IND,True,73.88333,29.91667,0,62,True,black,Not received in period,2026-07-01 00:00:00+00:00,DWD
ALTA FLORESTA (AERO),0-20000-0-82965,BRA,True,-56.1,-9.86667,31,0,False,purple,More than declared in OSCAR/Surface,2026-07-01 00:00:00+00:00,ECMWF
"FORT MOORE, GA (ARMY)",0-20000-0-72225,USA,True,-84.83333,32.33333,0,62,True,black,Not received in period,2026-07-01 00:00:00+00:00,DWD
BHUJ-RUDRAMATA,0-20000-0-42634,IND,True,69.8,23.25,11,62,True,red,Availability issue (< 30%),2026-07-01 00:00:00+00:00,ECMWF
GOPALPUR,0-20000-0-43049,IND,True,84.88333,19.26667,15,62,True,red,Availability issue (< 30%),2026-07-01 00:00:00+00:00,ECMWF
IMPHAL/TULIHAL,0-20000-0-42623,IND,True,93.9,24.76667,0,62,True,black,Not received in period,2026-07-01 00:00:00+00:00,DWD
JALPAIGURI,0-20000-0-42399,IND,True,88.71667,26.53333,14,62,True,red,Availability issue (< 30%),2026-07-01 00:00:00+00:00,ECMWF
JHARSIGUDA,0-20000-0-42886,IND,True,84.08333,21.91667,14,62,True,red,Availability issue (< 30%),2026-07-01 00:00:00+00:00,ECMWF
KAVALI,0-20000-0-43243,IND,True,80.0,14.91667,53,62,True,green,Complete,2026-07-01 00:00:00+00:00,ECMWF
PASIGHAT,0-20000-0-42220,IND,True,95.38333,28.1,24,62,True,orange,Availability issue (> 30%),2026-07-01 00:00:00+00:00,ECMWF
PUNE,0-20000-0-43063,IND,True,73.85,18.53333,17,62,True,red,Availability issue (< 30%),2026-07-01 00:00:00+00:00,ECMWF
RAMGUNDAM,0-20000-0-43086,IND,True,79.43333,18.76667,0,62,True,black,Not received in period,2026-07-01 00:00:00+00:00,DWD
RATNAGIRI,0-20000-0-43110,IND,True,73.33333,16.98333,8,62,True,red,Availability issue (< 30%),2026-07-01 00:00:00+00:00,ECMWF
SHILLONG,0-20000-0-42516,IND,True,91.88333,25.56667,0,62,True,black,Not received in period,2026-07-01 00:00:00+00:00,DWD
SUNDERNAGAR,0-20000-0-42079,IND,True,76.9,31.53333,58,62,True,green,Complete,2026-07-01 00:00:00+00:00,ECMWF
OUAGADOUGOU,0-20000-0-65503,BFA,True,-1.51667,12.35,0,62,True,black,Not received in period,2026-07-01 00:00:00+00:00,DWD
"AEROPUERTO SILVIO PETTIROSSI, LUQUE",0-20000-0-86218,PRY,True,-57.5147,-25.23582,23,31,False,orange,Availability issue (> 30%),2026-07-01 00:00:00+00:00,DWD
MOUNT PLEASANT AIRPORT,0-238-0-306,FLK,True,-58.44806,-51.82,33,62,True,orange,Availability issue (> 30%),2026-07-01 00:00:00+00:00,ECMWF
LERWICK,0-826-0-142,GBR,True,-1.18472,60.13917,60,62,False,green,Complete,2026-07-01 00:00:00+00:00,ECMWF
CASTOR BAY,0-20000-0-03918,GBR,True,-6.34287,54.50201,32,31,False,purple,More than declared in OSCAR/Surface,2026-07-01 00:00:00+00:00,ECMWF
TARNOW,0-20000-0-12575,POL,True,20.94194,50.02556,51,62,True,green,Complete,2026-07-01 00:00:00+00:00,ECMWF
Unknown,07KPB,,False,128.89999389648438,31.0,1,0,False,yellow,No match in OSCAR/Surface,2026-07-01 00:00:00+00:00,JMA
Atyrau AS,0-398-0-35700,KAZ,True,51.88372,47.11676,58,62,False,green,Complete,2026-07-01 00:00:00+00:00,ECMWF
ADDIS ABABA-BOLE,0-20000-0-63450,ETH,True,38.75,9.03333,0,62,True,black,Not received in period,2026-07-01 00:00:00+00:00,DWD
RS_AREQUIPA,0-604-1-84754,PER,True,-71.5515,-16.4042,30,31,False,green,Complete,2026-07-01 00:00:00+00:00,ECMWF
RS_TRUJILLO,0-604-1-84516,PER,True,-79.0593,-8.0439,31,31,False,green,Complete,2026-07-01 00:00:00+00:00,ECMWF
LARKHILL,0-826-0-137,GBR,True,-1.80583,51.20167,0,62,True,black,Not received in period,2026-07-01 00:00:00+00:00,DWD
CAMBORNE,0-826-0-48,GBR,True,-5.32753,50.21841,62,62,False,green,Complete,2026-07-01 00:00:00+00:00,ECMWF
"HERSTMONCEUX, WEST END",0-826-0-112,GBR,True,0.31694,50.89944,35,31,False,purple,More than declared in OSCAR/Surface,2026-07-01 00:00:00+00:00,JMA
ENUGU,0-20000-0-65257,NGA,True,7.56778,6.47224,0,744,False,black,Not received in period,2026-07-01 00:00:00+00:00,DWD
KANO,0-20000-0-65046,NGA,True,8.5314,12.05147,0,744,False,black,Not received in period,2026-07-01 00:00:00+00:00,DWD
MAIDUGURI,0-20000-0-65082,NGA,True,13.08632,11.85451,0,248,False,black,Not received in period,2026-07-01 00:00:00+00:00,DWD
"BOTTOMS WOOD, ST. HELENA",0-654-0-300,SHN,True,-5.66722,-15.94194,31,62,True,orange,Availability issue (> 30%),2026-07-01 00:00:00+00:00,ECMWF
ADANA BOLGE,0-20000-0-17351,TUR,True,35.3443,37.0041,58,62,False,green,Complete,2026-07-01 00:00:00+00:00,DWD
MIRNYJ (89592-0),0-20000-0-89592,RUS,True,93.01472,-66.55194,28,62,True,orange,Availability issue (> 30%),2026-07-01 00:00:00+00:00,ECMWF
ALEKSANDROVSK-SAHALINSKIJ,0-20000-0-32061,RUS,True,142.16667,50.9,53,62,True,green,Complete,2026-07-01 00:00:00+00:00,JMA
AYAN,0-20000-0-31168,RUS,True,138.15,56.45,0,62,True,black,Not received in period,2026-07-01 00:00:00+00:00,DWD
BARABINSK,0-20000-0-29612,RUS,True,78.30833,55.35444,44,62,True,orange,Availability issue (> 30%),2026-07-01 00:00:00+00:00,ECMWF
BLAGOVESCETNSK,0-20000-0-31510,RUS,True,127.47833,50.28028,44,62,True,orange,Availability issue (> 30%),2026-07-01 00:00:00+00:00,ECMWF
CHARA,0-20000-0-30372,RUS,True,118.26667,56.9,20,62,True,orange,Availability issue (> 30%),2026-07-01 00:00:00+00:00,ECMWF
CHERSKIJ,0-20000-0-25123,RUS,True,161.28333,68.75,41,62,True,orange,Availability issue (> 30%),2026-07-01 00:00:00+00:00,DWD
CHOKURDAH,0-20000-0-21946,RUS,True,147.88333,70.61667,38,62,True,orange,Availability issue (> 30%),2026-07-01 00:00:00+00:00,ECMWF
DAL'NERECHENSK,0-20000-0-31873,RUS,True,133.73333,45.86667,45,62,True,orange,Availability issue (> 30%),2026-07-01 00:00:00+00:00,DWD
ENISEJSK,0-20000-0-29263,RUS,True,92.20278,58.45278,62,62,True,green,Complete,2026-07-01 00:00:00+00:00,ECMWF
HANTY-MANSIJSK,0-20000-0-23933,RUS,True,69.11889,61.02778,58,62,True,green,Complete,2026-07-01 00:00:00+00:00,ECMWF
IVDEL',0-20000-0-23921,RUS,True,60.45,60.68333,58,62,True,green,Complete,2026-07-01 00:00:00+00:00,JMA
JUZHNO-SAHALINSK,0-20000-0-32150,RUS,True,142.71667,46.95,0,62,True,black,Not received in period,2026-07-01 00:00:00+00:00,DWD
KLJUCHI,0-20000-0-32389,RUS,True,160.83333,56.31667,30,62,True,orange,Availability issue (> 30%),2026-07-01 00:00:00+00:00,ECMWF
KOLPASEVO,0-20000-0-29231,RUS,True,82.95,58.31667,6,62,True,red,Availability issue (< 30%),2026-07-01 00:00:00+00:00,DWD
KRASNYJ CHIKOJ,0-20000-0-30935,RUS,True,108.75,50.36667,29,62,True,orange,Availability issue (> 30%),2026-07-01 00:00:00+00:00,ECMWF
KURGAN,0-20001-0-28661,RUS,True,65.40111,55.45667,54,62,True,green,Complete,2026-07-01 00:00:00+00:00,JMA
MAGADAN,0-20000-0-25913,RUS,True,150.78333,59.55,56,62,True,green,Complete,2026-07-01 00:00:00+00:00,ECMWF
NAR'JAN-MAR,0-20000-0-23205,RUS,True,53.0175,67.625,22,62,True,orange,Availability issue (> 30%),2026-07-01 00:00:00+00:00,DWD
NIKOLAEVSK-NA-AMURE,0-20000-0-31369,RUS,True,140.69389,53.1475,0,62,True,black,Not received in period,2026-07-01 00:00:00+00:00,DWD
NIZHNEUDINSK,0-20000-0-29698,RUS,True,99.03333,54.88333,35,62,True,orange,Availability issue (> 30%),2026-07-01 00:00:00+00:00,ECMWF
NORIL'SK,0-20000-0-23078,RUS,True,88.26389,69.34722,0,62,True,black,Not received in period,2026-07-01 00:00:00+00:00,DWD
OHOTSK,0-20000-0-31088,RUS,True,143.2,59.36667,7,62,True,red,Availability issue (< 30%),2026-07-01 00:00:00+00:00,DWD
OJMJAKON,0-20000-0-24688,RUS,True,143.15,63.25,50,62,True,green,Complete,2026-07-01 00:00:00+00:00,JMA
OMOLON,0-20000-0-25428,RUS,True,160.53333,65.23333,0,62,True,black,Not received in period,2026-07-01 00:00:00+00:00,DWD
ORENBURG,0-20000-0-35121,RUS,True,55.07833,51.6925,34,62,True,orange,Availability issue (> 30%),2026-07-01 00:00:00+00:00,JMA
OSTROV BERINGA,0-20000-0-32618,RUS,True,165.98333,55.2,29,62,True,orange,Availability issue (> 30%),2026-07-01 00:00:00+00:00,ECMWF
OSTROV DIKSON,0-20000-0-20674,RUS,True,80.40639,73.51361,57,62,True,green,Complete,2026-07-01 00:00:00+00:00,DWD
POLARGMO IM. E.T. KRENKELJA,0-20000-0-20046,RUS,True,58.05889,80.62639,49,62,True,orange,Availability issue (> 30%),2026-07-01 00:00:00+00:00,ECMWF
PORONAJSK,0-20000-0-32098,RUS,True,143.1,49.21667,40,62,True,orange,Availability issue (> 30%),2026-07-01 00:00:00+00:00,ECMWF
SALEHARD,0-20000-0-23330,RUS,True,66.67444,66.53194,62,62,True,green,Complete,2026-07-01 00:00:00+00:00,ECMWF
SEJMCHAN,0-20000-0-25703,RUS,True,152.41667,62.91667,58,62,True,green,Complete,2026-07-01 00:00:00+00:00,JMA
SEVERO-KURIL'SK,0-20000-0-32215,RUS,True,156.13333,50.68333,4,62,True,red,Availability issue (< 30%),2026-07-01 00:00:00+00:00,DWD
SOBOLEVO,0-20000-0-32477,RUS,True,155.91667,54.3,16,62,True,red,Availability issue (< 30%),2026-07-01 00:00:00+00:00,ECMWF
SOVETSKAYA GAVAN',0-20000-0-31770,RUS,True,140.3,49.0,30,62,True,orange,Availability issue (> 30%),2026-07-01 00:00:00+00:00,ECMWF
SUTUR,0-20000-0-31538,RUS,True,132.13333,50.06667,0,62,True,black,Not received in period,2026-07-01 00:00:00+00:00,DWD
TOBOL'SK,0-20000-0-28275,RUS,True,68.25,58.15,54,62,True,green,Complete,2026-07-01 00:00:00+00:00,JMA
TURA (24507-0),0-20000-0-24507,RUS,True,100.21667,64.26944,62,62,True,green,Complete,2026-07-01 00:00:00+00:00,ECMWF
TURUHANSK,0-20000-0-23472,RUS,True,87.98889,65.79444,54,62,True,green,Complete,2026-07-01 00:00:00+00:00,JMA
UFA-DIOMA,0-20000-0-28722,RUS,True,55.815,54.71056,48,62,True,orange,Availability issue (> 30%),2026-07-01 00:00:00+00:00,JMA
UST'-BARGUZIN,0-20000-0-30635,RUS,True,109.01667,53.41667,30,62,True,orange,Availability issue (> 30%),2026-07-01 00:00:00+00:00,ECMWF
VERHOJANSK,0-20000-0-24266,RUS,True,133.4,67.56667,48,62,True,orange,Availability issue (> 30%),2026-07-01 00:00:00+00:00,JMA
VILJUJSK,0-20000-0-24641,RUS,True,121.61667,63.78333,20,62,True,orange,Availability issue (> 30%),2026-07-01 00:00:00+00:00,JMA
ZEJA,0-20000-0-31300,RUS,True,127.27639,53.74139,29,62,True,orange,Availability issue (> 30%),2026-07-01 00:00:00+00:00,ECMWF
BOLOGOE,0-20000-0-26298,RUS,True,34.03333,57.88333,47,62,True,orange,Availability issue (> 30%),2026-07-01 00:00:00+00:00,ECMWF
DIVNOE,0-20000-0-34858,RUS,True,43.35,45.91667,0,62,True,black,Not received in period,2026-07-01 00:00:00+00:00,DWD
KALACH,0-20000-0-34247,RUS,True,41.05,50.41667,35,62,True,orange,Availability issue (> 30%),2026-07-01 00:00:00+00:00,ECMWF
KANDALAKSHA,0-20000-0-22217,RUS,True,32.35417,67.16917,44,62,True,orange,Availability issue (> 30%),2026-07-01 00:00:00+00:00,ECMWF
KARGOPOL',0-20000-0-22845,RUS,True,38.93472,61.50667,58,62,True,green,Complete,2026-07-01 00:00:00+00:00,ECMWF
KIROV (27199-0),0-20000-0-27199,RUS,True,49.56667,58.56667,56,62,True,green,Complete,2026-07-01 00:00:00+00:00,ECMWF
KURSK,0-20000-0-34009,RUS,True,36.16667,51.76667,0,62,True,black,Not received in period,2026-07-01 00:00:00+00:00,DWD
NIZHNIJ NOVGOROD,0-20000-0-27459,RUS,True,44.0,56.26667,0,62,True,black,Not received in period,2026-07-01 00:00:00+00:00,DWD
PENZA,0-20000-0-27962,RUS,True,45.01889,53.12278,46,62,True,orange,Availability issue (> 30%),2026-07-01 00:00:00+00:00,ECMWF
PETROZAVODSK,0-20000-0-22820,RUS,True,34.26667,61.81667,45,62,True,orange,Availability issue (> 30%),2026-07-01 00:00:00+00:00,JMA
RYAZAN',0-20000-0-27730,RUS,True,39.7,54.63333,41,62,True,orange,Availability issue (> 30%),2026-07-01 00:00:00+00:00,ECMWF
SAMARA (BEZENCHUK),0-20000-0-27995,RUS,True,49.43333,52.98333,53,62,True,green,Complete,2026-07-01 00:00:00+00:00,ECMWF
SHOJNA,0-20000-0-22271,RUS,True,44.17417,67.87667,54,62,True,green,Complete,2026-07-01 00:00:00+00:00,ECMWF
SMOLENSK,0-20000-0-26781,RUS,True,32.06667,54.75,48,62,True,orange,Availability issue (> 30%),2026-07-01 00:00:00+00:00,ECMWF
SUHINICHI,0-20000-0-27707,RUS,True,35.35,54.1,41,62,True,orange,Availability issue (> 30%),2026-07-01 00:00:00+00:00,DWD
VELIKIE LUKI,0-20000-0-26477,RUS,True,30.61667,56.35,44,62,True,orange,Availability issue (> 30%),2026-07-01 00:00:00+00:00,ECMWF
Unknown,80371,,False,-77.63999938964844,1.0700000524520874,7,0,False,yellow,No match in OSCAR/Surface,2026-07-01 00:00:00+00:00,ECMWF
CLIFTON BEACH,0-36-9-94005,AUS,True,147.5342,-42.9677,60,62,False,green,Complete,2026-07-01 00:00:00+00:00,ECMWF
OUESSO,0-20000-0-64458,COG,True,16.0402,1.6125,0,62,True,black,Not received in period,2026-07-01 00:00:00+00:00,DWD
POINTE-NOIRE,0-20000-0-64400,COG,True,11.88174,-4.80455,54,124,False,orange,Availability issue (> 30%),2026-07-01 00:00:00+00:00,JMA
RS_IQUITOS,0-604-1-84372,PER,True,-73.2547,-3.7642,31,31,False,green,Complete,2026-07-01 00:00:00+00:00,ECMWF
Hail AirPort,0-682-0-016HIL340394,SAU,True,41.68987,27.43551,0,62,False,black,Not received in period,2026-07-01 00:00:00+00:00,DWD
Karaganda AS,0-398-0-35394,KAZ,True,73.14602,49.81123,56,62,False,green,Complete,2026-07-01 00:00:00+00:00,ECMWF
Almaty AS,0-398-0-36872,KAZ,True,77.00417,43.36361,60,62,False,green,Complete,2026-07-01 00:00:00+00:00,ECMWF
Unknown,40437,,False,46.716670989990234,24.933330535888672,51,0,False,yellow,No match in OSCAR/Surface,2026-07-01 00:00:00+00:00,ECMWF
Unknown,9ZT9MRK,,False,-15.399999618530273,64.0,1,0,False,yellow,No match in OSCAR/Surface,2026-07-01 00:00:00+00:00,JMA
"ACAPULCO, GRO.",0-20000-0-76805,MEX,True,-99.74939,16.76288,62,6,False,purple,More than declared in OSCAR/Surface,2026-07-01 00:00:00+00:00,ECMWF
LLANBEDR,0-20000-0-03407,GBR,True,-4.123,52.8023,0,62,True,black,Not received in period,2026-07-01 00:00:00+00:00,DWD
NIAMEY-AERO,0-20000-0-61052,NER,True,2.11471,13.28411,96,62,False,purple,More than declared in OSCAR/Surface,2026-07-01 00:00:00+00:00,ECMWF
CAPE TOWN INTNL. AIRPORT,0-20000-0-68816,ZAF,True,18.6023,-33.9631,61,62,False,green,Complete,2026-07-01 00:00:00+00:00,ECMWF
BELIZE/PHILLIP GOLDSTON INTL. AIRPORT,0-20000-0-78583,BLZ,True,-88.31285,17.53486,61,62,True,green,Complete,2026-07-01 00:00:00+00:00,ECMWF
TROLL,0-578-0-99990,NOR,True,2.5408,-72.012,3,31,False,red,Availability issue (< 30%),2026-07-01 00:00:00+00:00,ECMWF
KUALA LUMPUR INTERNATIONAL AIRPORT (KLIA),0-20000-0-48650,MYS,True,101.7031,2.73083,53,62,False,green,Complete,2026-07-01 00:00:00+00:00,ECMWF
KOTA BHARU,0-20000-0-48615,MYS,True,102.3006,6.16667,62,31,False,purple,More than declared in OSCAR/Surface,2026-07-01 00:00:00+00:00,ECMWF
KUCHING,0-20000-0-96413,MYS,True,110.3525,1.49028,49,62,False,orange,Availability issue (> 30%),2026-07-01 00:00:00+00:00,ECMWF
SANTO DOMINGO AD.,0-20000-0-85586,CHL,True,-71.61417,-33.655,49,62,False,orange,Availability issue (> 30%),2026-07-01 00:00:00+00:00,ECMWF
Unknown,72800,,False,-87.33999633789062,34.349998474121094,101,0,False,yellow,No match in OSCAR/Surface,2026-07-01 00:00:00+00:00,NCEP
DELI SERDANG/KUALANAMU,0-20000-0-96035,IDN,True,98.87861,3.64028,62,31,False,purple,More than declared in OSCAR/Surface,2026-07-01 00:00:00+00:00,ECMWF
SIDOARJO / JUANDA,0-20000-0-96935,IDN,True,112.77995,-7.37259,62,31,False,purple,More than declared in OSCAR/Surface,2026-07-01 00:00:00+00:00,ECMWF
SORONG/DOMINE EDUARD OSOK,0-20000-0-97502,IDN,True,131.28576,-0.89113,62,62,False,green,Complete,2026-07-01 00:00:00+00:00,ECMWF
TANGERANG/SOEKARNO-HATTA,0-20000-0-96749,IDN,True,106.65472,-6.12211,62,31,False,purple,More than declared in OSCAR/Surface,2026-07-01 00:00:00+00:00,ECMWF
MAROS/SULTAN HASANUDDIN,0-20000-0-97180,IDN,True,119.55217,-5.07103,60,62,False,green,Complete,2026-07-01 00:00:00+00:00,ECMWF
KASAMA,0-894-2-NRKS002,ZMB,True,31.14013,-10.21703,0,62,True,black,Not received in period,2026-07-01 00:00:00+00:00,DWD
BREST-GUIPAVAS,0-20000-0-07110,FRA,True,-4.39117,48.45383,56,62,False,green,Complete,2026-07-01 00:00:00+00:00,NCEP
SKRIVERI,0-20000-0-26435,LVA,True,25.12835,56.64247,9,62,True,red,Availability issue (< 30%),2026-07-01 00:00:00+00:00,DWD
Bale Robe,0-231-0-63605,ETH,True,40.02659,7.11342,0,62,False,black,Not received in period,2026-07-01 00:00:00+00:00,DWD
Gambela,0-231-0-63604,ETH,True,34.57967,8.24132,0,62,False,black,Not received in period,2026-07-01 00:00:00+00:00,DWD
Jigjiga,0-231-0-63603,ETH,True,42.80149,9.36566,0,62,False,black,Not received in period,2026-07-01 00:00:00+00:00,DWD
Mekelle,0-231-0-63602,ETH,True,39.46766,13.525,0,62,False,black,Not received in period,2026-07-01 00:00:00+00:00,DWD
Addis Ababa,0-231-0-63601,ETH,True,38.7863,8.98604,0,62,False,black,Not received in period,2026-07-01 00:00:00+00:00,DWD
ANMADO,0-410-0-47269,KOR,True,126.0305,35.3469,124,62,False,purple,More than declared in OSCAR/Surface,2026-07-01 00:00:00+00:00,ECMWF
KANTON ISLAND,0-20000-0-91701,KIR,True,-171.7167,-2.7667,0,62,True,black,Not received in period,2026-07-01 00:00:00+00:00,DWD
BADUNG/I GUSTI NGURAH RAI,0-20000-0-97230,IDN,True,115.17656,-8.74989,60,62,False,green,Complete,2026-07-01 00:00:00+00:00,ECMWF
Unknown,2TDJJ8J,,False,5.0,78.5999984741211,1,0,False,yellow,No match in OSCAR/Surface,2026-07-01 00:00:00+00:00,JMA
Unknown,2TDJJ8J,,False,2.799999952316284,79.0999984741211,1,0,False,yellow,No match in OSCAR/Surface,2026-07-01 00:00:00+00:00,JMA
Unknown,07KPB,,False,128.34628295898438,29.14011001586914,1,0,False,yellow,No match in OSCAR/Surface,2026-07-01 00:00:00+00:00,JMA
Unknown,2TDJJ8J,,False,5.099999904632568,79.5999984741211,1,0,False,yellow,No match in OSCAR/Surface,2026-07-01 00:00:00+00:00,JMA
Unknown,2TDJJ8J,,False,-2.700000047683716,78.69999694824219,1,0,False,yellow,No match in OSCAR/Surface,2026-07-01 00:00:00+00:00,JMA
Unknown,2TDJJ8J,,False,2.7899999618530273,79.13999938964844,2,0,False,yellow,No match in OSCAR/Surface,2026-07-01 00:00:00+00:00,JMA
Unknown,2TDJJ8J,,False,7.03000020980835,79.01000213623047,3,0,False,yellow,No match in OSCAR/Surface,2026-07-01 00:00:00+00:00,JMA
Unknown,2TDJJ8J,,False,6.139999866485596,79.12999725341797,1,0,False,yellow,No match in OSCAR/Surface,2026-07-01 00:00:00+00:00,JMA
WROCLAW-STRACHOWICE,0-20000-0-12425,POL,True,16.88111,51.11306,61,62,True,green,Complete,2026-07-01 00:00:00+00:00,ECMWF
Unknown,USCLL,,False,-96.30000305175781,30.600000381469727,1,0,False,yellow,No match in OSCAR/Surface,2026-07-01 00:00:00+00:00,ECMWF
RS_JUNIN,0-604-1-84622,PER,True,-75.32178,-11.91619,27,31,False,green,Complete,2026-07-01 00:00:00+00:00,ECMWF
NOWRA RAN AIR STATION AWS,0-20000-0-94750,AUS,True,150.53528,-34.94694,1,0,False,purple,More than declared in OSCAR/Surface,2026-07-01 00:00:00+00:00,ECMWF
MURUN,0-20000-0-44231,MNG,True,100.167,49.6384,30,62,True,orange,Availability issue (> 30%),2026-07-01 00:00:00+00:00,ECMWF
Amdjarass,0-148-0-64762,TCD,True,22.7667,15.9667,0,124,False,black,Not received in period,2026-07-01 00:00:00+00:00,DWD
Unknown,07KPB,,False,136.97251892089844,28.933639526367188,1,0,False,yellow,No match in OSCAR/Surface,2026-07-01 00:00:00+00:00,JMA
SOFIA (OBSERV.),0-20000-0-15614,BGR,True,23.38333,42.65,56,62,True,green,Complete,2026-07-01 00:00:00+00:00,ECMWF
BILTINE,0-148-0-64761,TCD,True,20.552,14.312,0,124,False,black,Not received in period,2026-07-01 00:00:00+00:00,DWD
YEPPOON (BARMARYEE),0-36-9-94001,AUS,True,150.701,-23.127,23,23,False,green,Complete,2026-07-01 00:00:00+00:00,ECMWF
NOVOLAZAREVSKAJA,0-20000-0-89512,RUS,True,11.83167,-70.76778,26,62,True,orange,Availability issue (> 30%),2026-07-01 00:00:00+00:00,ECMWF
De Bilt,0-20000-0-06260,NLD,True,5.17972,52.09889,37,62,True,orange,Availability issue (> 30%),2026-07-01 00:00:00+00:00,ECMWF
Erdenebulgan,0-496-20000-44202,MNG,True,101.5821,50.1189,0,62,True,black,Not received in period,2026-07-01 00:00:00+00:00,DWD
Onon,0-496-20000-44255,MNG,True,112.6581,49.1141,0,62,True,black,Not received in period,2026-07-01 00:00:00+00:00,DWD
Rashaant,0-496-20000-44223,MNG,True,101.4564,49.121,0,62,True,black,Not received in period,2026-07-01 00:00:00+00:00,DWD
Tuvshruulekh,0-496-20000-44281,MNG,True,101.9085,47.3867,0,62,True,black,Not received in period,2026-07-01 00:00:00+00:00,DWD
ALBEMARLE,0-826-0-5,GBR,True,-1.88167,55.01972,33,0,False,purple,More than declared in OSCAR/Surface,2026-07-01 00:00:00+00:00,ECMWF
"NOTTINGHAM, WATNALL",0-826-0-181,GBR,True,-1.25111,53.00556,36,31,False,purple,More than declared in OSCAR/Surface,2026-07-01 00:00:00+00:00,ECMWF
SOUTH UIST RANGE,0-826-0-221,GBR,True,-7.385,57.3575,6,62,True,red,Availability issue (< 30%),2026-07-01 00:00:00+00:00,ECMWF
WEST FREUGH,0-826-0-256,GBR,True,-4.93528,54.85917,0,62,True,black,Not received in period,2026-07-01 00:00:00+00:00,DWD
Port Sudan Airport,0-729-0-62834,SDN,True,37.2166,19.5333,0,62,True,black,Not received in period,2026-07-01 00:00:00+00:00,DWD
RADIOSONDE-HAMIM,0-784-0-41199,ARE,True,54.2537,22.8098,0,62,False,black,Not received in period,2026-07-01 00:00:00+00:00,DWD
ABU DHABI INTERNATIONAL AIRPORT,0-784-0-41217,ARE,True,54.65,24.43333,0,62,False,black,Not received in period,2026-07-01 00:00:00+00:00,DWD
AL AIN INTERNATIONAL AIRPORT,0-784-0-41218,ARE,True,55.6,24.26,0,62,False,black,Not received in period,2026-07-01 00:00:00+00:00,DWD
IDAR-OBERSTEIN (AEROLOGY),0-20001-0-10618,DEU,True,7.32588,49.69255,130,62,False,purple,More than declared in OSCAR/Surface,2026-07-01 00:00:00+00:00,ECMWF
INVERCARGILL AIRPORT,0-20000-0-93844,NZL,True,168.33045,-46.41727,61,62,False,green,Complete,2026-07-01 00:00:00+00:00,ECMWF
Lauder Observatory,0-20000-0-93817,NZL,True,169.6843,-45.0385,0,4,False,black,Not received in period,2026-07-01 00:00:00+00:00,DWD
PARAPARAUMU AERODROME,0-20000-0-93417,NZL,True,174.98389,-40.90444,60,62,False,green,Complete,2026-07-01 00:00:00+00:00,ECMWF
WHENUAPAI,0-20000-0-93112,NZL,True,174.62139,-36.79278,60,62,False,green,Complete,2026-07-01 00:00:00+00:00,ECMWF
SCHLESWIG (AEROLOGY),0-20001-0-10035,DEU,True,9.54946,54.52727,62,62,False,green,Complete,2026-07-01 00:00:00+00:00,ECMWF
"MANIWAKI UA, QUE",0-20000-0-71722,CAN,True,-76.0811,46.14171,62,62,True,green,Complete,2026-07-01 00:00:00+00:00,ECMWF
PRAHA-LIBUS,0-20000-0-11520,CZE,True,14.44694,50.00778,95,62,True,purple,More than declared in OSCAR/Surface,2026-07-01 00:00:00+00:00,ECMWF
LA PAZ/ALTO,0-20000-0-85201,BOL,True,-68.19861,-16.51028,0,62,True,black,Not received in period,2026-07-01 00:00:00+00:00,DWD
SAN ANDRES (ISLA)/SESQUICENTENARIO,0-20000-0-80001,COL,True,-81.71667,12.58333,50,62,True,green,Complete,2026-07-01 00:00:00+00:00,ECMWF
BOGOTA/ELDORADO,0-20000-0-80222,COL,True,-74.15,4.7,31,62,True,orange,Availability issue (> 30%),2026-07-01 00:00:00+00:00,ECMWF
LETICIA/VASQUEZ COBO,0-20000-0-80398,COL,True,-69.95,-4.16667,11,62,True,red,Availability issue (< 30%),2026-07-01 00:00:00+00:00,ECMWF
RIOHACHA/ALMIRANTE PADILLA,0-20000-0-80035,COL,True,-72.93333,11.53333,0,62,True,black,Not received in period,2026-07-01 00:00:00+00:00,DWD
TAMANRASSET,0-20000-0-60680,DZA,True,5.45255,22.8253,31,62,False,orange,Availability issue (> 30%),2026-07-01 00:00:00+00:00,ECMWF
MWINILUNGA,0-20000-0-67441,ZMB,True,24.43103,-11.73983,0,62,True,black,Not received in period,2026-07-01 00:00:00+00:00,DWD
ALICE SPRINGS AIRPORT,0-20000-0-94326,AUS,True,133.88889,-23.795,31,5,False,purple,More than declared in OSCAR/Surface,2026-07-01 00:00:00+00:00,NCEP
LAVERTON RAAF,0-20000-0-94865,AUS,True,144.75667,-37.85639,62,62,False,green,Complete,2026-07-01 00:00:00+00:00,ECMWF
"WIDEAWAKE AIRFIELD, ASCENSION ISLAND",0-654-0-299,SHN,True,-14.40556,-7.97,0,62,True,black,Not received in period,2026-07-01 00:00:00+00:00,DWD
POPRAD-GANOVCE,0-20000-0-11952,SVK,True,20.32328,49.03474,56,62,False,green,Complete,2026-07-01 00:00:00+00:00,ECMWF
PUNTA ARENAS,0-20000-0-85934,CHL,True,-70.8386,-53.0016,30,31,False,green,Complete,2026-07-01 00:00:00+00:00,ECMWF
BEOGRAD/KOŠUTNJAK,0-20000-0-13275,SRB,True,20.42444,44.77139,124,124,False,green,Complete,2026-07-01 00:00:00+00:00,ECMWF
NIŠ,0-20000-0-13388,SRB,True,21.8975,43.32639,120,124,False,green,Complete,2026-07-01 00:00:00+00:00,ECMWF
CUNEO-LEVALDIGI RDS,0-20000-0-16113,ITA,True,7.6125,44.53917,59,0,False,purple,More than declared in OSCAR/Surface,2026-07-01 00:00:00+00:00,ECMWF
BALTASOUND NO 2,0-826-0-23,GBR,True,-0.85556,60.74833,0,62,True,black,Not received in period,2026-07-01 00:00:00+00:00,DWD
ISPARTA,0-20000-0-17240,TUR,True,30.56672,37.7851,62,62,True,green,Complete,2026-07-01 00:00:00+00:00,ECMWF
L F WADE INTERNATIONAL AIRPORT,0-20000-0-78016,BMU,True,-64.67722,32.36694,32,62,True,orange,Availability issue (> 30%),2026-07-01 00:00:00+00:00,ECMWF
TOCAL AWS,0-20000-0-94775,AUS,True,151.59194,-32.62972,31,31,False,green,Complete,2026-07-01 00:00:00+00:00,ECMWF
DIYARBAKIR-BOLGE,0-20000-0-17281,TUR,True,40.21333,37.90953,0,62,True,black,Not received in period,2026-07-01 00:00:00+00:00,DWD
Keflavíkurflugvöllur,0-20000-0-04018,ISL,True,-22.58758,63.97468,55,62,False,green,Complete,2026-07-01 00:00:00+00:00,ECMWF
ANKARA BOLGE,0-20000-0-17130,TUR,True,32.86395,39.97235,0,62,True,black,Not received in period,2026-07-01 00:00:00+00:00,DWD
KAYSERI BOLGE,0-792-20000-17196,TUR,True,35.50003,38.68946,56,62,False,green,Complete,2026-07-01 00:00:00+00:00,ECMWF
ISTANBUL BOLGE,0-20000-0-17064,TUR,True,29.1558,40.91134,58,62,False,green,Complete,2026-07-01 00:00:00+00:00,ECMWF
IZMIR BOLGE,0-20000-0-17220,TUR,True,27.08186,38.39487,61,62,False,green,Complete,2026-07-01 00:00:00+00:00,ECMWF
SAMSUN BOLGE,0-20000-0-17030,TUR,True,36.25579,41.34429,30,62,True,orange,Availability issue (> 30%),2026-07-01 00:00:00+00:00,DWD
LISBOA/PORTELA RS,0-620-3001-08536,PRT,True,-9.12557,38.77604,53,62,False,green,Complete,2026-07-01 00:00:00+00:00,ECMWF
Unknown,40179,,False,34.81489944458008,32.00699996948242,46,0,False,yellow,No match in OSCAR/Surface,2026-07-01 00:00:00+00:00,ECMWF
ABUJA,0-20000-0-65125,NGA,True,7.2746,9.02033,0,744,False,black,Not received in period,2026-07-01 00:00:00+00:00,DWD
XUZHOU,0-20000-0-58027,CHN,True,117.4,34.2,56,62,False,green,Complete,2026-07-01 00:00:00+00:00,JMA
HONIARA,0-20000-0-91517,SLB,True,159.95434,-9.43491,0,62,True,black,Not received in period,2026-07-01 00:00:00+00:00,DWD
CEDUNA AMO,0-20000-0-94653,AUS,True,133.6975,-32.12972,17,17,False,green,Complete,2026-07-01 00:00:00+00:00,ECMWF
MONGU,0-894-2-WEMO002,ZMB,True,23.1507,-15.2538,0,62,True,black,Not received in period,2026-07-01 00:00:00+00:00,DWD
SHOAL BAY,0-36-9-94113,AUS,True,130.97485,-12.385,62,62,False,green,Complete,2026-07-01 00:00:00+00:00,ECMWF
HALLEY,0-826-303-4,GBR,True,-25.50386,-75.57151,0,62,True,black,Not received in period,2026-07-01 00:00:00+00:00,DWD
ROTHERA,0-826-303-2,GBR,True,-68.12972,-67.56611,17,31,False,orange,Availability issue (> 30%),2026-07-01 00:00:00+00:00,ECMWF
"AEROP.INTERNACIONAL MONTERREY, N.L.",0-20000-0-76394,MEX,True,-100.24733,25.8655,52,6,False,purple,More than declared in OSCAR/Surface,2026-07-01 00:00:00+00:00,ECMWF
ADELAIDE AIRPORT M.O.,0-20000-0-94672,AUS,True,138.5195,-34.9524,40,0,False,purple,More than declared in OSCAR/Surface,2026-07-01 00:00:00+00:00,ECMWF
Unknown,61090,,False,8.98,13.78,2,0,False,yellow,No match in OSCAR/Surface,2026-07-01 00:00:00+00:00,ECMWF
Unknown,42727,,False,92.7651,23.7325,27,0,False,yellow,No match in OSCAR/Surface,2026-07-01 00:00:00+00:00,DWD
BUENOS AIRES OBSERVATORIO,0-20000-0-87585,ARG,True,-58.48397,-34.59022,31,31,False,green,Complete,2026-07-01 00:00:00+00:00,ECMWF
Unknown,44453,,False,85.28947,27.68183,3,0,False,yellow,No match in OSCAR/Surface,2026-07-01 00:00:00+00:00,ECMWF
Unknown,73140,,False,-74.53128,49.7765,10,0,False,yellow,No match in OSCAR/Surface,2026-07-01 00:00:00+00:00,NCEP
Tawhaki National Aerospace Centre,0-554-0-93790,NZL,True,172.5325,-43.8336,0,62,True,black,Not received in period,2026-07-01 00:00:00+00:00,DWD
Unknown,40179,,False,35.4909,33.8182,1,0,False,yellow,No match in OSCAR/Surface,2026-07-01 00:00:00+00:00,DWD
DAGORETTI CORNER-UPPERAIR,0-404-300-472781389AP63741,KEN,True,36.75965,-1.30122,0,62,False,black,Not received in period,2026-07-01 00:00:00+00:00,DWD
JULIUS NYERERE INTERNATIONAL AIRPORT(JNIA),0-20000-0-63894,TZA,True,39.2075,-6.87611,0,62,True,black,Not received in period,2026-07-01 00:00:00+00:00,DWD
KIGOMA AIRPORT,0-20000-0-63801,TZA,True,29.66889,-4.88667,0,62,True,black,Not received in period,2026-07-01 00:00:00+00:00,DWD
Unknown,9ZT9MRK,,False,-16.100000381469727,63.79999923706055,1,0,False,yellow,No match in OSCAR/Surface,2026-07-01 00:00:00+00:00,JMA
Unknown,LAGY8,,False,-82.47000122070312,42.7599983215332,1,0,False,yellow,No match in OSCAR/Surface,2026-07-01 00:00:00+00:00,ECMWF
Unknown,94159,,False,153.28332,-27.61607,60,0,False,yellow,No match in OSCAR/Surface,2026-07-01 00:00:00+00:00,ECMWF
Unknown,94160,,False,138.72356,-34.60045,52,0,False,yellow,No match in OSCAR/Surface,2026-07-01 00:00:00+00:00,ECMWF
MAN,0-20000-0-65548,CIV,True,-7.5888,7.2708,26,0,False,purple,More than declared in OSCAR/Surface,2026-07-01 00:00:00+00:00,ECMWF
NGAOUNDERE,0-20000-0-64870,CMR,True,13.56667,7.35,0,744,False,black,Not received in period,2026-07-01 00:00:00+00:00,DWD
CONAKRY,0-324-0-61831SYNOPAWS0,GIN,True,-13.61667,9.56667,0,248,False,black,Not received in period,2026-07-01 00:00:00+00:00,DWD
RAROTONGA (91843-0),0-20000-0-91843,COK,True,-159.81285,-21.20099,31,62,True,orange,Availability issue (> 30%),2026-07-01 00:00:00+00:00,ECMWF
Unknown,7JUNA4N,,False,-15.789999961853027,51.06999969482422,1,0,False,yellow,No match in OSCAR/Surface,2026-07-01 00:00:00+00:00,JMA
Unknown,72801,,False,-112.16676330566406,33.607139587402344,65,0,False,yellow,No match in OSCAR/Surface,2026-07-01 00:00:00+00:00,ECMWF
GOUGH ISLAND,0-20000-0-68906,SHN,True,-9.8804,-40.3495,0,62,True,black,Not received in period,2026-07-01 00:00:00+00:00,DWD
GHADAMES,0-20000-0-62103,LBY,True,9.49056,30.11083,0,744,False,black,Not received in period,2026-07-01 00:00:00+00:00,DWD
CHUPUNGNYEONG,0-20000-0-47135,KOR,True,127.99458,36.22025,128,62,False,purple,More than declared in OSCAR/Surface,2026-07-01 00:00:00+00:00,ECMWF
KUWAIT INTERNATIONAL AIRPORT (40582-1),0-20001-0-40582,KWT,True,47.97139,29.2425,0,62,True,black,Not received in period,2026-07-01 00:00:00+00:00,DWD
MTWARA AIRPORT,0-20000-0-63971,TZA,True,40.1845,-10.3348,0,62,True,black,Not received in period,2026-07-01 00:00:00+00:00,DWD
DOUALA OBS.,0-20000-0-64910,CMR,True,9.73333,4.0,0,124,False,black,Not received in period,2026-07-01 00:00:00+00:00,DWD
Unknown,YLV96WM,,False,-57.209999084472656,43.849998474121094,1,0,False,yellow,No match in OSCAR/Surface,2026-07-01 00:00:00+00:00,JMA
Unknown,7JUNA4N,,False,-20.719999313354492,50.709999084472656,1,0,False,yellow,No match in OSCAR/Surface,2026-07-01 00:00:00+00:00,JMA
Unknown,YLV96WM,,False,-55.189998626708984,44.2599983215332,1,0,False,yellow,No match in OSCAR/Surface,2026-07-01 00:00:00+00:00,JMA
Unknown,7JUNA4N,,False,-26.329999923706055,50.0,1,0,False,yellow,No match in OSCAR/Surface,2026-07-01 00:00:00+00:00,JMA
Unknown,YLV96WM,,False,-50.58000183105469,45.04999923706055,1,0,False,yellow,No match in OSCAR/Surface,2026-07-01 00:00:00+00:00,JMA
Unknown,WDK38HS,,False,-2.2300000190734863,65.6500015258789,1,0,False,yellow,No match in OSCAR/Surface,2026-07-01 00:00:00+00:00,JMA
Unknown,7JUNA4N,,False,-10.789999961853027,51.2599983215332,1,0,False,yellow,No match in OSCAR/Surface,2026-07-01 00:00:00+00:00,JMA
Unknown,YLV96WM,,False,-63.45000076293945,42.310001373291016,1,0,False,yellow,No match in OSCAR/Surface,2026-07-01 00:00:00+00:00,JMA
Unknown,LAGY8,,False,-82.31999969482422,45.43000030517578,1,0,False,yellow,No match in OSCAR/Surface,2026-07-01 00:00:00+00:00,ECMWF
Unknown,07KPB,,False,128.1563262939453,30.402660369873047,1,0,False,yellow,No match in OSCAR/Surface,2026-07-01 00:00:00+00:00,JMA
Unknown,2TDJJ8J,,False,8.5600004196167,53.560001373291016,1,0,False,yellow,No match in OSCAR/Surface,2026-07-01 00:00:00+00:00,JMA
Unknown,YLV96WM,,False,-67.23999786376953,41.15999984741211,1,0,False,yellow,No match in OSCAR/Surface,2026-07-01 00:00:00+00:00,JMA
Unknown,07KPB,,False,128.20388793945312,31.300390243530273,1,0,False,yellow,No match in OSCAR/Surface,2026-07-01 00:00:00+00:00,JMA
Unknown,WDK38HS,,False,-18.020000457763672,71.12000274658203,1,0,False,yellow,No match in OSCAR/Surface,2026-07-01 00:00:00+00:00,JMA
Unknown,WDK38HS,,False,-18.5,71.0999984741211,1,0,False,yellow,No match in OSCAR/Surface,2026-07-01 00:00:00+00:00,JMA
Unknown,2TDJJ8J,,False,3.549999952316284,58.209999084472656,1,0,False,yellow,No match in OSCAR/Surface,2026-07-01 00:00:00+00:00,JMA
Unknown,WDK38HS,,False,-19.18000030517578,71.12000274658203,1,0,False,yellow,No match in OSCAR/Surface,2026-07-01 00:00:00+00:00,JMA
Unknown,2TDJJ8J,,False,-0.41999998688697815,66.05000305175781,1,0,False,yellow,No match in OSCAR/Surface,2026-07-01 00:00:00+00:00,JMA
Unknown,07KPB,,False,135.10000610351562,30.899999618530273,1,0,False,yellow,No match in OSCAR/Surface,2026-07-01 00:00:00+00:00,JMA
Unknown,2TDJJ8J,,False,0.07000000029802322,68.08999633789062,1,0,False,yellow,No match in OSCAR/Surface,2026-07-01 00:00:00+00:00,JMA
Unknown,07KPB,,False,137.3000030517578,30.899999618530273,1,0,False,yellow,No match in OSCAR/Surface,2026-07-01 00:00:00+00:00,JMA
Unknown,2TDJJ8J,,False,1.9800000190734863,69.77999877929688,1,0,False,yellow,No match in OSCAR/Surface,2026-07-01 00:00:00+00:00,JMA
Unknown,2TDJJ8J,,False,3.009999990463257,73.37000274658203,1,0,False,yellow,No match in OSCAR/Surface,2026-07-01 00:00:00+00:00,JMA
Unknown,9ZT9MRK,,False,-13.100000381469727,64.69999694824219,1,0,False,yellow,No match in OSCAR/Surface,2026-07-01 00:00:00+00:00,JMA
Unknown,2TDJJ8J,,False,3.799999952316284,76.80000305175781,1,0,False,yellow,No match in OSCAR/Surface,2026-07-01 00:00:00+00:00,JMA
Unknown,2TDJJ8J,,False,3.700000047683716,76.4000015258789,1,0,False,yellow,No match in OSCAR/Surface,2026-07-01 00:00:00+00:00,JMA
Unknown,2TDJJ8J,,False,-5.440000057220459,79.05000305175781,1,0,False,yellow,No match in OSCAR/Surface,2026-07-01 00:00:00+00:00,JMA
Unknown,2TDJJ8J,,False,-3.799999952316284,78.5999984741211,1,0,False,yellow,No match in OSCAR/Surface,2026-07-01 00:00:00+00:00,JMA
CHIBOUGAMAU UA,0-124-20000-73140,CAN,True,-74.53128,49.7765,57,62,False,green,Complete,2026-07-01 00:00:00+00:00,ECMWF
Unknown,2TDJJ8J,,False,-4.659999847412109,78.93000030517578,1,0,False,yellow,No match in OSCAR/Surface,2026-07-01 00:00:00+00:00,JMA
Unknown,WDK38HS,,False,-14.800000190734863,72.9000015258789,1,0,False,yellow,No match in OSCAR/Surface,2026-07-01 00:00:00+00:00,JMA
Unknown,2TDJJ8J,,False,-5.300000190734863,78.9000015258789,1,0,False,yellow,No match in OSCAR/Surface,2026-07-01 00:00:00+00:00,JMA
ZACATECAS SONDEO,0-484-15018-76526,MEX,True,-102.5066,22.7465,52,6,False,purple,More than declared in OSCAR/Surface,2026-07-01 00:00:00+00:00,ECMWF
Unknown,YLV96WM,,False,-55.5,45.400001525878906,1,0,False,yellow,No match in OSCAR/Surface,2026-07-01 00:00:00+00:00,JMA
Unknown,2TDJJ8J,,False,-2.7699999809265137,78.75,2,0,False,yellow,No match in OSCAR/Surface,2026-07-01 00:00:00+00:00,JMA
Unknown,WDK38HS,,False,-15.279999732971191,73.79000091552734,1,0,False,yellow,No match in OSCAR/Surface,2026-07-01 00:00:00+00:00,JMA
Unknown,YLV96WM,,False,-57.90999984741211,45.09000015258789,1,0,False,yellow,No match in OSCAR/Surface,2026-07-01 00:00:00+00:00,JMA
Unknown,YLV96WM,,False,-45.79999923706055,46.95000076293945,1,0,False,yellow,No match in OSCAR/Surface,2026-07-01 00:00:00+00:00,JMA
Unknown,2TDJJ8J,,False,-0.3700000047683716,78.94999694824219,1,0,False,yellow,No match in OSCAR/Surface,2026-07-01 00:00:00+00:00,JMA
Unknown,YLV96WM,,False,-52.959999084472656,45.720001220703125,1,0,False,yellow,No match in OSCAR/Surface,2026-07-01 00:00:00+00:00,JMA
LUSAKA CITY AIRPORT,0-894-2-LSLU002,ZMB,True,28.32063,-15.41672,0,62,True,black,Not received in period,2026-07-01 00:00:00+00:00,DWD
Unknown,7JUNA4N,,False,-14.289999961853027,51.25,1,0,False,yellow,No match in OSCAR/Surface,2026-07-01 00:00:00+00:00,JMA
Unknown,7JUNA4N,,False,-11.65999984741211,51.31999969482422,1,0,False,yellow,No match in OSCAR/Surface,2026-07-01 00:00:00+00:00,JMA
Unknown,YLV96WM,,False,-38.849998474121094,48.470001220703125,1,0,False,yellow,No match in OSCAR/Surface,2026-07-01 00:00:00+00:00,JMA
Unknown,7JUNA4N,,False,-24.850000381469727,50.369998931884766,1,0,False,yellow,No match in OSCAR/Surface,2026-07-01 00:00:00+00:00,JMA
Unknown,YLV96WM,,False,-26.6200008392334,50.0,1,0,False,yellow,No match in OSCAR/Surface,2026-07-01 00:00:00+00:00,JMA
Unknown,WDK38HS,,False,-7.360000133514404,75.69999694824219,1,0,False,yellow,No match in OSCAR/Surface,2026-07-01 00:00:00+00:00,JMA
Unknown,7JUNA4N,,False,-22.190000534057617,50.68000030517578,1,0,False,yellow,No match in OSCAR/Surface,2026-07-01 00:00:00+00:00,JMA
Unknown,YLV96WM,,False,-29.1200008392334,49.79999923706055,1,0,False,yellow,No match in OSCAR/Surface,2026-07-01 00:00:00+00:00,JMA
Unknown,2TDJJ8J,,False,3.4200000762939453,79.0999984741211,1,0,False,yellow,No match in OSCAR/Surface,2026-07-01 00:00:00+00:00,JMA
Unknown,7JUNA4N,,False,-16.780000686645508,51.130001068115234,1,0,False,yellow,No match in OSCAR/Surface,2026-07-01 00:00:00+00:00,JMA
Unknown,YLV96WM,,False,-34.0,49.2400016784668,1,0,False,yellow,No match in OSCAR/Surface,2026-07-01 00:00:00+00:00,JMA
Unknown,YLV96WM,,False,-16.3700008392334,50.25,1,0,False,yellow,No match in OSCAR/Surface,2026-07-01 00:00:00+00:00,JMA
Unknown,7JUNA4N,,False,-34.619998931884766,48.619998931884766,1,0,False,yellow,No match in OSCAR/Surface,2026-07-01 00:00:00+00:00,JMA
Unknown,WDK38HS,,False,-4.369999885559082,75.05999755859375,1,0,False,yellow,No match in OSCAR/Surface,2026-07-01 00:00:00+00:00,JMA
Unknown,YLV96WM,,False,-18.889999389648438,50.27000045776367,1,0,False,yellow,No match in OSCAR/Surface,2026-07-01 00:00:00+00:00,JMA
Unknown,7JUNA4N,,False,-32.13999938964844,49.150001525878906,1,0,False,yellow,No match in OSCAR/Surface,2026-07-01 00:00:00+00:00,JMA
Unknown,YLV96WM,,False,-24.139999389648438,50.13999938964844,1,0,False,yellow,No match in OSCAR/Surface,2026-07-01 00:00:00+00:00,JMA
Unknown,30557,,False,113.56575012207031,54.41365051269531,3,0,False,yellow,No match in OSCAR/Surface,2026-07-01 00:00:00+00:00,DWD
Unknown,7JUNA4N,,False,-43.54999923706055,46.119998931884766,1,0,False,yellow,No match in OSCAR/Surface,2026-07-01 00:00:00+00:00,JMA
Unknown,WDK38HS,,False,5.199999809265137,76.9000015258789,1,0,False,yellow,No match in OSCAR/Surface,2026-07-01 00:00:00+00:00,JMA
Unknown,9ZT9MRK,,False,-15.0,62.099998474121094,1,0,False,yellow,No match in OSCAR/Surface,2026-07-01 00:00:00+00:00,JMA
Unknown,YLV96WM,,False,-8.579999923706055,49.83000183105469,1,0,False,yellow,No match in OSCAR/Surface,2026-07-01 00:00:00+00:00,JMA
Unknown,7JUNA4N,,False,-41.47999954223633,46.779998779296875,1,0,False,yellow,No match in OSCAR/Surface,2026-07-01 00:00:00+00:00,JMA
Unknown,9ZT9MRK,,False,-8.899999618530273,61.0,1,0,False,yellow,No match in OSCAR/Surface,2026-07-01 00:00:00+00:00,JMA
Unknown,7JUNA4N,,False,-36.77000045776367,48.099998474121094,1,0,False,yellow,No match in OSCAR/Surface,2026-07-01 00:00:00+00:00,JMA
Unknown,7JUNA4N,,False,-50.380001068115234,45.5,1,0,False,yellow,No match in OSCAR/Surface,2026-07-01 00:00:00+00:00,JMA
Unknown,7JUNA4N,,False,-45.689998626708984,45.880001068115234,1,0,False,yellow,No match in OSCAR/Surface,2026-07-01 00:00:00+00:00,JMA
RS_PUNO,0-604-1-84734,PER,True,-70.02857,-15.83324,0,9,False,black,Not received in period,2026-07-01 00:00:00+00:00,DWD
Unknown,2TDJJ8J,,False,5.599999904632568,79.0,2,0,False,yellow,No match in OSCAR/Surface,2026-07-01 00:00:00+00:00,JMA
Unknown,9ZT9MRK,,False,-28.899999618530273,63.0,1,0,False,yellow,No match in OSCAR/Surface,2026-07-01 00:00:00+00:00,JMA
Unknown,2TDJJ8J,,False,6.239999771118164,79.12999725341797,1,0,False,yellow,No match in OSCAR/Surface,2026-07-01 00:00:00+00:00,JMA
RS_LIMA,0-604-1-84629,PER,True,-77.0426,-12.0792,0,9,False,black,Not received in period,2026-07-01 00:00:00+00:00,DWD
Unknown,2TDJJ8J,,False,4.179999828338623,79.06999969482422,2,0,False,yellow,No match in OSCAR/Surface,2026-07-01 00:00:00+00:00,JMA
Unknown,9ZT9MRK,,False,-41.29999923706055,60.20000076293945,1,0,False,yellow,No match in OSCAR/Surface,2026-07-01 00:00:00+00:00,JMA
Unknown,9ZT9MRK,,False,-35.5,61.70000076293945,1,0,False,yellow,No match in OSCAR/Surface,2026-07-01 00:00:00+00:00,JMA
Unknown,2TDJJ8J,,False,4.380000114440918,79.01000213623047,2,0,False,yellow,No match in OSCAR/Surface,2026-07-01 00:00:00+00:00,JMA
Unknown,2TDJJ8J,,False,4.340000152587891,79.08000183105469,1,0,False,yellow,No match in OSCAR/Surface,2026-07-01 00:00:00+00:00,JMA
Unknown,21999,,False,-104.58000183105469,38.310001373291016,1,0,False,yellow,No match in OSCAR/Surface,2026-07-01 00:00:00+00:00,NCEP
POTI-AERO,0-268-0-37377,GEO,True,41.6605,42.1331,0,12,False,black,Not received in period,2026-07-01 00:00:00+00:00,DWD
Unknown,2TDJJ8J,,False,3.609999895095825,79.05999755859375,2,0,False,yellow,No match in OSCAR/Surface,2026-07-01 00:00:00+00:00,JMA
Unknown,07KPB,,False,136.89999389648438,26.899999618530273,1,0,False,yellow,No match in OSCAR/Surface,2026-07-01 00:00:00+00:00,JMA
Unknown,16064,,False,8.906089782714844,45.37641143798828,1,0,False,yellow,No match in OSCAR/Surface,2026-07-01 00:00:00+00:00,DWD
Unknown,9ZT9MRK,,False,-47.29999923706055,60.29999923706055,1,0,False,yellow,No match in OSCAR/Surface,2026-07-01 00:00:00+00:00,JMA
Unknown,2TDJJ8J,,False,3.4000000953674316,79.0,1,0,False,yellow,No match in OSCAR/Surface,2026-07-01 00:00:00+00:00,JMA
Unknown,9ZT9MRK,,False,-50.400001525878906,62.29999923706055,1,0,False,yellow,No match in OSCAR/Surface,2026-07-01 00:00:00+00:00,JMA
Unknown,07KPB,,False,136.89999389648438,24.899999618530273,1,0,False,yellow,No match in OSCAR/Surface,2026-07-01 00:00:00+00:00,JMA
Unknown,WDK38HS,,False,32.29999923706055,83.80000305175781,1,0,False,yellow,No match in OSCAR/Surface,2026-07-01 00:00:00+00:00,JMA
Unknown,2TDJJ8J,,False,4.199999809265137,79.5999984741211,1,0,False,yellow,No match in OSCAR/Surface,2026-07-01 00:00:00+00:00,JMA
Unknown,9ZT9MRK,,False,-37.29999923706055,61.29999923706055,1,0,False,yellow,No match in OSCAR/Surface,2026-07-01 00:00:00+00:00,JMA
Unknown,2TDJJ8J,,False,3.740000009536743,79.3499984741211,1,0,False,yellow,No match in OSCAR/Surface,2026-07-01 00:00:00+00:00,JMA
Unknown,9ZT9MRK,,False,-42.29999923706055,60.0,1,0,False,yellow,No match in OSCAR/Surface,2026-07-01 00:00:00+00:00,JMA
Unknown,WDK38HS,,False,42.20000076293945,86.4000015258789,1,0,False,yellow,No match in OSCAR/Surface,2026-07-01 00:00:00+00:00,JMA
Unknown,2TDJJ8J,,False,3.119999885559082,79.94000244140625,2,0,False,yellow,No match in OSCAR/Surface,2026-07-01 00:00:00+00:00,JMA
Unknown,9ZT9MRK,,False,-27.0,63.400001525878906,1,0,False,yellow,No match in OSCAR/Surface,2026-07-01 00:00:00+00:00,JMA
Unknown,9ZT9MRK,,False,-32.20000076293945,62.5,1,0,False,yellow,No match in OSCAR/Surface,2026-07-01 00:00:00+00:00,JMA
Unknown,71169,,False,-106.72000122070312,52.16999816894531,7,0,False,yellow,No match in OSCAR/Surface,2026-07-01 00:00:00+00:00,NCEP
Unknown,WDK38HS,,False,42.20000076293945,87.0999984741211,1,0,False,yellow,No match in OSCAR/Surface,2026-07-01 00:00:00+00:00,JMA
Unknown,2TDJJ8J,,False,4.480000019073486,79.73999786376953,1,0,False,yellow,No match in OSCAR/Surface,2026-07-01 00:00:00+00:00,JMA
Unknown,WDK38HS,,False,43.400001525878906,88.9000015258789,1,0,False,yellow,No match in OSCAR/Surface,2026-07-01 00:00:00+00:00,JMA
Unknown,2TDJJ8J,,False,6.679999828338623,79.33999633789062,1,0,False,yellow,No match in OSCAR/Surface,2026-07-01 00:00:00+00:00,JMA
Unknown,2TDJJ8J,,False,6.599999904632568,79.08000183105469,1,0,False,yellow,No match in OSCAR/Surface,2026-07-01 00:00:00+00:00,JMA
Unknown,WDK38HS,,False,46.310001373291016,88.2699966430664,1,0,False,yellow,No match in OSCAR/Surface,2026-07-01 00:00:00+00:00,JMA
Unknown,WDK38HS,,False,63.400001525878906,89.80000305175781,1,0,False,yellow,No match in OSCAR/Surface,2026-07-01 00:00:00+00:00,JMA
Unknown,WDK38HS,,False,80.0999984741211,89.69999694824219,1,0,False,yellow,No match in OSCAR/Surface,2026-07-01 00:00:00+00:00,JMA
Unknown,WDK38HS,,False,99.30000305175781,89.9000015258789,1,0,False,yellow,No match in OSCAR/Surface,2026-07-01 00:00:00+00:00,JMA
Unknown,9ZT9MRK,,False,-9.449999809265137,62.939998626708984,1,0,False,yellow,No match in OSCAR/Surface,2026-07-01 00:00:00+00:00,JMA
Unknown,YLV96WM,,False,-23.149999618530273,54.72999954223633,1,0,False,yellow,No match in OSCAR/Surface,2026-07-01 00:00:00+00:00,JMA
Unknown,WDK38HS,,False,50.400001525878906,89.69999694824219,1,0,False,yellow,No match in OSCAR/Surface,2026-07-01 00:00:00+00:00,JMA
Unknown,YLV96WM,,False,-17.6299991607666,55.2400016784668,1,0,False,yellow,No match in OSCAR/Surface,2026-07-01 00:00:00+00:00,JMA
