name,wigosid,country code,in OSCAR,longitude,latitude,rms,variable,date,center,marine_type
Unknown,1301773,,False,-11.256999969482422,32.55160140991211,0.362938,pressure,2026-07-01 00:00:00+00:00,JMA,buoy
Unknown,1301778,,False,-23.905399322509766,26.871999740600586,0.172261,pressure,2026-07-01 00:00:00+00:00,JMA,buoy
Unknown,1301784,,False,-20.910200119018555,39.130401611328125,0.767001,pressure,2026-07-01 00:00:00+00:00,JMA,buoy
Unknown,1301810,,False,-43.200401306152344,42.767601013183594,0.143393,pressure,2026-07-01 00:00:00+00:00,JMA,buoy
Unknown,1601745,,False,80.67479705810547,-34.5275993347168,0.194332,pressure,2026-07-01 00:00:00+00:00,JMA,buoy
Unknown,1601748,,False,19.980600357055664,-37.34260177612305,0.281212,pressure,2026-07-01 00:00:00+00:00,JMA,buoy
Unknown,1601749,,False,-0.9950000047683716,-37.93220138549805,0.333214,pressure,2026-07-01 00:00:00+00:00,JMA,buoy
Unknown,1701658,,False,4.84499979019165,-32.86520004272461,0.282731,pressure,2026-07-01 00:00:00+00:00,JMA,buoy
Unknown,1801773,,False,101.62159729003906,-60.08399963378906,0.416494,pressure,2026-07-01 00:00:00+00:00,JMA,buoy
Unknown,1801777,,False,-39.00830078125,48.230899810791016,0.122138,pressure,2026-07-01 00:00:00+00:00,JMA,buoy
Unknown,2101852,,False,176.45860290527344,41.22719955444336,0.113168,pressure,2026-07-01 00:00:00+00:00,JMA,buoy
Unknown,2101853,,False,153.30099487304688,46.745399475097656,0.169115,pressure,2026-07-01 00:00:00+00:00,JMA,buoy
Unknown,2101876,,False,159.6746063232422,35.792999267578125,0.244614,pressure,2026-07-01 00:00:00+00:00,JMA,buoy
Unknown,2801991,,False,149.9739990234375,40.7505989074707,0.142724,pressure,2026-07-01 00:00:00+00:00,JMA,buoy
Unknown,2802071,,False,112.65760040283203,-54.28200149536133,0.467626,pressure,2026-07-01 00:00:00+00:00,JMA,buoy
Unknown,3101573,,False,-88.89800262451172,-23.262399673461914,0.292997,pressure,2026-07-01 00:00:00+00:00,JMA,buoy
Unknown,3401650,,False,-93.55419921875,-24.423200607299805,0.341558,pressure,2026-07-01 00:00:00+00:00,JMA,buoy
Unknown,3401657,,False,-85.34159851074219,-24.452600479125977,0.545243,pressure,2026-07-01 00:00:00+00:00,JMA,buoy
Unknown,3801674,,False,-170.5659942626953,-48.20439910888672,0.33858,pressure,2026-07-01 00:00:00+00:00,JMA,buoy
Unknown,4100001,,False,-72.241943359375,34.70249938964844,0.236925,pressure,2026-07-01 00:00:00+00:00,JMA,buoy
Unknown,4100066,,False,-79.65583801269531,32.536109924316406,0.593913,pressure,2026-07-01 00:00:00+00:00,JMA,buoy
Unknown,4100069,,False,-80.80278015136719,29.288890838623047,0.257228,pressure,2026-07-01 00:00:00+00:00,JMA,buoy
Unknown,4100082,,False,-75.125,35.95000076293945,0.208395,pressure,2026-07-01 00:00:00+00:00,JMA,buoy
Unknown,4101727,,False,-62.86240005493164,27.153099060058594,0.227653,pressure,2026-07-01 00:00:00+00:00,JMA,buoy
Unknown,4200013,,False,-82.92388916015625,27.173059463500977,0.212112,pressure,2026-07-01 00:00:00+00:00,JMA,buoy
Unknown,4200022,,False,-83.74109649658203,27.5049991607666,0.366171,pressure,2026-07-01 00:00:00+00:00,JMA,buoy
Unknown,4400011,,False,-66.56195068359375,41.09305953979492,0.255487,pressure,2026-07-01 00:00:00+00:00,JMA,buoy
Unknown,4400079,,False,-74.82694244384766,36.17499923706055,0.220406,pressure,2026-07-01 00:00:00+00:00,JMA,buoy
Unknown,4400488,,False,-60.953800201416016,45.44499969482422,0.201948,pressure,2026-07-01 00:00:00+00:00,JMA,buoy
Unknown,4400489,,False,-61.14099884033203,45.48686981201172,0.226676,pressure,2026-07-01 00:00:00+00:00,JMA,buoy
Unknown,4500001,,False,-87.7925033569336,48.0613899230957,0.565432,pressure,2026-07-01 00:00:00+00:00,JMA,buoy
Unknown,4500004,,False,-86.58499908447266,47.58528137207031,0.401246,pressure,2026-07-01 00:00:00+00:00,JMA,buoy
Unknown,4500005,,False,-82.39833068847656,41.67667007446289,0.32211,pressure,2026-07-01 00:00:00+00:00,JMA,buoy
Unknown,4500006,,False,-89.79277801513672,47.334720611572266,0.219224,pressure,2026-07-01 00:00:00+00:00,JMA,buoy
Unknown,4500012,,False,-77.40083312988281,43.62083053588867,0.602079,pressure,2026-07-01 00:00:00+00:00,JMA,buoy
Unknown,4500027,,False,-91.93000030517578,46.859718322753906,0.691702,pressure,2026-07-01 00:00:00+00:00,JMA,buoy
Unknown,4500029,,False,-86.272216796875,42.89971923828125,1.019057,pressure,2026-07-01 00:00:00+00:00,JMA,buoy
Unknown,4500144,,False,-98.29000091552734,53.22999954223633,0.491759,pressure,2026-07-01 00:00:00+00:00,JMA,buoy
Unknown,4500162,,False,-83.27139282226562,44.98971939086914,0.565976,pressure,2026-07-01 00:00:00+00:00,JMA,buoy
Unknown,4500176,,False,-81.76526641845703,41.5502815246582,0.414205,pressure,2026-07-01 00:00:00+00:00,JMA,buoy
Unknown,4500178,,False,-73.39389038085938,44.603050231933594,0.9692,pressure,2026-07-01 00:00:00+00:00,JMA,buoy
Unknown,4500208,,False,-80.81305694580078,41.90834045410156,0.585052,pressure,2026-07-01 00:00:00+00:00,JMA,buoy
Unknown,4600006,,False,-137.3794403076172,40.76639175415039,0.285869,pressure,2026-07-01 00:00:00+00:00,JMA,buoy
Unknown,4600070,,False,175.26138305664062,55.04999923706055,0.37876,pressure,2026-07-01 00:00:00+00:00,JMA,buoy
Unknown,4600071,,False,179.76388549804688,51.040000915527344,0.387059,pressure,2026-07-01 00:00:00+00:00,JMA,buoy
Unknown,4600077,,False,-154.2111053466797,57.86861038208008,0.380789,pressure,2026-07-01 00:00:00+00:00,JMA,buoy
Unknown,4600083,,False,-138.01889038085938,58.27000045776367,0.537129,pressure,2026-07-01 00:00:00+00:00,JMA,buoy
Unknown,4600092,,False,-122.02916717529297,36.7511100769043,0.798438,pressure,2026-07-01 00:00:00+00:00,JMA,buoy
Unknown,4701550,,False,145.9149932861328,83.2208023071289,0.3012,pressure,2026-07-01 00:00:00+00:00,JMA,buoy
Unknown,4701579,,False,-167.23899841308594,77.89099884033203,0.196759,pressure,2026-07-01 00:00:00+00:00,JMA,buoy
Unknown,4804058,,False,0.23240000009536743,-41.34199905395508,0.184376,pressure,2026-07-01 00:00:00+00:00,JMA,buoy
Unknown,5501694,,False,-164.77340698242188,-35.66019821166992,0.387386,pressure,2026-07-01 00:00:00+00:00,JMA,buoy
Unknown,5501702,,False,-156.84039306640625,-40.26219940185547,0.67399,pressure,2026-07-01 00:00:00+00:00,JMA,buoy
Unknown,5501705,,False,-161.6042022705078,-44.69820022583008,0.321554,pressure,2026-07-01 00:00:00+00:00,JMA,buoy
Unknown,5501707,,False,-122.10399627685547,-38.770599365234375,0.554229,pressure,2026-07-01 00:00:00+00:00,JMA,buoy
Unknown,5501719,,False,164.42059326171875,-38.84519958496094,0.148738,pressure,2026-07-01 00:00:00+00:00,JMA,buoy
Unknown,5501792,,False,-173.66419982910156,-57.23379898071289,0.258374,pressure,2026-07-01 00:00:00+00:00,JMA,buoy
Unknown,5802065,,False,116.94519805908203,-59.41600036621094,0.333282,pressure,2026-07-01 00:00:00+00:00,JMA,buoy
Unknown,6100196,,False,3.6500000953674316,41.91299819946289,0.416951,pressure,2026-07-01 00:00:00+00:00,JMA,buoy
Unknown,6100197,,False,4.420000076293945,39.709999084472656,0.382554,pressure,2026-07-01 00:00:00+00:00,JMA,buoy
Unknown,6100198,,False,-2.3376998901367188,36.56890106201172,0.296069,pressure,2026-07-01 00:00:00+00:00,JMA,buoy
Unknown,6100417,,False,-0.314300000667572,37.654300689697266,0.222296,pressure,2026-07-01 00:00:00+00:00,JMA,buoy
Unknown,6100430,,False,2.109999895095825,39.561500549316406,0.254628,pressure,2026-07-01 00:00:00+00:00,JMA,buoy
Unknown,6200024,,False,-3.0536000728607178,43.64400100708008,0.290232,pressure,2026-07-01 00:00:00+00:00,JMA,buoy
Unknown,6200025,,False,-6.160900115966797,43.7495002746582,0.220233,pressure,2026-07-01 00:00:00+00:00,JMA,buoy
Unknown,6200083,,False,-9.211400032043457,43.49610137939453,0.289372,pressure,2026-07-01 00:00:00+00:00,JMA,buoy
Unknown,6200087,,False,6.783329963684082,54.68333053588867,0.296535,pressure,2026-07-01 00:00:00+00:00,JMA,buoy
Unknown,6200095,,False,-15.88479995727539,53.063018798828125,0.224437,pressure,2026-07-01 00:00:00+00:00,JMA,buoy
Unknown,6203625,,False,-45.777198791503906,29.724000930786133,0.177429,pressure,2026-07-01 00:00:00+00:00,JMA,buoy
Unknown,6203666,,False,45.047401428222656,85.57119750976562,0.206892,pressure,2026-07-01 00:00:00+00:00,JMA,buoy
Unknown,6203887,,False,-41.4297981262207,-29.028400421142578,0.37519,pressure,2026-07-01 00:00:00+00:00,JMA,buoy
Unknown,6204501,,False,-36.867401123046875,-17.84779930114746,0.524586,pressure,2026-07-01 00:00:00+00:00,JMA,buoy
Unknown,7801697,,False,-41.0166015625,45.18709945678711,0.135264,pressure,2026-07-01 00:00:00+00:00,JMA,buoy
Unknown,23459,,False,87.01000213623047,14.0,0.246112,pressure,2026-07-01 00:00:00+00:00,JMA,buoy
Unknown,4600059,,False,-129.97610473632812,38.06916046142578,0.119566,pressure,2026-07-01 00:00:00+00:00,JMA,buoy
Unknown,4200059,,False,-67.48278045654297,15.300000190734863,0.182049,pressure,2026-07-01 00:00:00+00:00,JMA,buoy
Unknown,22107,,False,126.0333023071289,33.08330154418945,0.229081,pressure,2026-07-01 00:00:00+00:00,JMA,buoy
Unknown,22186,,False,125.81390380859375,35.658599853515625,0.24727,pressure,2026-07-01 00:00:00+00:00,JMA,buoy
Unknown,22187,,False,127.02279663085938,33.12810134887695,0.240784,pressure,2026-07-01 00:00:00+00:00,JMA,buoy
Unknown,22301,,False,126.4000015258789,31.670000076293945,0.618272,pressure,2026-07-01 00:00:00+00:00,JMA,buoy
Unknown,22308,,False,125.1500015258789,35.279998779296875,0.233522,pressure,2026-07-01 00:00:00+00:00,JMA,buoy
Unknown,22191,,False,124.05693817138672,36.133331298828125,0.249519,pressure,2026-07-01 00:00:00+00:00,JMA,buoy
Unknown,22192,,False,123.26249694824219,34.0,0.389302,pressure,2026-07-01 00:00:00+00:00,JMA,buoy
Unknown,22299,,False,124.12999725341797,35.0,0.381597,pressure,2026-07-01 00:00:00+00:00,JMA,buoy
Unknown,22104,,False,128.89999389648438,34.766700744628906,0.282685,pressure,2026-07-01 00:00:00+00:00,JMA,buoy
Unknown,22108,,False,125.75,36.25,0.362295,pressure,2026-07-01 00:00:00+00:00,JMA,buoy
Unknown,22190,,False,129.87440490722656,36.906898498535156,0.303989,pressure,2026-07-01 00:00:00+00:00,JMA,buoy
Unknown,22302,,False,130.52000427246094,36.970001220703125,0.314348,pressure,2026-07-01 00:00:00+00:00,JMA,buoy
Unknown,22305,,False,129.60000610351562,38.369998931884766,0.269141,pressure,2026-07-01 00:00:00+00:00,JMA,buoy
Unknown,22309,,False,128.3800048828125,33.779998779296875,0.462577,pressure,2026-07-01 00:00:00+00:00,JMA,buoy
Unknown,22311,,False,129.32000732421875,37.459999084472656,0.305663,pressure,2026-07-01 00:00:00+00:00,JMA,buoy
Unknown,22188,,False,128.22500610351562,34.391700744628906,0.319428,pressure,2026-07-01 00:00:00+00:00,JMA,buoy
Unknown,1301821,,False,-12.59939956665039,-11.799599647521973,0.263522,pressure,2026-07-01 00:00:00+00:00,JMA,buoy
Unknown,6200084,,False,-9.429300308227539,42.117698669433594,0.22923,pressure,2026-07-01 00:00:00+00:00,JMA,buoy
Unknown,6200085,,False,-6.962900161743164,36.48970031738281,0.179039,pressure,2026-07-01 00:00:00+00:00,JMA,buoy
Unknown,4803996,,False,85.99980163574219,-1.1735999584197998,0.226948,pressure,2026-07-01 00:00:00+00:00,JMA,buoy
Unknown,4200023,,False,-83.08611297607422,26.010000228881836,0.189817,pressure,2026-07-01 00:00:00+00:00,JMA,buoy
Unknown,1801669,,False,75.0093994140625,-36.04059982299805,0.263673,pressure,2026-07-01 00:00:00+00:00,JMA,buoy
Unknown,7810110,,False,-117.306396484375,33.20439910888672,0.21869,pressure,2026-07-01 00:00:00+00:00,JMA,buoy
Unknown,7810111,,False,-117.306396484375,33.2046012878418,0.216524,pressure,2026-07-01 00:00:00+00:00,JMA,buoy
Unknown,7810112,,False,-117.306396484375,33.20439910888672,0.253929,pressure,2026-07-01 00:00:00+00:00,JMA,buoy
Unknown,7810114,,False,-117.306396484375,33.2046012878418,0.266736,pressure,2026-07-01 00:00:00+00:00,JMA,buoy
Unknown,7810115,,False,-117.306396484375,33.2046012878418,0.259331,pressure,2026-07-01 00:00:00+00:00,JMA,buoy
Unknown,2501558,,False,-175.02232360839844,75.4449462890625,0.318361,pressure,2026-07-01 00:00:00+00:00,JMA,buoy
Unknown,5802095,,False,-18.752399444580078,62.364601135253906,0.199481,pressure,2026-07-01 00:00:00+00:00,JMA,buoy
Unknown,7810263,,False,-117.30619812011719,33.20439910888672,1.213468,pressure,2026-07-01 00:00:00+00:00,JMA,buoy
Unknown,7810264,,False,-117.30619812011719,33.20439910888672,0.363707,pressure,2026-07-01 00:00:00+00:00,JMA,buoy
Unknown,7810265,,False,-117.306396484375,33.20439910888672,0.1886,pressure,2026-07-01 00:00:00+00:00,JMA,buoy
Unknown,4101871,,False,4.622200012207031,-12.733599662780762,0.332131,pressure,2026-07-01 00:00:00+00:00,JMA,buoy
Unknown,4101872,,False,7.152599811553955,-15.392000198364258,0.256126,pressure,2026-07-01 00:00:00+00:00,JMA,buoy
Unknown,7801755,,False,-18.56060028076172,22.801000595092773,0.102577,pressure,2026-07-01 00:00:00+00:00,JMA,buoy
Unknown,6801929,,False,-21.018199920654297,15.705400466918945,0.155323,pressure,2026-07-01 00:00:00+00:00,JMA,buoy
Unknown,7810096,,False,-117.306396484375,33.2046012878418,0.154954,pressure,2026-07-01 00:00:00+00:00,JMA,buoy
Unknown,7810097,,False,-117.306396484375,33.20439910888672,0.185598,pressure,2026-07-01 00:00:00+00:00,JMA,buoy
Unknown,7810099,,False,-117.306396484375,33.2046012878418,0.572359,pressure,2026-07-01 00:00:00+00:00,JMA,buoy
Unknown,1801670,,False,-45.014801025390625,47.03960037231445,0.12308,pressure,2026-07-01 00:00:00+00:00,JMA,buoy
Unknown,4401659,,False,-100.341796875,-16.229000091552734,0.166386,pressure,2026-07-01 00:00:00+00:00,JMA,buoy
Unknown,4100068,,False,-80.189453125,27.59333038330078,0.267507,pressure,2026-07-01 00:00:00+00:00,JMA,buoy
Unknown,4401653,,False,-144.9615936279297,28.234399795532227,0.13633,pressure,2026-07-01 00:00:00+00:00,JMA,buoy
Unknown,7810498,,False,-140.12620544433594,40.90639877319336,0.831463,pressure,2026-07-01 00:00:00+00:00,JMA,buoy
Unknown,7810504,,False,-149.869140625,40.392181396484375,0.326289,pressure,2026-07-01 00:00:00+00:00,JMA,buoy
Unknown,7810512,,False,-142.5879669189453,40.99045944213867,0.122319,pressure,2026-07-01 00:00:00+00:00,JMA,buoy
Unknown,4401662,,False,-149.87930297851562,25.911100387573242,0.257607,pressure,2026-07-01 00:00:00+00:00,JMA,buoy
Unknown,4401663,,False,-146.9145050048828,27.23870086669922,0.176319,pressure,2026-07-01 00:00:00+00:00,JMA,buoy
Unknown,2801995,,False,-62.491798400878906,-57.01100158691406,0.24046,pressure,2026-07-01 00:00:00+00:00,JMA,buoy
Unknown,2802006,,False,-61.185001373291016,-58.0093994140625,0.417118,pressure,2026-07-01 00:00:00+00:00,JMA,buoy
Unknown,7810536,,False,-117.25180053710938,32.867401123046875,0.315642,pressure,2026-07-01 00:00:00+00:00,JMA,buoy
Unknown,7810537,,False,-117.25180053710938,32.867401123046875,0.60406,pressure,2026-07-01 00:00:00+00:00,JMA,buoy
Unknown,7810539,,False,-117.25180053710938,32.867401123046875,0.119238,pressure,2026-07-01 00:00:00+00:00,JMA,buoy
Unknown,7810541,,False,-117.25180053710938,32.867401123046875,0.327652,pressure,2026-07-01 00:00:00+00:00,JMA,buoy
Unknown,3801624,,False,-59.050201416015625,-58.994598388671875,0.359967,pressure,2026-07-01 00:00:00+00:00,JMA,buoy
Unknown,7810547,,False,-117.25180053710938,32.867401123046875,0.228624,pressure,2026-07-01 00:00:00+00:00,JMA,buoy
Unknown,7810551,,False,-117.25180053710938,32.867401123046875,0.086008,pressure,2026-07-01 00:00:00+00:00,JMA,buoy
Unknown,7810553,,False,-117.25180053710938,32.867401123046875,0.204581,pressure,2026-07-01 00:00:00+00:00,JMA,buoy
Unknown,4401655,,False,-162.9163055419922,20.940399169921875,0.157476,pressure,2026-07-01 00:00:00+00:00,JMA,buoy
Unknown,4401654,,False,-170.9918975830078,21.678600311279297,0.17102,pressure,2026-07-01 00:00:00+00:00,JMA,buoy
Unknown,1801728,,False,-68.9010009765625,-58.9370002746582,0.793328,pressure,2026-07-01 00:00:00+00:00,JMA,buoy
Unknown,7801625,,False,167.49920654296875,-35.339599609375,0.162372,pressure,2026-07-01 00:00:00+00:00,JMA,buoy
Unknown,4804027,,False,157.7884063720703,-52.56999969482422,0.203978,pressure,2026-07-01 00:00:00+00:00,JMA,buoy
Unknown,4200067,,False,-88.58334350585938,30.049720764160156,0.268857,pressure,2026-07-01 00:00:00+00:00,JMA,buoy
Unknown,7810054,,False,-117.306396484375,33.20439910888672,0.216243,pressure,2026-07-01 00:00:00+00:00,JMA,buoy
Unknown,7810065,,False,-117.306396484375,33.2046012878418,0.382697,pressure,2026-07-01 00:00:00+00:00,JMA,buoy
Unknown,7810483,,False,15.493599891662598,-27.966999053955078,0.236868,pressure,2026-07-01 00:00:00+00:00,JMA,buoy
Unknown,7810484,,False,14.767000198364258,-26.031400680541992,0.177432,pressure,2026-07-01 00:00:00+00:00,JMA,buoy
Unknown,7810485,,False,14.766599655151367,-26.02899932861328,0.169605,pressure,2026-07-01 00:00:00+00:00,JMA,buoy
Unknown,7810478,,False,1.7790000438690186,-10.008600234985352,0.154642,pressure,2026-07-01 00:00:00+00:00,JMA,buoy
Unknown,1801861,,False,-48.64799880981445,-77.46499633789062,0.471536,pressure,2026-07-01 00:00:00+00:00,JMA,buoy
Unknown,2801996,,False,-70.9542007446289,-61.00559997558594,0.210523,pressure,2026-07-01 00:00:00+00:00,JMA,buoy
Unknown,4804024,,False,-68.93299865722656,-58.973201751708984,0.417166,pressure,2026-07-01 00:00:00+00:00,JMA,buoy
Unknown,7810472,,False,70.08519744873047,-24.678600311279297,0.49818,pressure,2026-07-01 00:00:00+00:00,JMA,buoy
Unknown,4701600,,False,-148.88958740234375,72.37669372558594,0.189655,pressure,2026-07-01 00:00:00+00:00,JMA,buoy
Unknown,6301514,,False,-150.4489288330078,80.7680892944336,0.174285,pressure,2026-07-01 00:00:00+00:00,JMA,buoy
Unknown,6301515,,False,-167.24388122558594,78.8613510131836,0.295866,pressure,2026-07-01 00:00:00+00:00,JMA,buoy
Unknown,2300009,,False,88.99749755859375,15.050869941711426,0.875937,pressure,2026-07-01 00:00:00+00:00,JMA,buoy
1501730,0-22000-0-1501730,USA,True,-17.487,-34.86,0.487903,pressure,2026-07-01 00:00:00+00:00,JMA,buoy
1501731,0-22000-0-1501731,USA,True,-11.435,-30.456,0.410361,pressure,2026-07-01 00:00:00+00:00,JMA,buoy
1601729,0-22000-0-1601729,USA,True,76.168,-29.531,0.249514,pressure,2026-07-01 00:00:00+00:00,JMA,buoy
1601731,0-22000-0-1601731,USA,True,4.587,-20.965,0.230503,pressure,2026-07-01 00:00:00+00:00,JMA,buoy
1701652,0-22000-0-1701652,USA,True,40.025,-25.445,0.184764,pressure,2026-07-01 00:00:00+00:00,JMA,buoy
1801682,0-22000-0-1801682,USA,True,-33.003,-24.095,0.490031,pressure,2026-07-01 00:00:00+00:00,JMA,buoy
1801683,0-22000-0-1801683,USA,True,-32.416,-24.716,0.347667,pressure,2026-07-01 00:00:00+00:00,JMA,buoy
1801696,0-22000-0-1801696,USA,True,168.684,-47.562,0.187062,pressure,2026-07-01 00:00:00+00:00,JMA,buoy
1801721,0-22000-0-1801721,USA,True,-17.465,-23.218,0.177981,pressure,2026-07-01 00:00:00+00:00,JMA,buoy
1801826,0-22000-0-1801826,USA,True,-132.442,20.18,0.0946,pressure,2026-07-01 00:00:00+00:00,JMA,buoy
2101823,0-22000-0-2101823,USA,True,-170.548,32.721,0.151675,pressure,2026-07-01 00:00:00+00:00,JMA,buoy
2101824,0-22000-0-2101824,USA,True,-144.299,32.564,0.134751,pressure,2026-07-01 00:00:00+00:00,JMA,buoy
2101827,0-22000-0-2101827,USA,True,-130.967,37.81,0.145268,pressure,2026-07-01 00:00:00+00:00,JMA,buoy
2101839,0-22000-0-2101839,USA,True,-146.32,33.459,0.189686,pressure,2026-07-01 00:00:00+00:00,JMA,buoy
2101859,0-22000-0-2101859,USA,True,-139.911,36.85,0.080583,pressure,2026-07-01 00:00:00+00:00,JMA,buoy
2501581,0-22000-0-2501581,USA,True,-144.43,75.658,0.345693,pressure,2026-07-01 00:00:00+00:00,JMA,buoy
2501582,0-22000-0-2501582,USA,True,-144.455,80.607,0.225456,pressure,2026-07-01 00:00:00+00:00,JMA,buoy
2501588,0-22000-0-2501588,USA,True,-168.501,76.175,0.476728,pressure,2026-07-01 00:00:00+00:00,JMA,buoy
2802017,0-22000-0-2802017,USA,True,-130.657,17.226,0.264731,pressure,2026-07-01 00:00:00+00:00,JMA,buoy
2802103,0-22000-0-2802103,AUS,True,174.161,-31.472,0.180909,pressure,2026-07-01 00:00:00+00:00,JMA,buoy
4401584,0-22000-0-4401584,,True,-67.272,25.358,0.182329,pressure,2026-07-01 00:00:00+00:00,JMA,buoy
4602569,0-22000-0-4602569,USA,True,-138.973,27.994,0.209562,pressure,2026-07-01 00:00:00+00:00,JMA,buoy
4602596,0-22000-0-4602596,USA,True,-164.642,25.2,0.242969,pressure,2026-07-01 00:00:00+00:00,JMA,buoy
4602606,0-22000-0-4602606,USA,True,-150.843,24.762,0.305129,pressure,2026-07-01 00:00:00+00:00,JMA,buoy
4802664,0-22000-0-4802664,CAN,True,-50.489,83.401,0.411401,pressure,2026-07-01 00:00:00+00:00,JMA,buoy
4804044,0-22000-0-4804044,USA,True,18.002,35.542,0.132031,pressure,2026-07-01 00:00:00+00:00,JMA,buoy
5103557,0-22000-0-5103557,USA,True,-167.5,38.241,0.132922,pressure,2026-07-01 00:00:00+00:00,JMA,buoy
5601706,0-22000-0-5601706,USA,True,-51.905,-55.4,0.263228,pressure,2026-07-01 00:00:00+00:00,JMA,buoy
5601711,0-22000-0-5601711,USA,True,-161.583,-55.313,0.242265,pressure,2026-07-01 00:00:00+00:00,JMA,buoy
5601751,0-22000-0-5601751,AUS,True,15.17,-39.46,0.460688,pressure,2026-07-01 00:00:00+00:00,JMA,buoy
5802012,0-22000-0-5802012,USA,True,-117.306,33.204,0.273192,pressure,2026-07-01 00:00:00+00:00,JMA,buoy
5802026,0-22000-0-5802026,USA,True,-15.992,43.747,0.323074,pressure,2026-07-01 00:00:00+00:00,JMA,buoy
6203810,0-22000-0-6203810,USA,True,-19.374,-24.275,0.556807,pressure,2026-07-01 00:00:00+00:00,JMA,buoy
6801792,0-22000-0-6801792,USA,True,-171.568,44.886,0.185551,pressure,2026-07-01 00:00:00+00:00,JMA,buoy
6801937,0-22000-0-6801937,USA,True,-161.741,38.133,0.107064,pressure,2026-07-01 00:00:00+00:00,JMA,buoy
7801573,0-22000-0-7801573,USA,True,-38.745,-32.831,0.454527,pressure,2026-07-01 00:00:00+00:00,JMA,buoy
7801647,0-22000-0-7801647,USA,True,-44.548,24.807,0.233787,pressure,2026-07-01 00:00:00+00:00,JMA,buoy
7810310,0-22000-0-7810310,USA,True,-33.03,35.504,0.117309,pressure,2026-07-01 00:00:00+00:00,JMA,buoy
7810312,0-22000-0-7810312,USA,True,-38.681,44.923,0.127608,pressure,2026-07-01 00:00:00+00:00,JMA,buoy
1501716_100,0-22000-100-1501716,USA,True,-50.904,-31.246,0.987889,pressure,2026-07-01 00:00:00+00:00,JMA,buoy
4402654_100,0-22000-100-4402654,USA,True,-134.97,43.944,0.165282,pressure,2026-07-01 00:00:00+00:00,JMA,buoy
Unknown,7801607,,False,94.77880096435547,-15.131199836730957,0.590762,pressure,2026-07-01 00:00:00+00:00,JMA,buoy
4300001_040,0-22000-40-4300001,USA,True,-110.1,8.0,0.476131,pressure,2026-07-01 00:00:00+00:00,JMA,buoy
3200315_048,0-22000-48-3200315,USA,True,-110.1,5.0,0.486219,pressure,2026-07-01 00:00:00+00:00,JMA,buoy
Unknown,4500197,,False,-81.61750030517578,41.61943817138672,0.451199,pressure,2026-07-01 00:00:00+00:00,JMA,buoy
4100002,0-22000-0-4100002,USA,True,-74.955,31.743,0.251565,pressure,2026-07-01 00:00:00+00:00,JMA,buoy
4100008,0-22000-0-4100008,USA,True,-80.866,31.4,0.376772,pressure,2026-07-01 00:00:00+00:00,JMA,buoy
4100009,0-22000-0-4100009,USA,True,-80.185,28.508,0.183496,pressure,2026-07-01 00:00:00+00:00,JMA,buoy
4100024,0-22000-0-4100024,USA,True,-78.477,33.837,0.690756,pressure,2026-07-01 00:00:00+00:00,JMA,buoy
4100025,0-22000-0-4100025,USA,True,-75.38,35.026,0.249136,pressure,2026-07-01 00:00:00+00:00,JMA,buoy
4100029,0-22000-0-4100029,USA,True,-79.624,32.803,0.429663,pressure,2026-07-01 00:00:00+00:00,JMA,buoy
4100033,0-22000-0-4100033,USA,True,-80.406,32.279,0.297987,pressure,2026-07-01 00:00:00+00:00,JMA,buoy
4100038,0-22000-0-4100038,USA,True,-77.718,34.144,0.553192,pressure,2026-07-01 00:00:00+00:00,JMA,buoy
4100040,0-22000-0-4100040,USA,True,-53.0,14.6,0.143098,pressure,2026-07-01 00:00:00+00:00,JMA,buoy
4100043,0-22000-0-4100043,USA,True,-64.864,21.09,0.524311,pressure,2026-07-01 00:00:00+00:00,JMA,buoy
4100044,0-22000-0-4100044,USA,True,-58.63,21.582,0.365445,pressure,2026-07-01 00:00:00+00:00,JMA,buoy
4100046,0-22000-0-4100046,USA,True,-68.34,23.84,0.145071,pressure,2026-07-01 00:00:00+00:00,JMA,buoy
4100052,0-22000-0-4100052,USA,True,-64.763,18.249,0.561921,pressure,2026-07-01 00:00:00+00:00,JMA,buoy
4200002,0-22000-0-4200002,USA,True,-93.78,25.95,0.440842,pressure,2026-07-01 00:00:00+00:00,JMA,buoy
4200035,0-22000-0-4200035,USA,True,-94.4,29.2,0.147141,pressure,2026-07-01 00:00:00+00:00,JMA,buoy
4200036,0-22000-0-4200036,USA,True,-84.505,28.5,0.214158,pressure,2026-07-01 00:00:00+00:00,JMA,buoy
4200055,0-22000-0-4200055,USA,True,-94.112,22.14,0.154772,pressure,2026-07-01 00:00:00+00:00,JMA,buoy
4200056,0-22000-0-4200056,USA,True,-84.98,19.82,0.281837,pressure,2026-07-01 00:00:00+00:00,JMA,buoy
4200058,0-22000-0-4200058,USA,True,-75.9,14.1,1.100765,pressure,2026-07-01 00:00:00+00:00,JMA,buoy
4200060,0-22000-0-4200060,USA,True,-63.329,16.434,0.143146,pressure,2026-07-01 00:00:00+00:00,JMA,buoy
4400008,0-22000-0-4400008,USA,True,-69.254,40.5,0.568687,pressure,2026-07-01 00:00:00+00:00,JMA,buoy
4400014,0-22000-0-4400014,USA,True,-74.837,36.603,0.563959,pressure,2026-07-01 00:00:00+00:00,JMA,buoy
4400139,0-22000-0-4400139,CAN,True,-57.1,44.2,0.290524,pressure,2026-07-01 00:00:00+00:00,JMA,buoy
4400150,0-22000-0-4400150,CAN,True,-64.0,42.5,0.34591,pressure,2026-07-01 00:00:00+00:00,JMA,buoy
4400258,0-22000-0-4400258,CAN,True,-63.4,44.5,0.293395,pressure,2026-07-01 00:00:00+00:00,JMA,buoy
4500002,0-22000-0-4500002,USA,True,-86.4,45.3,0.664205,pressure,2026-07-01 00:00:00+00:00,JMA,buoy
4500135,0-22000-0-4500135,CAN,True,-76.868,43.784,0.26638,pressure,2026-07-01 00:00:00+00:00,JMA,buoy
4500136,0-22000-0-4500136,CAN,True,-86.953,48.535,0.316597,pressure,2026-07-01 00:00:00+00:00,JMA,buoy
4500137,0-22000-0-4500137,CAN,True,-81.015,45.544,0.502642,pressure,2026-07-01 00:00:00+00:00,JMA,buoy
4500139,0-22000-0-4500139,CAN,True,-79.8,43.3,0.210605,pressure,2026-07-01 00:00:00+00:00,JMA,buoy
4500140,0-22000-0-4500140,CAN,True,-97.2,49.9,0.682862,pressure,2026-07-01 00:00:00+00:00,JMA,buoy
4500143,0-22000-0-4500143,CAN,True,-80.627,44.945,0.425682,pressure,2026-07-01 00:00:00+00:00,JMA,buoy
4500145,0-22000-0-4500145,CAN,True,-97.2,49.9,0.686183,pressure,2026-07-01 00:00:00+00:00,JMA,buoy
4500147,0-22000-0-4500147,CAN,True,-82.683,42.43,0.356499,pressure,2026-07-01 00:00:00+00:00,JMA,buoy
4500148,0-22000-0-4500148,CAN,True,-94.502,49.651,0.29537,pressure,2026-07-01 00:00:00+00:00,JMA,buoy
4500149,0-22000-0-4500149,CAN,True,-82.075,43.542,0.395856,pressure,2026-07-01 00:00:00+00:00,JMA,buoy
4500151,0-22000-0-4500151,CAN,True,-79.367,44.5,0.274795,pressure,2026-07-01 00:00:00+00:00,JMA,buoy
4500152,0-22000-0-4500152,CAN,True,-79.716,46.233,0.922115,pressure,2026-07-01 00:00:00+00:00,JMA,buoy
4500154,0-22000-0-4500154,CAN,True,-82.637,46.051,0.581828,pressure,2026-07-01 00:00:00+00:00,JMA,buoy
4500159,0-22000-0-4500159,CAN,True,-78.984,43.767,0.257671,pressure,2026-07-01 00:00:00+00:00,JMA,buoy
4600001,0-22000-0-4600001,USA,True,-148.027,56.296,0.246552,pressure,2026-07-01 00:00:00+00:00,JMA,buoy
4600004,0-22000-0-4600004,CAN,True,-136.0,50.9,0.277605,pressure,2026-07-01 00:00:00+00:00,JMA,buoy
4600013,0-22000-0-4600013,USA,True,-123.3,38.2,0.344358,pressure,2026-07-01 00:00:00+00:00,JMA,buoy
4600015,0-22000-0-4600015,USA,True,-124.839,42.754,0.235027,pressure,2026-07-01 00:00:00+00:00,JMA,buoy
4600022,0-22000-0-4600022,USA,True,-124.54,40.716,0.266315,pressure,2026-07-01 00:00:00+00:00,JMA,buoy
4600025,0-22000-0-4600025,USA,True,-119.045,33.755,0.186786,pressure,2026-07-01 00:00:00+00:00,JMA,buoy
4600026,0-22000-0-4600026,USA,True,-122.838,37.75,0.267032,pressure,2026-07-01 00:00:00+00:00,JMA,buoy
4600027,0-22000-0-4600027,USA,True,-124.382,41.84,0.38438,pressure,2026-07-01 00:00:00+00:00,JMA,buoy
4600028,0-22000-0-4600028,USA,True,-121.903,35.77,0.344815,pressure,2026-07-01 00:00:00+00:00,JMA,buoy
4600029,0-22000-0-4600029,USA,True,-124.508,46.148,0.396938,pressure,2026-07-01 00:00:00+00:00,JMA,buoy
4600035,0-22000-0-4600035,USA,True,-177.468,57.034,0.31924,pressure,2026-07-01 00:00:00+00:00,JMA,buoy
4600036,0-22000-0-4600036,CAN,True,-133.9,48.4,0.191255,pressure,2026-07-01 00:00:00+00:00,JMA,buoy
4600047,0-22000-0-4600047,USA,True,-119.535,32.418,0.594561,pressure,2026-07-01 00:00:00+00:00,JMA,buoy
4600054,0-22000-0-4600054,USA,True,-120.468,34.274,1.664944,pressure,2026-07-01 00:00:00+00:00,JMA,buoy
4600060,0-22000-0-4600060,USA,True,-146.795,60.571,0.286006,pressure,2026-07-01 00:00:00+00:00,JMA,buoy
4600072,0-22000-0-4600072,USA,True,-172.145,51.645,0.395702,pressure,2026-07-01 00:00:00+00:00,JMA,buoy
4600073,0-22000-0-4600073,USA,True,-172.0,55.0,0.66005,pressure,2026-07-01 00:00:00+00:00,JMA,buoy
4600078,0-22000-0-4600078,USA,True,-152.6,55.6,0.306497,pressure,2026-07-01 00:00:00+00:00,JMA,buoy
4600080,0-22000-0-4600080,USA,True,-150.129,57.91,0.519476,pressure,2026-07-01 00:00:00+00:00,JMA,buoy
4600082,0-22000-0-4600082,USA,True,-143.353,59.67,0.219521,pressure,2026-07-01 00:00:00+00:00,JMA,buoy
4600084,0-22000-0-4600084,USA,True,-136.04,56.614,0.200806,pressure,2026-07-01 00:00:00+00:00,JMA,buoy
4600085,0-22000-0-4600085,USA,True,-142.92,55.845,0.32626,pressure,2026-07-01 00:00:00+00:00,JMA,buoy
4600086,0-22000-0-4600086,USA,True,-118.029,32.504,0.201105,pressure,2026-07-01 00:00:00+00:00,JMA,buoy
4600089,0-22000-0-4600089,USA,True,-125.815,45.928,0.492283,pressure,2026-07-01 00:00:00+00:00,JMA,buoy
4600132,0-22000-0-4600132,CAN,True,-127.882,49.771,0.342766,pressure,2026-07-01 00:00:00+00:00,JMA,buoy
4600145,0-22000-0-4600145,CAN,True,-132.4,54.4,0.375726,pressure,2026-07-01 00:00:00+00:00,JMA,buoy
4600181,0-22000-0-4600181,CAN,True,-128.8,53.8,0.490491,pressure,2026-07-01 00:00:00+00:00,JMA,buoy
4600184,0-22000-0-4600184,USA,True,-138.7,53.9,0.191456,pressure,2026-07-01 00:00:00+00:00,JMA,buoy
4600185,0-22000-0-4600185,CAN,True,-130.1,52.5,0.322814,pressure,2026-07-01 00:00:00+00:00,JMA,buoy
4600205,0-22000-0-4600205,CAN,True,-134.3,54.2,0.186506,pressure,2026-07-01 00:00:00+00:00,JMA,buoy
4600208,0-22000-0-4600208,CAN,True,-132.7,52.5,0.557014,pressure,2026-07-01 00:00:00+00:00,JMA,buoy
5100002,0-22000-0-5100002,USA,True,-157.755,17.07,0.295817,pressure,2026-07-01 00:00:00+00:00,JMA,buoy
5100101,0-22000-0-5100101,USA,True,-162.081,24.359,0.688981,pressure,2026-07-01 00:00:00+00:00,JMA,buoy
6200086,0-22000-0-6200086,DEU,True,6.5,55.0,0.321773,pressure,2026-07-01 00:00:00+00:00,JMA,buoy
6600021,0-22000-0-6600021,DEU,True,13.867,54.883,0.981195,pressure,2026-07-01 00:00:00+00:00,JMA,buoy
6600022,0-22000-0-6600022,DEU,True,14.167,54.083,0.377274,pressure,2026-07-01 00:00:00+00:00,JMA,buoy
6600024,0-22000-0-6600024,DEU,True,12.7,54.7,1.282954,pressure,2026-07-01 00:00:00+00:00,JMA,buoy
4600087,0-22000-0-4600087,USA,True,-124.727,48.493,0.167857,pressure,2026-07-01 00:00:00+00:00,JMA,buoy
Unknown,6203677,,False,-23.366300582885742,42.88750076293945,0.137045,pressure,2026-07-01 00:00:00+00:00,JMA,buoy
Unknown,6203674,,False,-31.49169921875,53.00979995727539,0.242137,pressure,2026-07-01 00:00:00+00:00,JMA,buoy
4500132,0-22000-0-4500132,CAN,True,-81.216,42.463,0.262082,pressure,2026-07-01 00:00:00+00:00,JMA,buoy
4500142,0-22000-0-4500142,CAN,True,-79.29,42.737,0.247877,pressure,2026-07-01 00:00:00+00:00,JMA,buoy
4600066,0-22000-0-4600066,USA,True,-155.017,52.775,0.366332,pressure,2026-07-01 00:00:00+00:00,JMA,buoy
Unknown,2601527,,False,-157.12139892578125,74.54959869384766,0.190395,pressure,2026-07-01 00:00:00+00:00,JMA,buoy
Unknown,2601540,,False,122.914306640625,80.57588195800781,0.290591,pressure,2026-07-01 00:00:00+00:00,JMA,buoy
Unknown,2601541,,False,119.65538787841797,82.54850769042969,0.264783,pressure,2026-07-01 00:00:00+00:00,JMA,buoy
Unknown,2601531,,False,-166.68304443359375,76.64897155761719,0.228048,pressure,2026-07-01 00:00:00+00:00,JMA,buoy
Unknown,2601532,,False,-163.54042053222656,77.82621002197266,0.182976,pressure,2026-07-01 00:00:00+00:00,JMA,buoy
Unknown,2601534,,False,-155.47415161132812,78.46407318115234,0.249643,pressure,2026-07-01 00:00:00+00:00,JMA,buoy
Unknown,2601536,,False,-138.3710174560547,74.8343276977539,0.241845,pressure,2026-07-01 00:00:00+00:00,JMA,buoy
Unknown,7801594,,False,-10.128399848937988,60.444400787353516,0.277872,pressure,2026-07-01 00:00:00+00:00,JMA,buoy
5802230,0-22000-0-5802230,AUS,True,110.56,-27.299,0.351625,pressure,2026-07-01 00:00:00+00:00,JMA,buoy
5200321_039,0-22000-39-5200321,USA,True,163.3,0.0001,0.751207,pressure,2026-07-01 00:00:00+00:00,JMA,buoy
5200002_055,0-22000-55-5200002,USA,True,163.5,-2.0,0.519687,pressure,2026-07-01 00:00:00+00:00,JMA,buoy
1500001_025,0-22000-25-1500001,USA,True,-9.984,-9.91,0.138037,pressure,2026-07-01 00:00:00+00:00,JMA,buoy
3100007_025,0-22000-25-3100007,USA,True,-22.995,0.003,0.210685,pressure,2026-07-01 00:00:00+00:00,JMA,buoy
Unknown,21706,,False,140.7100067138672,32.40999984741211,0.376211,pressure,2026-07-01 00:00:00+00:00,JMA,buoy
Unknown,21709,,False,144.67999267578125,40.029998779296875,0.295236,pressure,2026-07-01 00:00:00+00:00,JMA,buoy
4600005,0-22000-0-4600005,USA,True,-131.1,46.1,0.16886,pressure,2026-07-01 00:00:00+00:00,JMA,buoy
5200311_038,0-22000-38-5200311,USA,True,-179.9,0.0001,0.185453,pressure,2026-07-01 00:00:00+00:00,JMA,buoy
5802099,0-22000-0-5802099,AUS,True,174.897,-27.085,0.763756,pressure,2026-07-01 00:00:00+00:00,JMA,buoy
Unknown,7811007,,False,137.15960693359375,85.6729965209961,0.364508,pressure,2026-07-01 00:00:00+00:00,JMA,buoy
Unknown,4600207,,False,-129.91600036621094,50.874000549316406,0.242582,pressure,2026-07-01 00:00:00+00:00,JMA,buoy
Unknown,4601554,,False,163.88760375976562,74.75440216064453,0.298868,pressure,2026-07-01 00:00:00+00:00,JMA,buoy
Unknown,4601556,,False,170.37879943847656,78.67739868164062,0.283919,pressure,2026-07-01 00:00:00+00:00,JMA,buoy
Unknown,4601558,,False,124.72260284423828,78.44779968261719,0.338884,pressure,2026-07-01 00:00:00+00:00,JMA,buoy
5100010_044,0-22000-44-5100010,USA,True,-169.7,0.1,0.335913,pressure,2026-07-01 00:00:00+00:00,JMA,buoy
5100022_038,0-22000-38-5100022,USA,True,-152.1,-2.0,0.109631,pressure,2026-07-01 00:00:00+00:00,JMA,buoy
Unknown,2801970,,False,-13.574199676513672,34.28620147705078,0.156867,pressure,2026-07-01 00:00:00+00:00,JMA,buoy
Unknown,7811074,,False,-108.25019836425781,76.48699951171875,0.891905,pressure,2026-07-01 00:00:00+00:00,JMA,buoy
Unknown,4600002,,False,-130.52333068847656,42.560001373291016,0.192952,pressure,2026-07-01 00:00:00+00:00,JMA,buoy
Unknown,1301808,,False,-12.235600471496582,60.86980056762695,0.166114,pressure,2026-07-01 00:00:00+00:00,JMA,buoy
Unknown,7810684,,False,-158.46060180664062,51.46659851074219,1.432493,pressure,2026-07-01 00:00:00+00:00,JMA,buoy
Unknown,7810686,,False,-159.5074005126953,52.033599853515625,0.276788,pressure,2026-07-01 00:00:00+00:00,JMA,buoy
Unknown,7894569,,False,-42.370601654052734,44.219398498535156,0.342656,pressure,2026-07-01 00:00:00+00:00,JMA,buoy
Unknown,7894570,,False,-39.460201263427734,43.91469955444336,0.351663,pressure,2026-07-01 00:00:00+00:00,JMA,buoy
Unknown,7810683,,False,-156.7218017578125,49.36000061035156,0.239287,pressure,2026-07-01 00:00:00+00:00,JMA,buoy
Unknown,7810685,,False,-156.7595977783203,48.51259994506836,0.198049,pressure,2026-07-01 00:00:00+00:00,JMA,buoy
Unknown,2802244,,False,-44.973899841308594,44.54280090332031,0.197025,pressure,2026-07-01 00:00:00+00:00,JMA,buoy
Unknown,7810696,,False,-157.89500427246094,30.902799606323242,0.1158,pressure,2026-07-01 00:00:00+00:00,JMA,buoy
Unknown,7810695,,False,-157.72140502929688,27.11440086364746,0.102654,pressure,2026-07-01 00:00:00+00:00,JMA,buoy
Unknown,7810694,,False,-157.8372039794922,26.68400001525879,0.10933,pressure,2026-07-01 00:00:00+00:00,JMA,buoy
Unknown,4200028,,False,-86.22693634033203,29.7450008392334,0.162703,pressure,2026-07-01 00:00:00+00:00,JMA,buoy
Unknown,6204523,,False,-52.04600143432617,43.99420166015625,0.261108,pressure,2026-07-01 00:00:00+00:00,JMA,buoy
Unknown,6204525,,False,-51.06119918823242,43.450599670410156,0.370423,pressure,2026-07-01 00:00:00+00:00,JMA,buoy
Unknown,7810737,,False,-159.4972686767578,50.734230041503906,0.307607,pressure,2026-07-01 00:00:00+00:00,JMA,buoy
Unknown,7810738,,False,-159.4380340576172,50.707061767578125,0.191768,pressure,2026-07-01 00:00:00+00:00,JMA,buoy
Unknown,7810739,,False,-156.05117797851562,51.260311126708984,0.309187,pressure,2026-07-01 00:00:00+00:00,JMA,buoy
Unknown,7810740,,False,-156.0589141845703,51.26652908325195,0.269384,pressure,2026-07-01 00:00:00+00:00,JMA,buoy
Unknown,7810741,,False,-162.96624755859375,50.038089752197266,0.272706,pressure,2026-07-01 00:00:00+00:00,JMA,buoy
Unknown,7810735,,False,-148.89198303222656,51.85301971435547,0.186413,pressure,2026-07-01 00:00:00+00:00,JMA,buoy
Unknown,7810736,,False,-148.89056396484375,51.857521057128906,0.262752,pressure,2026-07-01 00:00:00+00:00,JMA,buoy
Unknown,7810748,,False,-147.53384399414062,51.938968658447266,0.16198,pressure,2026-07-01 00:00:00+00:00,JMA,buoy
Unknown,7810750,,False,-157.7592315673828,50.950538635253906,0.236756,pressure,2026-07-01 00:00:00+00:00,JMA,buoy
Unknown,7810752,,False,-154.23916625976562,51.47174835205078,0.279795,pressure,2026-07-01 00:00:00+00:00,JMA,buoy
Unknown,7810743,,False,-150.6384735107422,51.73904037475586,0.240005,pressure,2026-07-01 00:00:00+00:00,JMA,buoy
Unknown,7810746,,False,-152.4782257080078,51.60873031616211,0.206223,pressure,2026-07-01 00:00:00+00:00,JMA,buoy
Unknown,7810753,,False,-161.2059783935547,50.39590072631836,0.778212,pressure,2026-07-01 00:00:00+00:00,JMA,buoy
Unknown,7810754,,False,-161.22613525390625,50.36402130126953,0.37153,pressure,2026-07-01 00:00:00+00:00,JMA,buoy
Unknown,7810442,,False,-50.73979949951172,50.61370086669922,0.203122,pressure,2026-07-01 00:00:00+00:00,JMA,buoy
Unknown,7801593,,False,-35.54899978637695,61.47639846801758,0.17528,pressure,2026-07-01 00:00:00+00:00,JMA,buoy
2802237,0-22000-0-2802237,AUS,True,109.742,-54.966,0.358211,pressure,2026-07-01 00:00:00+00:00,JMA,buoy
4804261,0-22000-0-4804261,AUS,True,110.417,-60.394,0.332733,pressure,2026-07-01 00:00:00+00:00,JMA,buoy
Unknown,1301806,,False,-46.93560028076172,49.517601013183594,0.179971,pressure,2026-07-01 00:00:00+00:00,JMA,buoy
Unknown,6204526,,False,-47.82099914550781,40.829898834228516,0.349776,pressure,2026-07-01 00:00:00+00:00,JMA,buoy
Unknown,4200358,,False,-93.81500244140625,27.874439239501953,0.413516,pressure,2026-07-01 00:00:00+00:00,JMA,buoy
Unknown,6204535,,False,-41.29169845581055,44.611698150634766,0.278928,pressure,2026-07-01 00:00:00+00:00,JMA,buoy
Unknown,7810687,,False,-123.86820220947266,31.341999053955078,0.309039,pressure,2026-07-01 00:00:00+00:00,JMA,buoy
Unknown,7810618,,False,19.425579071044922,37.202598571777344,0.380832,pressure,2026-07-01 00:00:00+00:00,JMA,buoy
Unknown,7810691,,False,-124.88240051269531,35.460201263427734,0.204949,pressure,2026-07-01 00:00:00+00:00,JMA,buoy
Unknown,7810690,,False,-125.25019836425781,36.0453987121582,0.257047,pressure,2026-07-01 00:00:00+00:00,JMA,buoy
7810869,0-22000-0-7810869,USA,True,151.876,19.051,0.228975,pressure,2026-07-01 00:00:00+00:00,JMA,buoy
7810870,0-22000-0-7810870,USA,True,155.476,18.986,0.23509,pressure,2026-07-01 00:00:00+00:00,JMA,buoy
7810872,0-22000-0-7810872,USA,True,156.138,18.966,0.163753,pressure,2026-07-01 00:00:00+00:00,JMA,buoy
7810873,0-22000-0-7810873,USA,True,159.313,21.679,0.156081,pressure,2026-07-01 00:00:00+00:00,JMA,buoy
7810877,0-22000-0-7810877,USA,True,162.58,23.461,0.136035,pressure,2026-07-01 00:00:00+00:00,JMA,buoy
7810878,0-22000-0-7810878,USA,True,162.708,20.663,0.14463,pressure,2026-07-01 00:00:00+00:00,JMA,buoy
7810879,0-22000-0-7810879,USA,True,166.872,23.602,0.232789,pressure,2026-07-01 00:00:00+00:00,JMA,buoy
Unknown,7810851,,False,-170.03819274902344,28.011999130249023,0.139843,pressure,2026-07-01 00:00:00+00:00,JMA,buoy
Unknown,7810852,,False,-170.03819274902344,28.00921058654785,0.22293,pressure,2026-07-01 00:00:00+00:00,JMA,buoy
Unknown,7810855,,False,-164.9777374267578,34.036678314208984,0.135161,pressure,2026-07-01 00:00:00+00:00,JMA,buoy
Unknown,7810856,,False,-164.97732543945312,34.038169860839844,0.116066,pressure,2026-07-01 00:00:00+00:00,JMA,buoy
Unknown,7810860,,False,-168.6467742919922,29.563770294189453,0.210333,pressure,2026-07-01 00:00:00+00:00,JMA,buoy
Unknown,7810865,,False,-167.49790954589844,31.100549697875977,0.093358,pressure,2026-07-01 00:00:00+00:00,JMA,buoy
Unknown,7810853,,False,-165.63589477539062,21.32563018798828,0.122277,pressure,2026-07-01 00:00:00+00:00,JMA,buoy
Unknown,7810857,,False,-170.5897979736328,19.80504035949707,0.209237,pressure,2026-07-01 00:00:00+00:00,JMA,buoy
Unknown,7810858,,False,-170.60548400878906,19.807640075683594,0.318884,pressure,2026-07-01 00:00:00+00:00,JMA,buoy
Unknown,7810864,,False,-168.2033233642578,20.595380783081055,0.117471,pressure,2026-07-01 00:00:00+00:00,JMA,buoy
7810271,0-22000-0-7810271,USA,True,40.683,-33.803,0.28319,pressure,2026-07-01 00:00:00+00:00,JMA,buoy
7810722,0-22000-0-7810722,USA,True,67.047,-28.207,0.153863,pressure,2026-07-01 00:00:00+00:00,JMA,buoy
7810725,0-22000-0-7810725,USA,True,80.624,-31.339,0.233032,pressure,2026-07-01 00:00:00+00:00,JMA,buoy
7810726,0-22000-0-7810726,USA,True,90.619,-33.424,0.266287,pressure,2026-07-01 00:00:00+00:00,JMA,buoy
7810730,0-22000-0-7810730,USA,True,107.686,-27.841,0.135813,pressure,2026-07-01 00:00:00+00:00,JMA,buoy
7810768,0-22000-0-7810768,USA,True,-61.555,36.916,0.240609,pressure,2026-07-01 00:00:00+00:00,JMA,buoy
7810769,0-22000-0-7810769,USA,True,-74.195,38.54,0.179814,pressure,2026-07-01 00:00:00+00:00,JMA,buoy
7810771,0-22000-0-7810771,USA,True,-52.421,34.916,0.176051,pressure,2026-07-01 00:00:00+00:00,JMA,buoy
7810776,0-22000-0-7810776,USA,True,-68.541,34.71,0.211921,pressure,2026-07-01 00:00:00+00:00,JMA,buoy
Unknown,1801944,,False,-52.07149887084961,44.687599182128906,0.405409,pressure,2026-07-01 00:00:00+00:00,JMA,buoy
Unknown,4601565,,False,-141.4086456298828,71.98872375488281,0.221556,pressure,2026-07-01 00:00:00+00:00,JMA,buoy
Unknown,4601566,,False,-137.9668426513672,72.35948944091797,0.185199,pressure,2026-07-01 00:00:00+00:00,JMA,buoy
Unknown,4601569,,False,-138.66424560546875,71.14878845214844,0.284474,pressure,2026-07-01 00:00:00+00:00,JMA,buoy
Unknown,4701556,,False,-146.41607666015625,71.33281707763672,0.321289,pressure,2026-07-01 00:00:00+00:00,JMA,buoy
7810270,0-22000-0-7810270,USA,True,61.602,-22.208,0.138098,pressure,2026-07-01 00:00:00+00:00,JMA,buoy
7810707,0-22000-0-7810707,USA,True,-37.328,-42.21,0.221607,pressure,2026-07-01 00:00:00+00:00,JMA,buoy
7810708,0-22000-0-7810708,USA,True,-27.098,-43.018,1.119085,pressure,2026-07-01 00:00:00+00:00,JMA,buoy
7810773,0-22000-0-7810773,USA,True,-35.826,33.059,0.133904,pressure,2026-07-01 00:00:00+00:00,JMA,buoy
7810778,0-22000-0-7810778,USA,True,-37.42,32.174,0.167081,pressure,2026-07-01 00:00:00+00:00,JMA,buoy
7810710,0-22000-0-7810710,USA,True,-43.433,-45.545,0.59414,pressure,2026-07-01 00:00:00+00:00,JMA,buoy
7810775,0-22000-0-7810775,USA,True,-20.829,37.233,0.160097,pressure,2026-07-01 00:00:00+00:00,JMA,buoy
Unknown,5401605,,False,75.72889709472656,-22.285999298095703,0.314185,pressure,2026-07-01 00:00:00+00:00,JMA,buoy
7810441,0-22000-0-7810441,USA,True,-45.016,46.68,0.268398,pressure,2026-07-01 00:00:00+00:00,JMA,buoy
Unknown,6100207,,False,15.146570205688477,37.43935012817383,0.439947,pressure,2026-07-01 00:00:00+00:00,JMA,buoy
Unknown,6100211,,False,15.917869567871094,39.452781677246094,0.434659,pressure,2026-07-01 00:00:00+00:00,JMA,buoy
Unknown,6100214,,False,12.948349952697754,40.86653137207031,0.295634,pressure,2026-07-01 00:00:00+00:00,JMA,buoy
7810920,0-22000-0-7810920,USA,True,-103.78,17.679,0.405375,pressure,2026-07-01 00:00:00+00:00,JMA,buoy
7810922,0-22000-0-7810922,USA,True,-103.325,12.704,0.304503,pressure,2026-07-01 00:00:00+00:00,JMA,buoy
7810927,0-22000-0-7810927,USA,True,-100.511,15.358,0.338371,pressure,2026-07-01 00:00:00+00:00,JMA,buoy
7810928,0-22000-0-7810928,USA,True,-105.275,15.624,0.244218,pressure,2026-07-01 00:00:00+00:00,JMA,buoy
7810930,0-22000-0-7810930,USA,True,-104.735,18.593,0.19074,pressure,2026-07-01 00:00:00+00:00,JMA,buoy
7810931,0-22000-0-7810931,USA,True,-103.443,17.051,0.238806,pressure,2026-07-01 00:00:00+00:00,JMA,buoy
Unknown,1101578,,False,-23.040599822998047,21.911399841308594,214.187507,pressure,2026-07-01 00:00:00+00:00,JMA,buoy
7810065,0-22000-0-7810065,USA,True,100.271,-19.686,0.17115,pressure,2026-07-01 00:00:00+00:00,JMA,buoy
7810067,0-22000-0-7810067,USA,True,95.174,-18.732,0.161775,pressure,2026-07-01 00:00:00+00:00,JMA,buoy
5100011_053,0-22000-53-5100011,USA,True,-124.4,-0.2,0.173608,pressure,2026-07-01 00:00:00+00:00,JMA,buoy
5100007_060,0-22000-60-5100007,USA,True,-140.0,5.0,0.316139,pressure,2026-07-01 00:00:00+00:00,JMA,buoy
Unknown,21595,,False,125.05999755859375,27.559999465942383,0.29223,pressure,2026-07-01 00:00:00+00:00,JMA,buoy
7810923,0-22000-0-7810923,USA,True,-99.754,9.179,0.354275,pressure,2026-07-01 00:00:00+00:00,JMA,buoy
7810924,0-22000-0-7810924,USA,True,-99.04,11.112,0.277175,pressure,2026-07-01 00:00:00+00:00,JMA,buoy
7810926,0-22000-0-7810926,USA,True,-114.792,11.197,0.206429,pressure,2026-07-01 00:00:00+00:00,JMA,buoy
Unknown,4600042,,False,-122.40833282470703,36.78667068481445,0.734519,pressure,2026-07-01 00:00:00+00:00,JMA,buoy
7810947,0-22000-0-7810947,USA,True,-115.467,26.033,0.217852,pressure,2026-07-01 00:00:00+00:00,JMA,buoy
7810948,0-22000-0-7810948,USA,True,-115.689,26.889,0.208672,pressure,2026-07-01 00:00:00+00:00,JMA,buoy
7810949,0-22000-0-7810949,USA,True,-115.637,26.449,0.223784,pressure,2026-07-01 00:00:00+00:00,JMA,buoy
7810950,0-22000-0-7810950,USA,True,-118.689,26.754,0.271228,pressure,2026-07-01 00:00:00+00:00,JMA,buoy
7810951,0-22000-0-7810951,USA,True,-116.207,26.144,0.152202,pressure,2026-07-01 00:00:00+00:00,JMA,buoy
5802238,0-22000-0-5802238,AUS,True,112.007,-24.603,0.191962,pressure,2026-07-01 00:00:00+00:00,JMA,buoy
Unknown,4600118,,False,-122.5763931274414,48.723609924316406,0.262155,pressure,2026-07-01 00:00:00+00:00,JMA,buoy
Unknown,4600119,,False,-124.94999694824219,47.970001220703125,0.177028,pressure,2026-07-01 00:00:00+00:00,JMA,buoy
7801749,0-22000-0-7801749,USA,True,-18.921,32.183,0.119681,pressure,2026-07-01 00:00:00+00:00,JMA,buoy
Unknown,21640,,False,144.14999389648438,31.15999984741211,0.197455,pressure,2026-07-01 00:00:00+00:00,JMA,buoy
Unknown,6802061,,False,-32.45830154418945,60.30220031738281,0.240747,pressure,2026-07-01 00:00:00+00:00,JMA,buoy
7810044,0-22000-0-7810044,USA,True,-80.162,25.735,2.994878,pressure,2026-07-01 00:00:00+00:00,JMA,buoy
7810090,0-22000-0-7810090,USA,True,-84.71,-23.717,0.347055,pressure,2026-07-01 00:00:00+00:00,JMA,buoy
7810091,0-22000-0-7810091,USA,True,-75.58,-27.478,0.405828,pressure,2026-07-01 00:00:00+00:00,JMA,buoy
7810092,0-22000-0-7810092,USA,True,-76.228,-29.421,0.645777,pressure,2026-07-01 00:00:00+00:00,JMA,buoy
7810093,0-22000-0-7810093,USA,True,-84.648,-23.405,0.302874,pressure,2026-07-01 00:00:00+00:00,JMA,buoy
7810962,0-22000-0-7810962,USA,True,-117.519,8.979,0.155838,pressure,2026-07-01 00:00:00+00:00,JMA,buoy
7810963,0-22000-0-7810963,USA,True,-105.02,9.765,0.43228,pressure,2026-07-01 00:00:00+00:00,JMA,buoy
7810965,0-22000-0-7810965,USA,True,-124.492,11.121,0.187611,pressure,2026-07-01 00:00:00+00:00,JMA,buoy
7810968,0-22000-0-7810968,USA,True,174.933,9.494,0.195596,pressure,2026-07-01 00:00:00+00:00,JMA,buoy
7810969,0-22000-0-7810969,USA,True,-171.778,11.03,0.234,pressure,2026-07-01 00:00:00+00:00,JMA,buoy
Unknown,21638,,False,135.6300048828125,37.27000045776367,0.389422,pressure,2026-07-01 00:00:00+00:00,JMA,buoy
Unknown,4804324,,False,-120.5047836303711,3.0129599571228027,0.24267,pressure,2026-07-01 00:00:00+00:00,JMA,buoy
Unknown,2802281,,False,-120.998291015625,4.001820087432861,0.191923,pressure,2026-07-01 00:00:00+00:00,JMA,buoy
Unknown,4804318,,False,-121.4929428100586,4.993189811706543,0.174038,pressure,2026-07-01 00:00:00+00:00,JMA,buoy
Unknown,2802277,,False,-123.00119018554688,8.018340110778809,0.15408,pressure,2026-07-01 00:00:00+00:00,JMA,buoy
Unknown,1801982,,False,-123.4948501586914,9.021809577941895,0.463346,pressure,2026-07-01 00:00:00+00:00,JMA,buoy
Unknown,4804313,,False,113.00399780273438,19.09939956665039,0.192809,pressure,2026-07-01 00:00:00+00:00,JMA,buoy
Unknown,4403586,,False,-78.90389251708984,42.84666061401367,0.225728,pressure,2026-07-01 00:00:00+00:00,JMA,buoy
Unknown,4804317,,False,-124.99049377441406,11.989879608154297,0.190645,pressure,2026-07-01 00:00:00+00:00,JMA,buoy
Unknown,7810933,,False,-123.7699966430664,31.280000686645508,0.198971,pressure,2026-07-01 00:00:00+00:00,JMA,buoy
Unknown,7810943,,False,-124.20999908447266,31.920000076293945,0.337916,pressure,2026-07-01 00:00:00+00:00,JMA,buoy
Unknown,7810934,,False,-122.91033172607422,32.637298583984375,0.171892,pressure,2026-07-01 00:00:00+00:00,JMA,buoy
Unknown,7810935,,False,-123.25121307373047,33.21543884277344,0.445186,pressure,2026-07-01 00:00:00+00:00,JMA,buoy
Unknown,7810942,,False,-123.8675308227539,32.75069046020508,0.187089,pressure,2026-07-01 00:00:00+00:00,JMA,buoy
Unknown,7810945,,False,-122.95223236083984,34.063018798828125,0.180368,pressure,2026-07-01 00:00:00+00:00,JMA,buoy
Unknown,7810946,,False,-123.63741302490234,33.732330322265625,0.157582,pressure,2026-07-01 00:00:00+00:00,JMA,buoy
Unknown,1401617,,False,-40.533199310302734,57.377498626708984,0.190235,pressure,2026-07-01 00:00:00+00:00,JMA,buoy
Unknown,5802116,,False,-61.381439208984375,41.09846878051758,0.259765,pressure,2026-07-01 00:00:00+00:00,JMA,buoy
Unknown,1300130,,False,-15.790399551391602,28.1914005279541,0.31986,pressure,2026-07-01 00:00:00+00:00,ECMWF,buoy
Unknown,1300131,,False,-16.597900390625,27.996599197387695,0.384945,pressure,2026-07-01 00:00:00+00:00,ECMWF,buoy
Unknown,1301782,,False,-49.37220001220703,58.180599212646484,0.150629,pressure,2026-07-01 00:00:00+00:00,ECMWF,buoy
Unknown,1301814,,False,-26.026399612426758,42.270599365234375,0.078232,pressure,2026-07-01 00:00:00+00:00,ECMWF,buoy
Unknown,1400049,,False,64.9614486694336,-12.016050338745117,0.184157,pressure,2026-07-01 00:00:00+00:00,ECMWF,buoy
Unknown,1601744,,False,121.07820129394531,-48.36859893798828,0.224133,pressure,2026-07-01 00:00:00+00:00,ECMWF,buoy
Unknown,1601757,,False,68.26339721679688,-29.607999801635742,0.167034,pressure,2026-07-01 00:00:00+00:00,ECMWF,buoy
Unknown,1601759,,False,93.7593994140625,-27.564199447631836,0.274278,pressure,2026-07-01 00:00:00+00:00,ECMWF,buoy
Unknown,1601760,,False,74.54280090332031,-30.23200035095215,0.172814,pressure,2026-07-01 00:00:00+00:00,ECMWF,buoy
Unknown,1601763,,False,85.2228012084961,-28.547199249267578,0.148777,pressure,2026-07-01 00:00:00+00:00,ECMWF,buoy
Unknown,1701665,,False,1.4021999835968018,-30.03059959411621,0.269365,pressure,2026-07-01 00:00:00+00:00,ECMWF,buoy
Unknown,1701673,,False,73.16280364990234,-40.22420120239258,0.157433,pressure,2026-07-01 00:00:00+00:00,ECMWF,buoy
Unknown,2101851,,False,143.79559326171875,35.183799743652344,0.309723,pressure,2026-07-01 00:00:00+00:00,ECMWF,buoy
Unknown,2101855,,False,-173.6083984375,38.88999938964844,0.235975,pressure,2026-07-01 00:00:00+00:00,ECMWF,buoy
Unknown,2101874,,False,150.577392578125,39.61280059814453,0.163621,pressure,2026-07-01 00:00:00+00:00,ECMWF,buoy
Unknown,2101875,,False,155.7736053466797,46.000999450683594,0.097921,pressure,2026-07-01 00:00:00+00:00,ECMWF,buoy
Unknown,2300452,,False,68.6449966430664,12.073610305786133,0.444631,pressure,2026-07-01 00:00:00+00:00,ECMWF,buoy
Unknown,2300454,,False,72.60928344726562,10.32699966430664,0.424247,pressure,2026-07-01 00:00:00+00:00,ECMWF,buoy
Unknown,2300459,,False,87.00599670410156,14.003999710083008,0.386478,pressure,2026-07-01 00:00:00+00:00,ECMWF,buoy
Unknown,2801968,,False,-52.004600524902344,54.9724006652832,0.146057,pressure,2026-07-01 00:00:00+00:00,ECMWF,buoy
Unknown,2802049,,False,-158.1488037109375,31.211599349975586,0.130436,pressure,2026-07-01 00:00:00+00:00,ECMWF,buoy
Unknown,3401651,,False,-93.73680114746094,-21.707599639892578,0.431355,pressure,2026-07-01 00:00:00+00:00,ECMWF,buoy
Unknown,3401653,,False,-89.72440338134766,-25.750999450683594,0.24748,pressure,2026-07-01 00:00:00+00:00,ECMWF,buoy
Unknown,3801676,,False,-8.02970027923584,67.67440032958984,0.371738,pressure,2026-07-01 00:00:00+00:00,ECMWF,buoy
Unknown,4100064,,False,-76.94889068603516,34.207218170166016,1.048744,pressure,2026-07-01 00:00:00+00:00,ECMWF,buoy
Unknown,4100083,,False,-74.8530502319336,35.724998474121094,0.250349,pressure,2026-07-01 00:00:00+00:00,ECMWF,buoy
Unknown,4101722,,False,-89.17420196533203,29.249900817871094,0.3158,pressure,2026-07-01 00:00:00+00:00,ECMWF,buoy
Unknown,4101726,,False,-76.96320343017578,26.534900665283203,0.13853,pressure,2026-07-01 00:00:00+00:00,ECMWF,buoy
Unknown,4101728,,False,-46.43109893798828,29.43910026550293,0.372223,pressure,2026-07-01 00:00:00+00:00,ECMWF,buoy
Unknown,4101729,,False,-50.234798431396484,31.677600860595703,0.159004,pressure,2026-07-01 00:00:00+00:00,ECMWF,buoy
Unknown,4101868,,False,65.41200256347656,-21.05340003967285,0.366451,pressure,2026-07-01 00:00:00+00:00,ECMWF,buoy
Unknown,4200026,,False,-83.4749984741211,25.171110153198242,0.187381,pressure,2026-07-01 00:00:00+00:00,ECMWF,buoy
Unknown,4200057,,False,-81.57805633544922,16.975000381469727,0.125087,pressure,2026-07-01 00:00:00+00:00,ECMWF,buoy
Unknown,4500013,,False,-87.84971618652344,43.098331451416016,0.76756,pressure,2026-07-01 00:00:00+00:00,ECMWF,buoy
Unknown,4500023,,False,-88.60694122314453,47.27000045776367,0.261508,pressure,2026-07-01 00:00:00+00:00,ECMWF,buoy
Unknown,4500025,,False,-88.39777374267578,46.96860885620117,0.274222,pressure,2026-07-01 00:00:00+00:00,ECMWF,buoy
Unknown,4500026,,False,-86.61945343017578,41.98194885253906,1.369919,pressure,2026-07-01 00:00:00+00:00,ECMWF,buoy
Unknown,4500028,,False,-91.82861328125,46.814170837402344,0.383261,pressure,2026-07-01 00:00:00+00:00,ECMWF,buoy
Unknown,4500163,,False,-83.59750366210938,43.984439849853516,0.680984,pressure,2026-07-01 00:00:00+00:00,ECMWF,buoy
Unknown,4500168,,False,-86.3308334350586,42.396949768066406,0.528415,pressure,2026-07-01 00:00:00+00:00,ECMWF,buoy
Unknown,4500174,,False,-87.65499877929688,42.1349983215332,3.589396,pressure,2026-07-01 00:00:00+00:00,ECMWF,buoy
Unknown,4500175,,False,-84.772216796875,45.825279235839844,0.234776,pressure,2026-07-01 00:00:00+00:00,ECMWF,buoy
Unknown,4500186,,False,-87.79472351074219,42.36832809448242,1.064803,pressure,2026-07-01 00:00:00+00:00,ECMWF,buoy
Unknown,4500187,,False,-87.77889251708984,42.49082946777344,1.063375,pressure,2026-07-01 00:00:00+00:00,ECMWF,buoy
Unknown,4500196,,False,-81.88027954101562,41.52082824707031,0.427237,pressure,2026-07-01 00:00:00+00:00,ECMWF,buoy
Unknown,4500199,,False,-87.64888763427734,42.703330993652344,1.544734,pressure,2026-07-01 00:00:00+00:00,ECMWF,buoy
Unknown,4500200,,False,-83.37805938720703,41.70750045776367,0.344308,pressure,2026-07-01 00:00:00+00:00,ECMWF,buoy
Unknown,4500201,,False,82.78056335449219,41.60110855102539,14.754314,pressure,2026-07-01 00:00:00+00:00,ECMWF,buoy
Unknown,4500202,,False,-82.94139099121094,41.532779693603516,0.291533,pressure,2026-07-01 00:00:00+00:00,ECMWF,buoy
Unknown,4500205,,False,-81.74832916259766,41.50138854980469,0.907905,pressure,2026-07-01 00:00:00+00:00,ECMWF,buoy
Unknown,4500206,,False,-81.58305358886719,41.58528137207031,0.309747,pressure,2026-07-01 00:00:00+00:00,ECMWF,buoy
Unknown,4600303,,False,-123.43000030517578,49.025001525878906,0.316843,pressure,2026-07-01 00:00:00+00:00,ECMWF,buoy
Unknown,4600304,,False,-123.35700225830078,49.30167007446289,0.229956,pressure,2026-07-01 00:00:00+00:00,ECMWF,buoy
Unknown,4701576,,False,-158.5659942626953,77.44580078125,0.676806,pressure,2026-07-01 00:00:00+00:00,ECMWF,buoy
Unknown,4802627,,False,-146.2054443359375,83.2123031616211,0.206276,pressure,2026-07-01 00:00:00+00:00,ECMWF,buoy
Unknown,4804064,,False,23.87179946899414,-49.84080123901367,0.341571,pressure,2026-07-01 00:00:00+00:00,ECMWF,buoy
Unknown,4804082,,False,114.13939666748047,-19.839500427246094,0.684904,pressure,2026-07-01 00:00:00+00:00,ECMWF,buoy
Unknown,5100001,,False,-162.008056640625,24.450830459594727,1.43024,pressure,2026-07-01 00:00:00+00:00,ECMWF,buoy
Unknown,5201801,,False,124.50640106201172,24.730199813842773,0.294298,pressure,2026-07-01 00:00:00+00:00,ECMWF,buoy
Unknown,5201838,,False,-153.70680236816406,-56.47520065307617,0.265974,pressure,2026-07-01 00:00:00+00:00,ECMWF,buoy
Unknown,5501692,,False,-165.83399963378906,-38.10559844970703,0.569975,pressure,2026-07-01 00:00:00+00:00,ECMWF,buoy
Unknown,5501693,,False,-145.8441925048828,-46.15679931640625,0.24032,pressure,2026-07-01 00:00:00+00:00,ECMWF,buoy
Unknown,5501695,,False,-166.36639404296875,-37.970001220703125,0.240267,pressure,2026-07-01 00:00:00+00:00,ECMWF,buoy
Unknown,5501697,,False,-154.97360229492188,-32.81560134887695,0.256136,pressure,2026-07-01 00:00:00+00:00,ECMWF,buoy
Unknown,5501700,,False,-157.91180419921875,-39.957000732421875,0.298884,pressure,2026-07-01 00:00:00+00:00,ECMWF,buoy
Unknown,5501701,,False,-165.56959533691406,-40.4900016784668,0.461497,pressure,2026-07-01 00:00:00+00:00,ECMWF,buoy
Unknown,5501708,,False,-26.586000442504883,-46.73680114746094,0.226024,pressure,2026-07-01 00:00:00+00:00,ECMWF,buoy
Unknown,5501709,,False,-89.38300323486328,-42.91659927368164,0.219254,pressure,2026-07-01 00:00:00+00:00,ECMWF,buoy
Unknown,5501720,,False,159.79640197753906,-29.902799606323242,0.544464,pressure,2026-07-01 00:00:00+00:00,ECMWF,buoy
Unknown,5501801,,False,-158.20799255371094,-58.943199157714844,0.257671,pressure,2026-07-01 00:00:00+00:00,ECMWF,buoy
Unknown,5501804,,False,-134.27540588378906,-56.10459899902344,0.226426,pressure,2026-07-01 00:00:00+00:00,ECMWF,buoy
Unknown,5501807,,False,-160.80580139160156,-56.86819839477539,0.29764,pressure,2026-07-01 00:00:00+00:00,ECMWF,buoy
Unknown,5601717,,False,95.12920379638672,-58.11759948730469,0.235052,pressure,2026-07-01 00:00:00+00:00,ECMWF,buoy
Unknown,5802029,,False,27.403600692749023,-51.33760070800781,0.374458,pressure,2026-07-01 00:00:00+00:00,ECMWF,buoy
Unknown,5802051,,False,-152.24659729003906,31.121700286865234,0.153485,pressure,2026-07-01 00:00:00+00:00,ECMWF,buoy
Unknown,5802066,,False,106.27339935302734,-54.80099868774414,0.192938,pressure,2026-07-01 00:00:00+00:00,ECMWF,buoy
Unknown,6100280,,False,1.4673000574111938,40.68360137939453,0.189315,pressure,2026-07-01 00:00:00+00:00,ECMWF,buoy
Unknown,6100281,,False,-0.20800000429153442,39.52000045776367,0.463564,pressure,2026-07-01 00:00:00+00:00,ECMWF,buoy
Unknown,6200081,,False,-13.296899795532227,51.01169967651367,0.284544,pressure,2026-07-01 00:00:00+00:00,ECMWF,buoy
Unknown,6200082,,False,-7.678800106048584,44.137699127197266,0.282278,pressure,2026-07-01 00:00:00+00:00,ECMWF,buoy
Unknown,6200091,,False,-5.416470050811768,53.4669189453125,0.227407,pressure,2026-07-01 00:00:00+00:00,ECMWF,buoy
Unknown,6200092,,False,-10.547639846801758,51.21670150756836,0.176903,pressure,2026-07-01 00:00:00+00:00,ECMWF,buoy
Unknown,6200094,,False,-6.709839820861816,51.690948486328125,0.247818,pressure,2026-07-01 00:00:00+00:00,ECMWF,buoy
Unknown,6200163,,False,-8.458900451660156,47.49369812011719,0.418279,pressure,2026-07-01 00:00:00+00:00,ECMWF,buoy
Unknown,6203615,,False,-66.07710266113281,35.60049819946289,0.271572,pressure,2026-07-01 00:00:00+00:00,ECMWF,buoy
Unknown,6203632,,False,-56.4547004699707,36.55329895019531,0.132223,pressure,2026-07-01 00:00:00+00:00,ECMWF,buoy
Unknown,6203668,,False,23.7987003326416,82.47380065917969,0.580194,pressure,2026-07-01 00:00:00+00:00,ECMWF,buoy
Unknown,62091,,False,-5.420000076293945,53.470001220703125,0.227277,pressure,2026-07-01 00:00:00+00:00,ECMWF,buoy
Unknown,62092,,False,-10.550000190734863,51.220001220703125,0.176168,pressure,2026-07-01 00:00:00+00:00,ECMWF,buoy
Unknown,6801826,,False,31.780000686645508,-49.303001403808594,0.128493,pressure,2026-07-01 00:00:00+00:00,ECMWF,buoy
Unknown,6801854,,False,-166.59939575195312,-39.131900787353516,0.360667,pressure,2026-07-01 00:00:00+00:00,ECMWF,buoy
Unknown,7801644,,False,20.875600814819336,-46.82740020751953,0.169816,pressure,2026-07-01 00:00:00+00:00,ECMWF,buoy
Unknown,7801695,,False,98.17500305175781,-59.3744010925293,0.159196,pressure,2026-07-01 00:00:00+00:00,ECMWF,buoy
Unknown,7801699,,False,-53.57210159301758,38.971900939941406,0.252237,pressure,2026-07-01 00:00:00+00:00,ECMWF,buoy
Unknown,4500024,,False,-86.55972290039062,43.97666931152344,0.902814,pressure,2026-07-01 00:00:00+00:00,ECMWF,buoy
Unknown,4500219,,False,-91.625,47.02082824707031,0.402342,pressure,2026-07-01 00:00:00+00:00,ECMWF,buoy
Unknown,1801679,,False,84.49120330810547,-2.3010001182556152,0.19876,pressure,2026-07-01 00:00:00+00:00,ECMWF,buoy
Unknown,4500022,,False,-85.08805847167969,45.404449462890625,1.053257,pressure,2026-07-01 00:00:00+00:00,ECMWF,buoy
Unknown,7801723,,False,-101.78140258789062,84.50379943847656,0.275503,pressure,2026-07-01 00:00:00+00:00,ECMWF,buoy
Unknown,1801607,,False,-65.29792022705078,18.883150100708008,0.352212,pressure,2026-07-01 00:00:00+00:00,ECMWF,buoy
Unknown,2300453,,False,73.2813720703125,8.085140228271484,0.29803,pressure,2026-07-01 00:00:00+00:00,ECMWF,buoy
Unknown,7810116,,False,-117.306396484375,33.2046012878418,0.272539,pressure,2026-07-01 00:00:00+00:00,ECMWF,buoy
Unknown,7810117,,False,-117.306396484375,33.2046012878418,13.773512,pressure,2026-07-01 00:00:00+00:00,ECMWF,buoy
Unknown,7810118,,False,-117.30619812011719,33.2046012878418,0.242683,pressure,2026-07-01 00:00:00+00:00,ECMWF,buoy
Unknown,7810119,,False,-117.306396484375,33.2046012878418,0.664009,pressure,2026-07-01 00:00:00+00:00,ECMWF,buoy
Unknown,7810113,,False,-117.306396484375,33.20439910888672,0.230134,pressure,2026-07-01 00:00:00+00:00,ECMWF,buoy
Unknown,6801907,,False,-12.670599937438965,67.98760223388672,0.206864,pressure,2026-07-01 00:00:00+00:00,ECMWF,buoy
Unknown,4101875,,False,-21.22879981994629,21.8799991607666,0.159333,pressure,2026-07-01 00:00:00+00:00,ECMWF,buoy
Unknown,2801972,,False,55.71179962158203,-46.82899856567383,0.247201,pressure,2026-07-01 00:00:00+00:00,ECMWF,buoy
Unknown,5801955,,False,-64.79428100585938,18.219980239868164,0.184036,pressure,2026-07-01 00:00:00+00:00,ECMWF,buoy
Unknown,4803998,,False,53.20940017700195,-40.23780059814453,0.271397,pressure,2026-07-01 00:00:00+00:00,ECMWF,buoy
Unknown,6301583,,False,104.24960327148438,84.98069763183594,0.265044,pressure,2026-07-01 00:00:00+00:00,ECMWF,buoy
Unknown,6301584,,False,113.77040100097656,84.60929870605469,0.279113,pressure,2026-07-01 00:00:00+00:00,ECMWF,buoy
Unknown,7810275,,False,-117.306396484375,33.20439910888672,0.164081,pressure,2026-07-01 00:00:00+00:00,ECMWF,buoy
Unknown,7810266,,False,-117.306396484375,33.2046012878418,0.275144,pressure,2026-07-01 00:00:00+00:00,ECMWF,buoy
Unknown,7810268,,False,-117.306396484375,33.20439910888672,0.132123,pressure,2026-07-01 00:00:00+00:00,ECMWF,buoy
Unknown,3801610,,False,-106.02359771728516,-4.062399864196777,0.186666,pressure,2026-07-01 00:00:00+00:00,ECMWF,buoy
Unknown,2801994,,False,144.06239318847656,37.3223991394043,0.207227,pressure,2026-07-01 00:00:00+00:00,ECMWF,buoy
Unknown,6301587,,False,155.4219970703125,85.03759765625,0.238626,pressure,2026-07-01 00:00:00+00:00,ECMWF,buoy
Unknown,6401600,,False,168.9232940673828,84.96630096435547,0.321996,pressure,2026-07-01 00:00:00+00:00,ECMWF,buoy
Unknown,6401599,,False,179.59120178222656,86.72949981689453,0.219139,pressure,2026-07-01 00:00:00+00:00,ECMWF,buoy
Unknown,4101876,,False,9.675000190734863,-17.9783992767334,0.244928,pressure,2026-07-01 00:00:00+00:00,ECMWF,buoy
Unknown,4804127,,False,-19.052000045776367,21.371000289916992,0.112463,pressure,2026-07-01 00:00:00+00:00,ECMWF,buoy
Unknown,7801742,,False,-19.31920051574707,20.64080047607422,0.096375,pressure,2026-07-01 00:00:00+00:00,ECMWF,buoy
Unknown,5802112,,False,-19.613800048828125,19.726200103759766,0.150071,pressure,2026-07-01 00:00:00+00:00,ECMWF,buoy
Unknown,5802118,,False,-20.030000686645508,18.518800735473633,0.137423,pressure,2026-07-01 00:00:00+00:00,ECMWF,buoy
Unknown,2501591,,False,-155.95880126953125,72.62339782714844,0.413422,pressure,2026-07-01 00:00:00+00:00,ECMWF,buoy
Unknown,2501593,,False,-159.79359436035156,72.55660247802734,0.255873,pressure,2026-07-01 00:00:00+00:00,ECMWF,buoy
Unknown,2300451,,False,68.96749877929688,14.927220344543457,0.36373,pressure,2026-07-01 00:00:00+00:00,ECMWF,buoy
Unknown,3801575,,False,-48.4739990234375,50.176998138427734,0.172409,pressure,2026-07-01 00:00:00+00:00,ECMWF,buoy
Unknown,1801675,,False,-48.985198974609375,49.992801666259766,0.198097,pressure,2026-07-01 00:00:00+00:00,ECMWF,buoy
Unknown,7810095,,False,-117.306396484375,33.2046012878418,0.288844,pressure,2026-07-01 00:00:00+00:00,ECMWF,buoy
Unknown,7810098,,False,-117.306396484375,33.2046012878418,0.185101,pressure,2026-07-01 00:00:00+00:00,ECMWF,buoy
Unknown,7801616,,False,-26.80660057067871,22.61240005493164,0.162254,pressure,2026-07-01 00:00:00+00:00,ECMWF,buoy
Unknown,6203831,,False,-17.00200080871582,62.25740051269531,0.211796,pressure,2026-07-01 00:00:00+00:00,ECMWF,buoy
Unknown,6203686,,False,-26.425100326538086,17.699600219726562,0.257257,pressure,2026-07-01 00:00:00+00:00,ECMWF,buoy
Unknown,6203672,,False,-16.95599937438965,22.607099533081055,0.273765,pressure,2026-07-01 00:00:00+00:00,ECMWF,buoy
Unknown,7810515,,False,-158.56924438476562,39.34104919433594,0.145834,pressure,2026-07-01 00:00:00+00:00,ECMWF,buoy
Unknown,7810516,,False,-154.1259765625,39.94736099243164,0.144701,pressure,2026-07-01 00:00:00+00:00,ECMWF,buoy
Unknown,4401661,,False,25.814199447631836,-37.81529998779297,0.17535,pressure,2026-07-01 00:00:00+00:00,ECMWF,buoy
Unknown,4401597,,False,61.069698333740234,-22.11079978942871,0.176899,pressure,2026-07-01 00:00:00+00:00,ECMWF,buoy
Unknown,7810517,,False,-142.54580688476562,40.96139907836914,0.138678,pressure,2026-07-01 00:00:00+00:00,ECMWF,buoy
Unknown,7810518,,False,-144.92623901367188,40.90913009643555,0.157986,pressure,2026-07-01 00:00:00+00:00,ECMWF,buoy
Unknown,7810540,,False,-117.25180053710938,32.867401123046875,0.257631,pressure,2026-07-01 00:00:00+00:00,ECMWF,buoy
Unknown,7810542,,False,-117.25180053710938,32.867401123046875,0.146375,pressure,2026-07-01 00:00:00+00:00,ECMWF,buoy
Unknown,7810543,,False,-117.25180053710938,32.867401123046875,0.110438,pressure,2026-07-01 00:00:00+00:00,ECMWF,buoy
Unknown,7810544,,False,-117.25180053710938,32.867401123046875,0.206796,pressure,2026-07-01 00:00:00+00:00,ECMWF,buoy
Unknown,7810545,,False,-117.25180053710938,32.867401123046875,0.213861,pressure,2026-07-01 00:00:00+00:00,ECMWF,buoy
Unknown,6801828,,False,-59.05139923095703,-58.994998931884766,0.365866,pressure,2026-07-01 00:00:00+00:00,ECMWF,buoy
Unknown,6801797,,False,-60.597801208496094,-58.014801025390625,0.206175,pressure,2026-07-01 00:00:00+00:00,ECMWF,buoy
Unknown,3801604,,False,-62.106201171875,-57.0447998046875,0.326606,pressure,2026-07-01 00:00:00+00:00,ECMWF,buoy
Unknown,4804030,,False,-61.85179901123047,-57.22019958496094,0.171394,pressure,2026-07-01 00:00:00+00:00,ECMWF,buoy
Unknown,7810549,,False,-117.25180053710938,32.867401123046875,0.213207,pressure,2026-07-01 00:00:00+00:00,ECMWF,buoy
Unknown,7810552,,False,-117.25180053710938,32.867401123046875,0.100875,pressure,2026-07-01 00:00:00+00:00,ECMWF,buoy
Unknown,7810554,,False,-117.25180053710938,32.867401123046875,0.267712,pressure,2026-07-01 00:00:00+00:00,ECMWF,buoy
Unknown,7810555,,False,-117.25180053710938,32.867401123046875,0.230235,pressure,2026-07-01 00:00:00+00:00,ECMWF,buoy
Unknown,2802023,,False,-77.89600372314453,-65.97899627685547,0.361099,pressure,2026-07-01 00:00:00+00:00,ECMWF,buoy
Unknown,2801989,,False,169.91839599609375,-34.89860153198242,0.188361,pressure,2026-07-01 00:00:00+00:00,ECMWF,buoy
Unknown,7801610,,False,164.84959411621094,-35.841400146484375,0.166074,pressure,2026-07-01 00:00:00+00:00,ECMWF,buoy
Unknown,6801798,,False,162.48599243164062,-36.29880142211914,0.256744,pressure,2026-07-01 00:00:00+00:00,ECMWF,buoy
Unknown,2802002,,False,160.00079345703125,-36.76679992675781,0.18918,pressure,2026-07-01 00:00:00+00:00,ECMWF,buoy
Unknown,2801992,,False,154.3206024169922,-50.00960159301758,0.183076,pressure,2026-07-01 00:00:00+00:00,ECMWF,buoy
Unknown,7810053,,False,-117.30619812011719,33.20439910888672,0.228258,pressure,2026-07-01 00:00:00+00:00,ECMWF,buoy
Unknown,7810060,,False,-117.306396484375,33.20439910888672,0.31191,pressure,2026-07-01 00:00:00+00:00,ECMWF,buoy
Unknown,7810062,,False,-117.30619812011719,33.20439910888672,0.191972,pressure,2026-07-01 00:00:00+00:00,ECMWF,buoy
Unknown,4401652,,False,-36.37179946899414,37.858699798583984,0.085009,pressure,2026-07-01 00:00:00+00:00,ECMWF,buoy
Unknown,7810063,,False,-117.306396484375,33.2046012878418,0.231188,pressure,2026-07-01 00:00:00+00:00,ECMWF,buoy
Unknown,4804066,,False,-66.95240020751953,-56.9900016784668,0.219724,pressure,2026-07-01 00:00:00+00:00,ECMWF,buoy
Unknown,4401657,,False,-20.976299285888672,20.59320068359375,0.244253,pressure,2026-07-01 00:00:00+00:00,ECMWF,buoy
Unknown,2300093,,False,88.01627349853516,16.338300704956055,0.889893,pressure,2026-07-01 00:00:00+00:00,ECMWF,buoy
Unknown,7810471,,False,99.98400115966797,-31.370800018310547,1.708897,pressure,2026-07-01 00:00:00+00:00,ECMWF,buoy
Unknown,7810470,,False,70.11483001708984,-24.660749435424805,0.415305,pressure,2026-07-01 00:00:00+00:00,ECMWF,buoy
Unknown,7810474,,False,52.504798889160156,-18.846399307250977,0.160343,pressure,2026-07-01 00:00:00+00:00,ECMWF,buoy
Unknown,4601552,,False,-173.6981964111328,74.00420379638672,0.197464,pressure,2026-07-01 00:00:00+00:00,ECMWF,buoy
Unknown,7810487,,False,-45.62919998168945,-41.60319900512695,0.298095,pressure,2026-07-01 00:00:00+00:00,ECMWF,buoy
Unknown,7810489,,False,-48.072200775146484,-43.95600128173828,0.254815,pressure,2026-07-01 00:00:00+00:00,ECMWF,buoy
Unknown,7810491,,False,-45.62879943847656,-41.599998474121094,0.225711,pressure,2026-07-01 00:00:00+00:00,ECMWF,buoy
Unknown,7810490,,False,-50.61159896850586,-46.27000045776367,0.310353,pressure,2026-07-01 00:00:00+00:00,ECMWF,buoy
1501756,0-22000-0-1501756,USA,True,-5.699,-34.412,0.221452,pressure,2026-07-01 00:00:00+00:00,ECMWF,buoy
1601726,0-22000-0-1601726,USA,True,71.447,-27.217,0.136399,pressure,2026-07-01 00:00:00+00:00,ECMWF,buoy
1601727,0-22000-0-1601727,USA,True,82.306,-26.126,0.781989,pressure,2026-07-01 00:00:00+00:00,ECMWF,buoy
1601740,0-22000-0-1601740,USA,True,39.189,-34.956,0.154586,pressure,2026-07-01 00:00:00+00:00,ECMWF,buoy
1801701,0-22000-0-1801701,USA,True,-150.312,42.451,0.131136,pressure,2026-07-01 00:00:00+00:00,ECMWF,buoy
1801702,0-22000-0-1801702,USA,True,-129.018,-15.149,0.302529,pressure,2026-07-01 00:00:00+00:00,ECMWF,buoy
1801713,0-22000-0-1801713,USA,True,61.893,-41.036,0.18815,pressure,2026-07-01 00:00:00+00:00,ECMWF,buoy
1801716,0-22000-0-1801716,USA,True,-40.749,22.283,0.341522,pressure,2026-07-01 00:00:00+00:00,ECMWF,buoy
1801811,0-22000-0-1801811,USA,True,78.668,-35.927,0.304543,pressure,2026-07-01 00:00:00+00:00,ECMWF,buoy
2101828,0-22000-0-2101828,USA,True,-144.272,35.232,0.3636,pressure,2026-07-01 00:00:00+00:00,ECMWF,buoy
2101829,0-22000-0-2101829,USA,True,-143.955,33.025,0.075302,pressure,2026-07-01 00:00:00+00:00,ECMWF,buoy
2101834,0-22000-0-2101834,USA,True,-144.288,27.744,0.126157,pressure,2026-07-01 00:00:00+00:00,ECMWF,buoy
2501557,0-22000-0-2501557,USA,True,164.135,76.734,0.261738,pressure,2026-07-01 00:00:00+00:00,ECMWF,buoy
2501583,0-22000-0-2501583,USA,True,-140.42,78.257,0.211934,pressure,2026-07-01 00:00:00+00:00,ECMWF,buoy
2501584,0-22000-0-2501584,USA,True,-135.878,73.261,0.312486,pressure,2026-07-01 00:00:00+00:00,ECMWF,buoy
2801982,0-22000-0-2801982,USA,True,81.195,-35.843,0.198014,pressure,2026-07-01 00:00:00+00:00,ECMWF,buoy
2801987,0-22000-0-2801987,USA,True,84.266,-29.493,0.220991,pressure,2026-07-01 00:00:00+00:00,ECMWF,buoy
2802007,0-22000-0-2802007,USA,True,-44.976,19.972,0.132719,pressure,2026-07-01 00:00:00+00:00,ECMWF,buoy
2802010,0-22000-0-2802010,USA,True,-44.635,19.014,0.159279,pressure,2026-07-01 00:00:00+00:00,ECMWF,buoy
2802068,0-22000-0-2802068,USA,True,-171.815,-33.667,0.191322,pressure,2026-07-01 00:00:00+00:00,ECMWF,buoy
2802069,0-22000-0-2802069,USA,True,-159.997,-28.691,0.202808,pressure,2026-07-01 00:00:00+00:00,ECMWF,buoy
2802100,0-22000-0-2802100,USA,True,-4.645,65.6,0.192822,pressure,2026-07-01 00:00:00+00:00,ECMWF,buoy
2802122,0-22000-0-2802122,USA,True,96.312,-13.603,0.110817,pressure,2026-07-01 00:00:00+00:00,ECMWF,buoy
3801577,0-22000-0-3801577,USA,True,-22.618,-31.538,0.239475,pressure,2026-07-01 00:00:00+00:00,ECMWF,buoy
3801592,0-22000-0-3801592,USA,True,55.447,-31.13,0.208952,pressure,2026-07-01 00:00:00+00:00,ECMWF,buoy
3801612,0-22000-0-3801612,USA,True,-42.257,24.386,0.157029,pressure,2026-07-01 00:00:00+00:00,ECMWF,buoy
3801625,0-22000-0-3801625,USA,True,-45.152,19.241,0.544749,pressure,2026-07-01 00:00:00+00:00,ECMWF,buoy
3801657,0-22000-0-3801657,USA,True,66.047,-27.587,0.201082,pressure,2026-07-01 00:00:00+00:00,ECMWF,buoy
4403568,0-22000-0-4403568,CAN,True,-36.842,34.154,0.285535,pressure,2026-07-01 00:00:00+00:00,ECMWF,buoy
4801762,0-22000-0-4801762,CAN,True,-128.859,71.366,0.252661,pressure,2026-07-01 00:00:00+00:00,ECMWF,buoy
4804017,0-22000-0-4804017,USA,True,59.492,-24.887,0.266594,pressure,2026-07-01 00:00:00+00:00,ECMWF,buoy
4804025,0-22000-0-4804025,USA,True,-132.299,-16.581,0.331349,pressure,2026-07-01 00:00:00+00:00,ECMWF,buoy
4804077,0-22000-0-4804077,USA,True,39.645,-30.81,0.30803,pressure,2026-07-01 00:00:00+00:00,ECMWF,buoy
4804093,0-22000-0-4804093,USA,True,177.553,-26.483,0.29504,pressure,2026-07-01 00:00:00+00:00,ECMWF,buoy
5601703,0-22000-0-5601703,USA,True,-28.883,-52.062,0.469878,pressure,2026-07-01 00:00:00+00:00,ECMWF,buoy
5601704,0-22000-0-5601704,USA,True,-15.103,-53.71,0.278136,pressure,2026-07-01 00:00:00+00:00,ECMWF,buoy
5601759,0-22000-0-5601759,AUS,True,50.553,-22.483,1.722915,pressure,2026-07-01 00:00:00+00:00,ECMWF,buoy
5801988,0-22000-0-5801988,USA,True,36.362,-28.072,0.350879,pressure,2026-07-01 00:00:00+00:00,ECMWF,buoy
5802011,0-22000-0-5802011,USA,True,-36.657,17.151,0.251165,pressure,2026-07-01 00:00:00+00:00,ECMWF,buoy
5802014,0-22000-0-5802014,USA,True,-117.306,33.205,0.231001,pressure,2026-07-01 00:00:00+00:00,ECMWF,buoy
5802017,0-22000-0-5802017,USA,True,78.781,-37.649,0.197347,pressure,2026-07-01 00:00:00+00:00,ECMWF,buoy
5802021,0-22000-0-5802021,USA,True,60.298,-29.979,0.207652,pressure,2026-07-01 00:00:00+00:00,ECMWF,buoy
5802033,0-22000-0-5802033,USA,True,-40.672,22.455,0.134242,pressure,2026-07-01 00:00:00+00:00,ECMWF,buoy
6101031,0-22000-0-6101031,FRA,True,7.6,41.76,0.190995,pressure,2026-07-01 00:00:00+00:00,ECMWF,buoy
6203819,0-22000-0-6203819,USA,True,-47.274,-34.013,0.190809,pressure,2026-07-01 00:00:00+00:00,ECMWF,buoy
6203853,0-22000-0-6203853,USA,True,46.732,72.206,0.277023,pressure,2026-07-01 00:00:00+00:00,ECMWF,buoy
6203854,0-22000-0-6203854,USA,True,15.648,71.926,0.195585,pressure,2026-07-01 00:00:00+00:00,ECMWF,buoy
6402621,0-22000-0-6402621,USA,True,-47.846,24.945,0.423818,pressure,2026-07-01 00:00:00+00:00,ECMWF,buoy
6801791,0-22000-0-6801791,USA,True,-48.773,28.49,0.224838,pressure,2026-07-01 00:00:00+00:00,ECMWF,buoy
6801851,0-22000-0-6801851,USA,True,70.655,-17.876,0.221177,pressure,2026-07-01 00:00:00+00:00,ECMWF,buoy
7801627,0-22000-0-7801627,USA,True,-44.086,16.727,0.377712,pressure,2026-07-01 00:00:00+00:00,ECMWF,buoy
7801668,0-22000-0-7801668,USA,True,76.034,-23.967,0.183805,pressure,2026-07-01 00:00:00+00:00,ECMWF,buoy
7801690,0-22000-0-7801690,USA,True,-176.514,-30.016,0.180267,pressure,2026-07-01 00:00:00+00:00,ECMWF,buoy
7801761,0-22000-0-7801761,USA,True,-171.849,37.609,0.218635,pressure,2026-07-01 00:00:00+00:00,ECMWF,buoy
7801767,0-22000-0-7801767,USA,True,-121.784,23.972,0.134267,pressure,2026-07-01 00:00:00+00:00,ECMWF,buoy
7801768,0-22000-0-7801768,USA,True,-126.824,41.255,0.127065,pressure,2026-07-01 00:00:00+00:00,ECMWF,buoy
7801783,0-22000-0-7801783,AUS,True,27.703,-36.369,218.93494,pressure,2026-07-01 00:00:00+00:00,ECMWF,buoy
7810290,0-22000-0-7810290,USA,True,-53.54,33.028,0.287749,pressure,2026-07-01 00:00:00+00:00,ECMWF,buoy
7810305,0-22000-0-7810305,USA,True,-164.043,46.119,0.107052,pressure,2026-07-01 00:00:00+00:00,ECMWF,buoy
6200050_001,0-22000-1-6200050,GBR,True,-4.4,50.0,0.13855,pressure,2026-07-01 00:00:00+00:00,ECMWF,buoy
1501697_100,0-22000-100-1501697,USA,True,-27.645,-31.625,0.232909,pressure,2026-07-01 00:00:00+00:00,ECMWF,buoy
1501699_100,0-22000-100-1501699,USA,True,4.318,-32.583,0.158384,pressure,2026-07-01 00:00:00+00:00,ECMWF,buoy
1501712_100,0-22000-100-1501712,USA,True,4.481,-34.04,0.152009,pressure,2026-07-01 00:00:00+00:00,ECMWF,buoy
4601782_100,0-22000-100-4601782,USA,True,-42.813,35.934,0.374005,pressure,2026-07-01 00:00:00+00:00,ECMWF,buoy
6203816_100,0-22000-100-6203816,USA,True,-7.061,-30.905,0.160978,pressure,2026-07-01 00:00:00+00:00,ECMWF,buoy
6200105_015,0-22000-15-6200105,GBR,True,-12.7,55.2,0.288315,pressure,2026-07-01 00:00:00+00:00,ECMWF,buoy
6400045_017,0-22000-17-6400045,GBR,True,-11.8,59.2,0.281029,pressure,2026-07-01 00:00:00+00:00,ECMWF,buoy
6200029_019,0-22000-19-6200029,GBR,True,-12.453,48.764,0.141729,pressure,2026-07-01 00:00:00+00:00,ECMWF,buoy
6200081_019,0-22000-19-6200081,GBR,True,-13.277,51.021,0.208473,pressure,2026-07-01 00:00:00+00:00,ECMWF,buoy
6200103_003,0-22000-3-6200103,GBR,True,-2.896,49.908,0.179645,pressure,2026-07-01 00:00:00+00:00,ECMWF,buoy
6200163_003,0-22000-3-6200163,GBR,True,-8.449,47.489,0.162297,pressure,2026-07-01 00:00:00+00:00,ECMWF,buoy
3200305_032,0-22000-32-3200305,USA,True,-95.2,-7.9,0.12015,pressure,2026-07-01 00:00:00+00:00,ECMWF,buoy
5100014_032,0-22000-32-5100014,USA,True,-139.9,-5.0,0.120882,pressure,2026-07-01 00:00:00+00:00,ECMWF,buoy
5100016_033,0-22000-33-5100016,USA,True,-127.1,3.0,0.20811,pressure,2026-07-01 00:00:00+00:00,ECMWF,buoy
5200312_033,0-22000-33-5200312,USA,True,-179.8,-2.0,0.232051,pressure,2026-07-01 00:00:00+00:00,ECMWF,buoy
3200319_034,0-22000-34-3200319,USA,True,-110.0,-8.0,0.164222,pressure,2026-07-01 00:00:00+00:00,ECMWF,buoy
5100021_034,0-22000-34-5100021,USA,True,-153.7,2.0,0.413838,pressure,2026-07-01 00:00:00+00:00,ECMWF,buoy
5100311_036,0-22000-36-5100311,USA,True,-139.9,-0.1,0.175023,pressure,2026-07-01 00:00:00+00:00,ECMWF,buoy
3200323_037,0-22000-37-3200323,USA,True,-110.0,0.0001,0.141759,pressure,2026-07-01 00:00:00+00:00,ECMWF,buoy
5100017_037,0-22000-37-5100017,USA,True,-124.9,-2.1,0.125382,pressure,2026-07-01 00:00:00+00:00,ECMWF,buoy
5100022_037,0-22000-37-5100022,USA,True,-152.1,-2.0,0.221509,pressure,2026-07-01 00:00:00+00:00,ECMWF,buoy
5200311_037,0-22000-37-5200311,USA,True,-179.9,0.0001,0.283626,pressure,2026-07-01 00:00:00+00:00,ECMWF,buoy
4300301_038,0-22000-38-4300301,USA,True,-94.9,8.1,0.479972,pressure,2026-07-01 00:00:00+00:00,ECMWF,buoy
5200321_038,0-22000-38-5200321,USA,True,163.3,0.0001,0.236593,pressure,2026-07-01 00:00:00+00:00,ECMWF,buoy
4300001_039,0-22000-39-4300001,USA,True,-110.2,8.0,0.306167,pressure,2026-07-01 00:00:00+00:00,ECMWF,buoy
3200303_040,0-22000-40-3200303,USA,True,-95.0,5.1,0.396119,pressure,2026-07-01 00:00:00+00:00,ECMWF,buoy
5100306_040,0-22000-40-5100306,USA,True,-167.9,-1.7,0.235142,pressure,2026-07-01 00:00:00+00:00,ECMWF,buoy
5200310_040,0-22000-40-5200310,USA,True,-179.8,2.0,0.27649,pressure,2026-07-01 00:00:00+00:00,ECMWF,buoy
5100303_041,0-22000-41-5100303,USA,True,-170.0,5.0,0.265418,pressure,2026-07-01 00:00:00+00:00,ECMWF,buoy
5100009_042,0-22000-42-5100009,USA,True,-140.0,-2.0,0.16296,pressure,2026-07-01 00:00:00+00:00,ECMWF,buoy
5100305_042,0-22000-42-5100305,USA,True,-170.0,2.0,0.247986,pressure,2026-07-01 00:00:00+00:00,ECMWF,buoy
3200322_043,0-22000-43-3200322,USA,True,-95.1,-2.0,0.153251,pressure,2026-07-01 00:00:00+00:00,ECMWF,buoy
5100010_043,0-22000-43-5100010,USA,True,-169.7,0.1,0.259855,pressure,2026-07-01 00:00:00+00:00,ECMWF,buoy
5200006_043,0-22000-43-5200006,USA,True,165.1,8.0,0.408326,pressure,2026-07-01 00:00:00+00:00,ECMWF,buoy
5100023_044,0-22000-44-5100023,USA,True,-154.9,0.0001,0.308881,pressure,2026-07-01 00:00:00+00:00,ECMWF,buoy
3200320_045,0-22000-45-3200320,USA,True,-95.3,2.0,0.308955,pressure,2026-07-01 00:00:00+00:00,ECMWF,buoy
5100006_045,0-22000-45-5100006,USA,True,-140.3,9.0,0.222395,pressure,2026-07-01 00:00:00+00:00,ECMWF,buoy
5100008_045,0-22000-45-5100008,USA,True,-140.0,2.0,0.218788,pressure,2026-07-01 00:00:00+00:00,ECMWF,buoy
3200315_047,0-22000-47-3200315,USA,True,-110.1,5.0,0.286688,pressure,2026-07-01 00:00:00+00:00,ECMWF,buoy
3200321_047,0-22000-47-3200321,USA,True,-95.5,0.1,0.215951,pressure,2026-07-01 00:00:00+00:00,ECMWF,buoy
3200317_048,0-22000-48-3200317,USA,True,-110.0,-2.0,0.15623,pressure,2026-07-01 00:00:00+00:00,ECMWF,buoy
3200318_048,0-22000-48-3200318,USA,True,-110.0,-5.0,0.123487,pressure,2026-07-01 00:00:00+00:00,ECMWF,buoy
5200001_050,0-22000-50-5200001,USA,True,164.4,2.0,0.316581,pressure,2026-07-01 00:00:00+00:00,ECMWF,buoy
3200316_051,0-22000-51-3200316,USA,True,-110.0,2.1,0.158716,pressure,2026-07-01 00:00:00+00:00,ECMWF,buoy
5100011_052,0-22000-52-5100011,USA,True,-124.4,-0.2,0.132657,pressure,2026-07-01 00:00:00+00:00,ECMWF,buoy
5200002_054,0-22000-54-5200002,USA,True,163.5,-2.0,0.206502,pressure,2026-07-01 00:00:00+00:00,ECMWF,buoy
5100007_059,0-22000-59-5100007,USA,True,-140.0,5.1,0.251491,pressure,2026-07-01 00:00:00+00:00,ECMWF,buoy
Unknown,7810475,,False,6.29640007019043,-15.003399848937988,0.109343,pressure,2026-07-01 00:00:00+00:00,ECMWF,buoy
Unknown,3801629,,False,94.99620056152344,-21.31800079345703,0.135773,pressure,2026-07-01 00:00:00+00:00,ECMWF,buoy
Unknown,5801998,,False,94.99320220947266,-16.826000213623047,0.408662,pressure,2026-07-01 00:00:00+00:00,ECMWF,buoy
Unknown,6801795,,False,95.02400207519531,-16.87980079650879,0.499347,pressure,2026-07-01 00:00:00+00:00,ECMWF,buoy
Unknown,5801999,,False,94.99440002441406,-15.16819953918457,0.14792,pressure,2026-07-01 00:00:00+00:00,ECMWF,buoy
Unknown,7801648,,False,94.97260284423828,-6.071400165557861,0.152386,pressure,2026-07-01 00:00:00+00:00,ECMWF,buoy
Unknown,4804038,,False,94.59239959716797,-3.641200065612793,0.160976,pressure,2026-07-01 00:00:00+00:00,ECMWF,buoy
5601764,0-22000-0-5601764,AUS,True,-168.607,-54.168,0.299491,pressure,2026-07-01 00:00:00+00:00,ECMWF,buoy
Unknown,4300013,,False,-109.9000015258789,10.100000381469727,0.33845,pressure,2026-07-01 00:00:00+00:00,ECMWF,buoy
3200319_035,0-22000-35-3200319,USA,True,-110.1,-8.0,0.087499,pressure,2026-07-01 00:00:00+00:00,ECMWF,buoy
3200303_041,0-22000-41-3200303,USA,True,-95.0,5.1,0.243829,pressure,2026-07-01 00:00:00+00:00,ECMWF,buoy
3200322_044,0-22000-44-3200322,USA,True,-95.1,-2.0,0.083228,pressure,2026-07-01 00:00:00+00:00,ECMWF,buoy
3200320_046,0-22000-46-3200320,USA,True,-95.5,1.9,0.193464,pressure,2026-07-01 00:00:00+00:00,ECMWF,buoy
3200321_048,0-22000-48-3200321,USA,True,-95.5,0.1,0.165469,pressure,2026-07-01 00:00:00+00:00,ECMWF,buoy
3200317_049,0-22000-49-3200317,USA,True,-110.0,-2.0,0.096776,pressure,2026-07-01 00:00:00+00:00,ECMWF,buoy
3200318_049,0-22000-49-3200318,USA,True,-110.0,-5.0,0.150005,pressure,2026-07-01 00:00:00+00:00,ECMWF,buoy
Unknown,4500161,,False,-86.35193634033203,43.185279846191406,9.861252,pressure,2026-07-01 00:00:00+00:00,ECMWF,buoy
Unknown,4400080,,False,-76.5283432006836,39.2227783203125,1.590889,pressure,2026-07-01 00:00:00+00:00,ECMWF,buoy
2100229,0-22000-0-2100229,KOR,True,131.11,37.46,0.285701,pressure,2026-07-01 00:00:00+00:00,ECMWF,buoy
2200101,0-22000-0-2200101,KOR,True,126.02,37.24,0.289305,pressure,2026-07-01 00:00:00+00:00,ECMWF,buoy
2200102,0-22000-0-2200102,KOR,True,125.78,34.79,0.219885,pressure,2026-07-01 00:00:00+00:00,ECMWF,buoy
2200103,0-22000-0-2200103,KOR,True,127.5,34.0,0.211268,pressure,2026-07-01 00:00:00+00:00,ECMWF,buoy
2200104,0-22000-0-2200104,KOR,True,128.9,34.77,0.234493,pressure,2026-07-01 00:00:00+00:00,ECMWF,buoy
2200105,0-22000-0-2200105,KOR,True,130.0,37.54,0.299795,pressure,2026-07-01 00:00:00+00:00,ECMWF,buoy
2200106,0-22000-0-2200106,KOR,True,129.78,36.35,0.326539,pressure,2026-07-01 00:00:00+00:00,ECMWF,buoy
2200107,0-22000-0-2200107,KOR,True,126.03,33.08,0.351203,pressure,2026-07-01 00:00:00+00:00,ECMWF,buoy
2200108,0-22000-0-2200108,KOR,True,125.75,36.25,0.369954,pressure,2026-07-01 00:00:00+00:00,ECMWF,buoy
2200184,0-22000-0-2200184,KOR,True,126.14,33.79,0.248165,pressure,2026-07-01 00:00:00+00:00,ECMWF,buoy
2200185,0-22000-0-2200185,KOR,True,125.43,37.09,0.421019,pressure,2026-07-01 00:00:00+00:00,ECMWF,buoy
2200186,0-22000-0-2200186,KOR,True,125.81,35.66,0.353032,pressure,2026-07-01 00:00:00+00:00,ECMWF,buoy
2200187,0-22000-0-2200187,KOR,True,127.02,33.13,0.187327,pressure,2026-07-01 00:00:00+00:00,ECMWF,buoy
2200188,0-22000-0-2200188,KOR,True,128.23,34.39,0.253319,pressure,2026-07-01 00:00:00+00:00,ECMWF,buoy
2200189,0-22000-0-2200189,KOR,True,129.84,35.35,0.253181,pressure,2026-07-01 00:00:00+00:00,ECMWF,buoy
2200190,0-22000-0-2200190,KOR,True,129.87,36.91,0.315517,pressure,2026-07-01 00:00:00+00:00,ECMWF,buoy
2200191,0-22000-0-2200191,KOR,True,124.06,36.13,0.383137,pressure,2026-07-01 00:00:00+00:00,ECMWF,buoy
2200192,0-22000-0-2200192,KOR,True,123.26,34.0,0.287706,pressure,2026-07-01 00:00:00+00:00,ECMWF,buoy
2200297,0-22000-0-2200297,KOR,True,125.21,34.03,0.330717,pressure,2026-07-01 00:00:00+00:00,ECMWF,buoy
2200298,0-22000-0-2200298,KOR,True,125.246,34.747,0.279845,pressure,2026-07-01 00:00:00+00:00,ECMWF,buoy
2200299,0-22000-0-2200299,KOR,True,124.13,35.0,0.298805,pressure,2026-07-01 00:00:00+00:00,ECMWF,buoy
2200300,0-22000-0-2200300,KOR,True,124.73,32.83,0.358114,pressure,2026-07-01 00:00:00+00:00,ECMWF,buoy
2200301,0-22000-0-2200301,KOR,True,126.4,31.67,0.391893,pressure,2026-07-01 00:00:00+00:00,ECMWF,buoy
2200302,0-22000-0-2200302,KOR,True,130.52,36.97,0.328188,pressure,2026-07-01 00:00:00+00:00,ECMWF,buoy
2200303,0-22000-0-2200303,KOR,True,126.41,37.16,0.248847,pressure,2026-07-01 00:00:00+00:00,ECMWF,buoy
2200304,0-22000-0-2200304,KOR,True,127.27,32.72,0.419883,pressure,2026-07-01 00:00:00+00:00,ECMWF,buoy
2200305,0-22000-0-2200305,KOR,True,129.6,38.37,0.265744,pressure,2026-07-01 00:00:00+00:00,ECMWF,buoy
2200309,0-22000-0-2200309,KOR,True,128.38,33.78,0.378041,pressure,2026-07-01 00:00:00+00:00,ECMWF,buoy
2200310,0-22000-0-2200310,KOR,True,128.64,38.32,0.33381,pressure,2026-07-01 00:00:00+00:00,ECMWF,buoy
2200311,0-22000-0-2200311,KOR,True,129.32,37.46,0.239796,pressure,2026-07-01 00:00:00+00:00,ECMWF,buoy
4100004,0-22000-0-4100004,USA,True,-79.099,32.502,0.196933,pressure,2026-07-01 00:00:00+00:00,ECMWF,buoy
4100010,0-22000-0-4100010,USA,True,-78.5,28.9,0.275112,pressure,2026-07-01 00:00:00+00:00,ECMWF,buoy
4100013,0-22000-0-4100013,USA,True,-77.764,33.441,0.255881,pressure,2026-07-01 00:00:00+00:00,ECMWF,buoy
4100037,0-22000-0-4100037,USA,True,-77.362,33.988,0.384306,pressure,2026-07-01 00:00:00+00:00,ECMWF,buoy
4100047,0-22000-0-4100047,USA,True,-71.5,27.6,0.333645,pressure,2026-07-01 00:00:00+00:00,ECMWF,buoy
4100049,0-22000-0-4100049,USA,True,-62.271,27.505,0.227654,pressure,2026-07-01 00:00:00+00:00,ECMWF,buoy
4100053,0-22000-0-4100053,USA,True,-66.099,18.476,0.475202,pressure,2026-07-01 00:00:00+00:00,ECMWF,buoy
4100056,0-22000-0-4100056,USA,True,-65.464,18.261,0.551607,pressure,2026-07-01 00:00:00+00:00,ECMWF,buoy
4200001,0-22000-0-4200001,USA,True,-89.662,25.926,0.121018,pressure,2026-07-01 00:00:00+00:00,ECMWF,buoy
4200012,0-22000-0-4200012,USA,True,-87.548,30.06,0.191304,pressure,2026-07-01 00:00:00+00:00,ECMWF,buoy
4400007,0-22000-0-4400007,USA,True,-70.14,43.525,0.472962,pressure,2026-07-01 00:00:00+00:00,ECMWF,buoy
4400009,0-22000-0-4400009,USA,True,-74.692,38.46,0.212967,pressure,2026-07-01 00:00:00+00:00,ECMWF,buoy
4400013,0-22000-0-4400013,USA,True,-70.651,42.346,0.187578,pressure,2026-07-01 00:00:00+00:00,ECMWF,buoy
4400020,0-22000-0-4400020,USA,True,-70.283,41.497,1.120891,pressure,2026-07-01 00:00:00+00:00,ECMWF,buoy
4400025,0-22000-0-4400025,USA,True,-73.175,40.258,0.248644,pressure,2026-07-01 00:00:00+00:00,ECMWF,buoy
4400027,0-22000-0-4400027,USA,True,-67.301,44.284,1.127764,pressure,2026-07-01 00:00:00+00:00,ECMWF,buoy
4400137,0-22000-0-4400137,CAN,True,-62.0,42.2,0.293699,pressure,2026-07-01 00:00:00+00:00,ECMWF,buoy
4600011,0-22000-0-4600011,USA,True,-120.999,34.937,0.274044,pressure,2026-07-01 00:00:00+00:00,ECMWF,buoy
4600014,0-22000-0-4600014,USA,True,-123.98,39.225,0.163036,pressure,2026-07-01 00:00:00+00:00,ECMWF,buoy
4600041,0-22000-0-4600041,USA,True,-124.739,47.352,0.237938,pressure,2026-07-01 00:00:00+00:00,ECMWF,buoy
4600050,0-22000-0-4600050,USA,True,-124.535,44.679,0.212565,pressure,2026-07-01 00:00:00+00:00,ECMWF,buoy
4600053,0-22000-0-4600053,USA,True,-119.839,34.241,0.211508,pressure,2026-07-01 00:00:00+00:00,ECMWF,buoy
4600061,0-22000-0-4600061,USA,True,-146.84,60.231,0.288848,pressure,2026-07-01 00:00:00+00:00,ECMWF,buoy
4600069,0-22000-0-4600069,USA,True,-120.213,33.677,0.306984,pressure,2026-07-01 00:00:00+00:00,ECMWF,buoy
4600076,0-22000-0-4600076,USA,True,-148.005,59.508,0.290056,pressure,2026-07-01 00:00:00+00:00,ECMWF,buoy
4600081,0-22000-0-4600081,USA,True,-148.283,60.802,0.282231,pressure,2026-07-01 00:00:00+00:00,ECMWF,buoy
4600131,0-22000-0-4600131,CAN,True,-125.0,49.9,0.216531,pressure,2026-07-01 00:00:00+00:00,ECMWF,buoy
4600146,0-22000-0-4600146,CAN,True,-123.7,49.3,0.254261,pressure,2026-07-01 00:00:00+00:00,ECMWF,buoy
4600204,0-22000-0-4600204,CAN,True,-128.7,51.4,0.22698,pressure,2026-07-01 00:00:00+00:00,ECMWF,buoy
4600206,0-22000-0-4600206,CAN,True,-125.998,48.835,0.212679,pressure,2026-07-01 00:00:00+00:00,ECMWF,buoy
5100000,0-22000-0-5100000,USA,True,-153.792,23.528,0.43247,pressure,2026-07-01 00:00:00+00:00,ECMWF,buoy
5100004,0-22000-0-5100004,USA,True,-152.23,17.538,0.207489,pressure,2026-07-01 00:00:00+00:00,ECMWF,buoy
6200442_016,0-22000-16-6200442,GBR,True,-13.5,50.4,0.203704,pressure,2026-07-01 00:00:00+00:00,ECMWF,buoy
4600088,0-22000-0-4600088,USA,True,-123.179,48.332,0.291494,pressure,2026-07-01 00:00:00+00:00,ECMWF,buoy
Unknown,6203676,,False,-35.90420150756836,55.99020004272461,0.304766,pressure,2026-07-01 00:00:00+00:00,ECMWF,buoy
4600075,0-22000-0-4600075,USA,True,-160.7,53.9,0.604582,pressure,2026-07-01 00:00:00+00:00,ECMWF,buoy
Unknown,2601520,,False,-155.58059692382812,72.72360229492188,0.199742,pressure,2026-07-01 00:00:00+00:00,ECMWF,buoy
Unknown,2601525,,False,-154.2480010986328,72.6353988647461,0.434411,pressure,2026-07-01 00:00:00+00:00,ECMWF,buoy
Unknown,2601521,,False,150.31219482421875,80.63400268554688,0.260982,pressure,2026-07-01 00:00:00+00:00,ECMWF,buoy
Unknown,2601523,,False,160.4228057861328,80.64520263671875,0.242927,pressure,2026-07-01 00:00:00+00:00,ECMWF,buoy
Unknown,2601538,,False,-179.5235595703125,78.51126861572266,0.318823,pressure,2026-07-01 00:00:00+00:00,ECMWF,buoy
Unknown,4401651,,False,-45.78390121459961,53.96659851074219,0.113859,pressure,2026-07-01 00:00:00+00:00,ECMWF,buoy
Unknown,6400046,,False,-4.108799934387207,60.53739929199219,0.382587,pressure,2026-07-01 00:00:00+00:00,ECMWF,buoy
Unknown,6301636,,False,26.086599349975586,82.92310333251953,0.223933,pressure,2026-07-01 00:00:00+00:00,ECMWF,buoy
Unknown,2601546,,False,-139.6136016845703,77.54779815673828,0.265547,pressure,2026-07-01 00:00:00+00:00,ECMWF,buoy
Unknown,2601547,,False,-142.3231964111328,76.38520050048828,0.251741,pressure,2026-07-01 00:00:00+00:00,ECMWF,buoy
Unknown,2601548,,False,-144.51400756835938,75.38880157470703,0.288465,pressure,2026-07-01 00:00:00+00:00,ECMWF,buoy
6801912,0-22000-0-6801912,AUS,True,161.62,-36.842,0.336109,pressure,2026-07-01 00:00:00+00:00,ECMWF,buoy
Unknown,7810616,,False,-77.56839752197266,32.974998474121094,1.243407,pressure,2026-07-01 00:00:00+00:00,ECMWF,buoy
Unknown,7810608,,False,-76.91889953613281,31.914400100708008,0.20381,pressure,2026-07-01 00:00:00+00:00,ECMWF,buoy
Unknown,7810609,,False,-76.9194564819336,31.913169860839844,0.193058,pressure,2026-07-01 00:00:00+00:00,ECMWF,buoy
3801765,0-22000-0-3801765,AUS,True,125.762,-58.764,0.306971,pressure,2026-07-01 00:00:00+00:00,ECMWF,buoy
6801988,0-22000-0-6801988,AUS,True,-168.556,-51.723,0.257146,pressure,2026-07-01 00:00:00+00:00,ECMWF,buoy
6801991,0-22000-0-6801991,AUS,True,124.093,-59.416,189.766056,pressure,2026-07-01 00:00:00+00:00,ECMWF,buoy
7811009,0-22000-0-7811009,AUS,True,129.05,-58.678,0.522457,pressure,2026-07-01 00:00:00+00:00,ECMWF,buoy
Unknown,4200357,,False,-88.21221923828125,30.092220306396484,1.538111,pressure,2026-07-01 00:00:00+00:00,ECMWF,buoy
5200006_044,0-22000-44-5200006,USA,True,165.1,8.1,0.264417,pressure,2026-07-01 00:00:00+00:00,ECMWF,buoy
5200001_051,0-22000-51-5200001,USA,True,164.4,2.0,0.471844,pressure,2026-07-01 00:00:00+00:00,ECMWF,buoy
4400065,0-22000-0-4400065,USA,True,-73.701,40.368,0.198244,pressure,2026-07-01 00:00:00+00:00,ECMWF,buoy
1500009_002,0-22000-2-1500009,USA,True,-2.687,0.007,0.235092,pressure,2026-07-01 00:00:00+00:00,ECMWF,buoy
1500006_023,0-22000-23-1500006,USA,True,-9.989,-6.033,0.174815,pressure,2026-07-01 00:00:00+00:00,ECMWF,buoy
6101032,0-22000-0-6101032,FRA,True,10.19,41.61,0.227867,pressure,2026-07-01 00:00:00+00:00,ECMWF,buoy
6101033,0-22000-0-6101033,FRA,True,8.42,42.82,0.341421,pressure,2026-07-01 00:00:00+00:00,ECMWF,buoy
6101034,0-22000-0-6101034,FRA,True,5.5,41.57,0.20541,pressure,2026-07-01 00:00:00+00:00,ECMWF,buoy
6101035,0-22000-0-6101035,FRA,True,6.71,40.48,0.150373,pressure,2026-07-01 00:00:00+00:00,ECMWF,buoy
6101031_001,0-22000-1-6101031,FRA,True,7.58,41.74,0.140048,pressure,2026-07-01 00:00:00+00:00,ECMWF,buoy
6200001_001,0-22000-1-6200001,FRA,True,-5.0,45.22,0.189434,pressure,2026-07-01 00:00:00+00:00,ECMWF,buoy
6100001_016,0-22000-16-6100001,FRA,True,7.83,43.38,0.322876,pressure,2026-07-01 00:00:00+00:00,ECMWF,buoy
6100002_017,0-22000-17-6100002,FRA,True,4.66,42.06,0.187802,pressure,2026-07-01 00:00:00+00:00,ECMWF,buoy
5200013,0-22000-0-5200013,USA,True,165.0,10.2,0.281331,pressure,2026-07-01 00:00:00+00:00,ECMWF,buoy
Unknown,6301641,,False,-5.883999824523926,89.9010009765625,0.229184,pressure,2026-07-01 00:00:00+00:00,ECMWF,buoy
5802098,0-22000-0-5802098,AUS,True,-119.843,-48.447,0.311165,pressure,2026-07-01 00:00:00+00:00,ECMWF,buoy
7810368,0-22000-0-7810368,USA,True,96.976,-17.222,0.149467,pressure,2026-07-01 00:00:00+00:00,ECMWF,buoy
Unknown,6801930,,False,62.9739990234375,-36.98500061035156,0.493485,pressure,2026-07-01 00:00:00+00:00,ECMWF,buoy
Unknown,5100312,,False,-170.3000030517578,10.0,0.288574,pressure,2026-07-01 00:00:00+00:00,ECMWF,buoy
Unknown,4601555,,False,179.59060668945312,76.23380279541016,0.201084,pressure,2026-07-01 00:00:00+00:00,ECMWF,buoy
Unknown,4601557,,False,159.2617950439453,80.36820220947266,0.302014,pressure,2026-07-01 00:00:00+00:00,ECMWF,buoy
5100306_041,0-22000-41-5100306,USA,True,-167.9,-1.6,0.312301,pressure,2026-07-01 00:00:00+00:00,ECMWF,buoy
5100305_043,0-22000-43-5100305,USA,True,-170.0,2.0,0.201403,pressure,2026-07-01 00:00:00+00:00,ECMWF,buoy
Unknown,0022604,,False,127.98200225830078,16.93779945373535,0.518279,pressure,2026-07-01 00:00:00+00:00,ECMWF,buoy
Unknown,1301622,,False,-81.29029846191406,19.87190055847168,0.105921,pressure,2026-07-01 00:00:00+00:00,DWD,buoy
6101036,0-22000-0-6101036,FRA,True,6.71,42.35,0.216193,pressure,2026-07-01 00:00:00+00:00,ECMWF,buoy
Unknown,4601560,,False,-135.71359252929688,76.71980285644531,0.360063,pressure,2026-07-01 00:00:00+00:00,ECMWF,buoy
5100021_035,0-22000-35-5100021,USA,True,-153.7,2.0,0.248952,pressure,2026-07-01 00:00:00+00:00,ECMWF,buoy
Unknown,7810445,,False,-53.47740173339844,54.796600341796875,0.237005,pressure,2026-07-01 00:00:00+00:00,ECMWF,buoy
Unknown,6203683,,False,-22.66860008239746,22.650299072265625,0.273937,pressure,2026-07-01 00:00:00+00:00,ECMWF,buoy
6100001_017,0-22000-17-6100001,FRA,True,7.83,43.36,0.331207,pressure,2026-07-01 00:00:00+00:00,ECMWF,buoy
2200193,0-22000-0-2200193,KOR,True,124.02,37.5,0.315509,pressure,2026-07-01 00:00:00+00:00,ECMWF,buoy
2200306,0-22000-0-2200306,KOR,True,124.62,37.05,0.356027,pressure,2026-07-01 00:00:00+00:00,ECMWF,buoy
Unknown,1301626,,False,5.5100998878479,4.804999828338623,0.351042,pressure,2026-07-01 00:00:00+00:00,DWD,buoy
2200307,0-22000-0-2200307,KOR,True,125.61,36.75,0.275147,pressure,2026-07-01 00:00:00+00:00,ECMWF,buoy
2200308,0-22000-0-2200308,KOR,True,125.15,35.28,0.346604,pressure,2026-07-01 00:00:00+00:00,ECMWF,buoy
Unknown,3801835,,False,-40.58110046386719,44.01570129394531,0.184504,pressure,2026-07-01 00:00:00+00:00,ECMWF,buoy
Unknown,6204531,,False,-47.36650085449219,42.489601135253906,0.250861,pressure,2026-07-01 00:00:00+00:00,ECMWF,buoy
Unknown,3801834,,False,-41.37710189819336,44.18389892578125,0.155928,pressure,2026-07-01 00:00:00+00:00,ECMWF,buoy
Unknown,6802060,,False,-43.50529861450195,44.63359832763672,0.268655,pressure,2026-07-01 00:00:00+00:00,ECMWF,buoy
Unknown,7810682,,False,-156.8345947265625,50.50680160522461,0.271476,pressure,2026-07-01 00:00:00+00:00,ECMWF,buoy
Unknown,5802253,,False,-44.323001861572266,44.607601165771484,0.326094,pressure,2026-07-01 00:00:00+00:00,ECMWF,buoy
Unknown,7894568,,False,-44.457801818847656,45.502201080322266,0.284564,pressure,2026-07-01 00:00:00+00:00,ECMWF,buoy
Unknown,2802242,,False,-52.58140182495117,44.589500427246094,0.754878,pressure,2026-07-01 00:00:00+00:00,ECMWF,buoy
Unknown,7810693,,False,-157.8560028076172,30.25079917907715,6.141231,pressure,2026-07-01 00:00:00+00:00,ECMWF,buoy
Unknown,6204528,,False,-46.37929916381836,45.00310134887695,0.295006,pressure,2026-07-01 00:00:00+00:00,ECMWF,buoy
Unknown,6204530,,False,-44.6609001159668,45.54059982299805,0.207323,pressure,2026-07-01 00:00:00+00:00,ECMWF,buoy
Unknown,7810446,,False,-51.18915939331055,49.255531311035156,0.416857,pressure,2026-07-01 00:00:00+00:00,ECMWF,buoy
Unknown,4200027,,False,-85.30500030517578,29.045000076293945,1.130737,pressure,2026-07-01 00:00:00+00:00,ECMWF,buoy
Unknown,6204536,,False,-53.06679916381836,44.45479965209961,0.285677,pressure,2026-07-01 00:00:00+00:00,ECMWF,buoy
Unknown,5401606,,False,-21.056400299072266,25.7322998046875,0.289062,pressure,2026-07-01 00:00:00+00:00,ECMWF,buoy
Unknown,7810742,,False,-150.63388061523438,51.74024963378906,0.24989,pressure,2026-07-01 00:00:00+00:00,ECMWF,buoy
Unknown,7810763,,False,-154.3025360107422,51.62092971801758,0.083793,pressure,2026-07-01 00:00:00+00:00,ECMWF,buoy
Unknown,7810762,,False,-157.73861694335938,51.14944076538086,0.147553,pressure,2026-07-01 00:00:00+00:00,ECMWF,buoy
Unknown,7810747,,False,-147.5904541015625,51.93342971801758,0.231917,pressure,2026-07-01 00:00:00+00:00,ECMWF,buoy
Unknown,7810749,,False,-157.7457275390625,50.955360412597656,0.328398,pressure,2026-07-01 00:00:00+00:00,ECMWF,buoy
Unknown,7810751,,False,-154.23605346679688,51.461021423339844,0.257211,pressure,2026-07-01 00:00:00+00:00,ECMWF,buoy
Unknown,7810745,,False,-152.48646545410156,51.60900115966797,0.214907,pressure,2026-07-01 00:00:00+00:00,ECMWF,buoy
Unknown,7810758,,False,-162.8582763671875,50.195838928222656,0.350562,pressure,2026-07-01 00:00:00+00:00,ECMWF,buoy
Unknown,7810755,,False,-148.89224243164062,51.95534133911133,0.645947,pressure,2026-07-01 00:00:00+00:00,ECMWF,buoy
Unknown,7810756,,False,-159.43850708007812,50.85160827636719,0.170786,pressure,2026-07-01 00:00:00+00:00,ECMWF,buoy
Unknown,2801979,,False,-44.530601501464844,58.49599838256836,0.195116,pressure,2026-07-01 00:00:00+00:00,ECMWF,buoy
2802238,0-22000-0-2802238,AUS,True,110.44,-51.404,0.341732,pressure,2026-07-01 00:00:00+00:00,ECMWF,buoy
4804262,0-22000-0-4804262,AUS,True,110.384,-55.658,0.271071,pressure,2026-07-01 00:00:00+00:00,ECMWF,buoy
Unknown,1301809,,False,-47.93239974975586,49.11360168457031,0.192429,pressure,2026-07-01 00:00:00+00:00,ECMWF,buoy
Unknown,6204527,,False,-45.667999267578125,43.67900085449219,0.222412,pressure,2026-07-01 00:00:00+00:00,ECMWF,buoy
Unknown,3801840,,False,-48.969600677490234,44.84230041503906,0.173864,pressure,2026-07-01 00:00:00+00:00,ECMWF,buoy
Unknown,3801838,,False,-46.5994987487793,45.865501403808594,0.169593,pressure,2026-07-01 00:00:00+00:00,ECMWF,buoy
5802239,0-22000-0-5802239,AUS,True,132.227,-42.384,0.522803,pressure,2026-07-01 00:00:00+00:00,ECMWF,buoy
7811079,0-22000-0-7811079,AUS,True,127.126,-41.641,0.362229,pressure,2026-07-01 00:00:00+00:00,ECMWF,buoy
Unknown,1801945,,False,-49.02939987182617,44.647300720214844,0.269069,pressure,2026-07-01 00:00:00+00:00,ECMWF,buoy
Unknown,3801662,,False,-19.81760025024414,22.854799270629883,0.07412,pressure,2026-07-01 00:00:00+00:00,ECMWF,buoy
Unknown,7810677,,False,-123.50579833984375,31.998199462890625,0.303542,pressure,2026-07-01 00:00:00+00:00,ECMWF,buoy
Unknown,7810898,,False,65.0762710571289,9.847189903259277,1.682027,pressure,2026-07-01 00:00:00+00:00,ECMWF,buoy
Unknown,7810899,,False,60.42741012573242,12.903739929199219,0.258259,pressure,2026-07-01 00:00:00+00:00,ECMWF,buoy
Unknown,6204524,,False,-51.97200012207031,41.39339828491211,0.270954,pressure,2026-07-01 00:00:00+00:00,ECMWF,buoy
Unknown,4600012,,False,-122.8808364868164,37.35554885864258,0.349188,pressure,2026-07-01 00:00:00+00:00,ECMWF,buoy
Unknown,7810617,,False,17.62590980529785,37.81816864013672,0.205019,pressure,2026-07-01 00:00:00+00:00,ECMWF,buoy
Unknown,7810678,,False,-123.83940124511719,32.988399505615234,0.123044,pressure,2026-07-01 00:00:00+00:00,ECMWF,buoy
Unknown,7810679,,False,-123.53839874267578,33.535400390625,0.129303,pressure,2026-07-01 00:00:00+00:00,ECMWF,buoy
Unknown,7810681,,False,-123.98819732666016,32.52399826049805,0.153212,pressure,2026-07-01 00:00:00+00:00,ECMWF,buoy
5601761,0-22000-0-5601761,AUS,True,79.569,-52.695,0.343102,pressure,2026-07-01 00:00:00+00:00,ECMWF,buoy
Unknown,7810689,,False,-124.55740356445312,34.75299835205078,0.157238,pressure,2026-07-01 00:00:00+00:00,ECMWF,buoy
Unknown,7810912,,False,-123.54900360107422,28.542049407958984,0.171792,pressure,2026-07-01 00:00:00+00:00,ECMWF,buoy
Unknown,7810913,,False,-121.8054428100586,31.131189346313477,0.370771,pressure,2026-07-01 00:00:00+00:00,ECMWF,buoy
Unknown,7810914,,False,-123.57565307617188,30.617069244384766,0.303422,pressure,2026-07-01 00:00:00+00:00,ECMWF,buoy
Unknown,7810915,,False,-123.59300231933594,28.057479858398438,0.413138,pressure,2026-07-01 00:00:00+00:00,ECMWF,buoy
Unknown,7810916,,False,-122.12476348876953,32.11671829223633,0.628381,pressure,2026-07-01 00:00:00+00:00,ECMWF,buoy
Unknown,7810680,,False,-123.9937973022461,33.8114013671875,0.159152,pressure,2026-07-01 00:00:00+00:00,ECMWF,buoy
Unknown,7810688,,False,-125.80259704589844,36.55659866333008,0.178045,pressure,2026-07-01 00:00:00+00:00,ECMWF,buoy
7810867,0-22000-0-7810867,USA,True,149.066,16.44,5.062034,pressure,2026-07-01 00:00:00+00:00,ECMWF,buoy
7810868,0-22000-0-7810868,USA,True,150.575,19.206,0.137602,pressure,2026-07-01 00:00:00+00:00,ECMWF,buoy
7810871,0-22000-0-7810871,USA,True,149.22,19.236,0.314264,pressure,2026-07-01 00:00:00+00:00,ECMWF,buoy
7810874,0-22000-0-7810874,USA,True,157.134,18.936,0.217884,pressure,2026-07-01 00:00:00+00:00,ECMWF,buoy
7810875,0-22000-0-7810875,USA,True,147.393,15.826,0.219175,pressure,2026-07-01 00:00:00+00:00,ECMWF,buoy
7810876,0-22000-0-7810876,USA,True,159.249,29.959,0.236177,pressure,2026-07-01 00:00:00+00:00,ECMWF,buoy
7810880,0-22000-0-7810880,USA,True,148.989,15.097,0.382325,pressure,2026-07-01 00:00:00+00:00,ECMWF,buoy
7810881,0-22000-0-7810881,USA,True,154.378,21.02,0.289657,pressure,2026-07-01 00:00:00+00:00,ECMWF,buoy
Unknown,2802246,,False,-49.5369987487793,52.60499954223633,0.271294,pressure,2026-07-01 00:00:00+00:00,ECMWF,buoy
Unknown,7810838,,False,-166.25668334960938,32.6002082824707,0.230291,pressure,2026-07-01 00:00:00+00:00,ECMWF,buoy
Unknown,7810839,,False,-170.16717529296875,28.14344024658203,0.154013,pressure,2026-07-01 00:00:00+00:00,ECMWF,buoy
Unknown,7810843,,False,-168.77212524414062,29.70001983642578,0.154117,pressure,2026-07-01 00:00:00+00:00,ECMWF,buoy
Unknown,7810846,,False,-167.4811248779297,31.250059127807617,0.228373,pressure,2026-07-01 00:00:00+00:00,ECMWF,buoy
Unknown,7810849,,False,-166.23452758789062,32.50551986694336,0.098687,pressure,2026-07-01 00:00:00+00:00,ECMWF,buoy
Unknown,7810850,,False,-166.23524475097656,32.52286911010742,0.193642,pressure,2026-07-01 00:00:00+00:00,ECMWF,buoy
Unknown,7810859,,False,-168.63165283203125,29.55702018737793,0.509389,pressure,2026-07-01 00:00:00+00:00,ECMWF,buoy
Unknown,7810866,,False,-167.5152130126953,31.112119674682617,0.179486,pressure,2026-07-01 00:00:00+00:00,ECMWF,buoy
Unknown,7810841,,False,-164.96885681152344,34.09593963623047,0.086422,pressure,2026-07-01 00:00:00+00:00,ECMWF,buoy
Unknown,7810837,,False,-173.1009521484375,19.013219833374023,0.241542,pressure,2026-07-01 00:00:00+00:00,ECMWF,buoy
Unknown,7810842,,False,-170.65467834472656,19.817829132080078,0.367791,pressure,2026-07-01 00:00:00+00:00,ECMWF,buoy
Unknown,7810844,,False,-163.11474609375,22.008939743041992,0.161879,pressure,2026-07-01 00:00:00+00:00,ECMWF,buoy
Unknown,7810845,,False,-168.19129943847656,20.625789642333984,0.19146,pressure,2026-07-01 00:00:00+00:00,ECMWF,buoy
Unknown,7810847,,False,-173.03857421875,18.98982048034668,0.10079,pressure,2026-07-01 00:00:00+00:00,ECMWF,buoy
Unknown,7810848,,False,-173.04005432128906,18.989389419555664,0.136814,pressure,2026-07-01 00:00:00+00:00,ECMWF,buoy
Unknown,7810854,,False,-165.63218688964844,21.32537078857422,0.159214,pressure,2026-07-01 00:00:00+00:00,ECMWF,buoy
Unknown,7810861,,False,-163.02308654785156,22.012680053710938,0.429211,pressure,2026-07-01 00:00:00+00:00,ECMWF,buoy
Unknown,7810862,,False,-163.03048706054688,22.01814079284668,0.496531,pressure,2026-07-01 00:00:00+00:00,ECMWF,buoy
Unknown,7810863,,False,-168.1487274169922,20.602859497070312,1.284136,pressure,2026-07-01 00:00:00+00:00,ECMWF,buoy
Unknown,7810840,,False,-165.58517456054688,21.316699981689453,0.160022,pressure,2026-07-01 00:00:00+00:00,ECMWF,buoy
7810269,0-22000-0-7810269,USA,True,33.859,-28.754,0.436165,pressure,2026-07-01 00:00:00+00:00,ECMWF,buoy
7810723,0-22000-0-7810723,USA,True,75.249,-31.762,0.284306,pressure,2026-07-01 00:00:00+00:00,ECMWF,buoy
7810724,0-22000-0-7810724,USA,True,80.723,-30.574,0.189035,pressure,2026-07-01 00:00:00+00:00,ECMWF,buoy
7810727,0-22000-0-7810727,USA,True,89.766,-32.416,5.86757,pressure,2026-07-01 00:00:00+00:00,ECMWF,buoy
7810728,0-22000-0-7810728,USA,True,91.554,-31.15,0.199856,pressure,2026-07-01 00:00:00+00:00,ECMWF,buoy
7810729,0-22000-0-7810729,USA,True,84.735,-26.534,0.171629,pressure,2026-07-01 00:00:00+00:00,ECMWF,buoy
7810731,0-22000-0-7810731,USA,True,102.899,-29.741,0.468791,pressure,2026-07-01 00:00:00+00:00,ECMWF,buoy
7810767,0-22000-0-7810767,USA,True,-42.723,40.256,0.256886,pressure,2026-07-01 00:00:00+00:00,ECMWF,buoy
7810781,0-22000-0-7810781,USA,True,-40.421,45.625,0.255959,pressure,2026-07-01 00:00:00+00:00,ECMWF,buoy
Unknown,3801846,,False,20.27281951904297,34.2729606628418,0.113049,pressure,2026-07-01 00:00:00+00:00,ECMWF,buoy
Unknown,4601567,,False,-132.50047302246094,72.63540649414062,0.249621,pressure,2026-07-01 00:00:00+00:00,ECMWF,buoy
Unknown,4601568,,False,-135.26812744140625,71.7367935180664,0.241308,pressure,2026-07-01 00:00:00+00:00,ECMWF,buoy
Unknown,2501594,,False,-155.2550506591797,72.2406234741211,0.24319,pressure,2026-07-01 00:00:00+00:00,ECMWF,buoy
Unknown,4601561,,False,-148.83807373046875,73.6038589477539,0.231402,pressure,2026-07-01 00:00:00+00:00,ECMWF,buoy
Unknown,4500510,,False,-140.70297241210938,71.24153137207031,0.28032,pressure,2026-07-01 00:00:00+00:00,ECMWF,buoy
Unknown,4500512,,False,-144.63107299804688,71.32444763183594,0.345903,pressure,2026-07-01 00:00:00+00:00,ECMWF,buoy
7810709,0-22000-0-7810709,USA,True,-43.107,-32.624,0.340439,pressure,2026-07-01 00:00:00+00:00,ECMWF,buoy
7810711,0-22000-0-7810711,USA,True,-36.44,-28.054,0.261155,pressure,2026-07-01 00:00:00+00:00,ECMWF,buoy
7810717,0-22000-0-7810717,USA,True,-36.157,-31.463,0.505489,pressure,2026-07-01 00:00:00+00:00,ECMWF,buoy
7810718,0-22000-0-7810718,USA,True,-38.048,-41.306,0.400974,pressure,2026-07-01 00:00:00+00:00,ECMWF,buoy
7810719,0-22000-0-7810719,USA,True,-28.769,-41.621,0.206443,pressure,2026-07-01 00:00:00+00:00,ECMWF,buoy
7810721,0-22000-0-7810721,USA,True,-41.821,-37.115,0.312597,pressure,2026-07-01 00:00:00+00:00,ECMWF,buoy
7810765,0-22000-0-7810765,USA,True,-50.166,34.132,0.342567,pressure,2026-07-01 00:00:00+00:00,ECMWF,buoy
7810770,0-22000-0-7810770,USA,True,-54.635,34.968,0.318553,pressure,2026-07-01 00:00:00+00:00,ECMWF,buoy
7810772,0-22000-0-7810772,USA,True,-19.837,31.951,0.126849,pressure,2026-07-01 00:00:00+00:00,ECMWF,buoy
7810777,0-22000-0-7810777,USA,True,-39.593,33.948,0.159147,pressure,2026-07-01 00:00:00+00:00,ECMWF,buoy
7810782,0-22000-0-7810782,USA,True,-32.035,46.374,0.164299,pressure,2026-07-01 00:00:00+00:00,ECMWF,buoy
7810783,0-22000-0-7810783,USA,True,-24.69,45.812,0.233973,pressure,2026-07-01 00:00:00+00:00,ECMWF,buoy
7810784,0-22000-0-7810784,USA,True,-42.886,37.133,0.307916,pressure,2026-07-01 00:00:00+00:00,ECMWF,buoy
7810720,0-22000-0-7810720,USA,True,-44.274,-45.007,2.308451,pressure,2026-07-01 00:00:00+00:00,ECMWF,buoy
7810766,0-22000-0-7810766,USA,True,-29.105,34.395,0.134144,pressure,2026-07-01 00:00:00+00:00,ECMWF,buoy
7810774,0-22000-0-7810774,USA,True,-27.098,38.253,0.179108,pressure,2026-07-01 00:00:00+00:00,ECMWF,buoy
7810780,0-22000-0-7810780,USA,True,-17.728,35.076,0.178866,pressure,2026-07-01 00:00:00+00:00,ECMWF,buoy
Unknown,1801865,,False,-53.65599822998047,-66.76820373535156,0.368632,pressure,2026-07-01 00:00:00+00:00,ECMWF,buoy
7810437,0-22000-0-7810437,USA,True,-35.824,47.571,0.325196,pressure,2026-07-01 00:00:00+00:00,ECMWF,buoy
7810438,0-22000-0-7810438,USA,True,-47.756,47.953,0.292725,pressure,2026-07-01 00:00:00+00:00,ECMWF,buoy
7810439,0-22000-0-7810439,USA,True,-45.995,53.07,0.360277,pressure,2026-07-01 00:00:00+00:00,ECMWF,buoy
7810440,0-22000-0-7810440,USA,True,-49.56,51.049,0.217816,pressure,2026-07-01 00:00:00+00:00,ECMWF,buoy
Unknown,6100210,,False,17.222049713134766,39.023250579833984,0.613326,pressure,2026-07-01 00:00:00+00:00,ECMWF,buoy
Unknown,6100215,,False,17.37891960144043,40.974449157714844,0.371632,pressure,2026-07-01 00:00:00+00:00,ECMWF,buoy
Unknown,6100216,,False,11.553299903869629,42.24549865722656,0.806525,pressure,2026-07-01 00:00:00+00:00,ECMWF,buoy
Unknown,6100217,,False,14.536930084228516,42.4069709777832,0.260046,pressure,2026-07-01 00:00:00+00:00,ECMWF,buoy
Unknown,6100218,,False,13.718029975891113,43.82352828979492,0.285032,pressure,2026-07-01 00:00:00+00:00,ECMWF,buoy
Unknown,6100219,,False,9.826379776000977,43.930118560791016,0.291249,pressure,2026-07-01 00:00:00+00:00,ECMWF,buoy
Unknown,6100220,,False,12.516719818115234,45.33327865600586,0.281906,pressure,2026-07-01 00:00:00+00:00,ECMWF,buoy
7810917,0-22000-0-7810917,USA,True,-112.332,16.715,24.854464,pressure,2026-07-01 00:00:00+00:00,ECMWF,buoy
7810921,0-22000-0-7810921,USA,True,-120.558,16.496,5.989119,pressure,2026-07-01 00:00:00+00:00,ECMWF,buoy
7810929,0-22000-0-7810929,USA,True,-100.871,7.326,0.324132,pressure,2026-07-01 00:00:00+00:00,ECMWF,buoy
Unknown,1801864,,False,-55.28120040893555,-66.48300170898438,0.583312,pressure,2026-07-01 00:00:00+00:00,ECMWF,buoy
Unknown,1101577,,False,-21.719999313354492,23.004199981689453,0.146744,pressure,2026-07-01 00:00:00+00:00,ECMWF,buoy
Unknown,2802166,,False,-55.00080108642578,-66.99859619140625,0.662738,pressure,2026-07-01 00:00:00+00:00,ECMWF,buoy
Unknown,7810882,,False,79.67205810546875,0.03075999952852726,0.335632,pressure,2026-07-01 00:00:00+00:00,ECMWF,buoy
Unknown,7810883,,False,81.24807739257812,0.0004600000102072954,0.33569,pressure,2026-07-01 00:00:00+00:00,ECMWF,buoy
7810061,0-22000-0-7810061,USA,True,103.183,-25.91,0.13965,pressure,2026-07-01 00:00:00+00:00,ECMWF,buoy
7810064,0-22000-0-7810064,USA,True,108.647,-25.457,0.200302,pressure,2026-07-01 00:00:00+00:00,ECMWF,buoy
Unknown,4200039,,False,-86.0239028930664,28.767780303955078,0.188728,pressure,2026-07-01 00:00:00+00:00,ECMWF,buoy
Unknown,7810884,,False,82.81466674804688,-0.08591999858617783,0.227829,pressure,2026-07-01 00:00:00+00:00,ECMWF,buoy
Unknown,5100025,,False,-140.0,-1.0,0.160187,pressure,2026-07-01 00:00:00+00:00,ECMWF,buoy
Unknown,5100024,,False,-139.89999389648438,1.0,0.182783,pressure,2026-07-01 00:00:00+00:00,ECMWF,buoy
5100017_038,0-22000-38-5100017,USA,True,-124.8,-2.1,0.17615,pressure,2026-07-01 00:00:00+00:00,ECMWF,buoy
5100006_046,0-22000-46-5100006,USA,True,-140.3,9.0,0.247041,pressure,2026-07-01 00:00:00+00:00,ECMWF,buoy
7810036,0-22000-0-7810036,USA,True,-38.737,-53.096,0.358085,pressure,2026-07-01 00:00:00+00:00,ECMWF,buoy
7810037,0-22000-0-7810037,USA,True,-27.773,-45.04,0.175232,pressure,2026-07-01 00:00:00+00:00,ECMWF,buoy
7810041,0-22000-0-7810041,USA,True,-19.488,-43.159,0.23129,pressure,2026-07-01 00:00:00+00:00,ECMWF,buoy
7810043,0-22000-0-7810043,USA,True,-25.166,-43.442,0.320365,pressure,2026-07-01 00:00:00+00:00,ECMWF,buoy
7810046,0-22000-0-7810046,USA,True,-24.461,-46.265,0.223498,pressure,2026-07-01 00:00:00+00:00,ECMWF,buoy
7810048,0-22000-0-7810048,USA,True,-38.468,-52.53,0.247641,pressure,2026-07-01 00:00:00+00:00,ECMWF,buoy
7810283,0-22000-0-7810283,USA,True,76.691,-2.596,0.484075,pressure,2026-07-01 00:00:00+00:00,ECMWF,buoy
7810286,0-22000-0-7810286,USA,True,87.038,-4.973,0.219787,pressure,2026-07-01 00:00:00+00:00,ECMWF,buoy
7810925,0-22000-0-7810925,USA,True,-110.294,12.835,0.292694,pressure,2026-07-01 00:00:00+00:00,ECMWF,buoy
6402631,0-22000-0-6402631,USA,True,22.396,33.594,0.176916,pressure,2026-07-01 00:00:00+00:00,ECMWF,buoy
7810279,0-22000-0-7810279,USA,True,52.082,-32.777,0.155822,pressure,2026-07-01 00:00:00+00:00,ECMWF,buoy
7810281,0-22000-0-7810281,USA,True,72.282,-41.597,0.219827,pressure,2026-07-01 00:00:00+00:00,ECMWF,buoy
7810282,0-22000-0-7810282,USA,True,78.277,-43.069,0.169482,pressure,2026-07-01 00:00:00+00:00,ECMWF,buoy
7810038,0-22000-0-7810038,USA,True,-28.842,-9.951,1.933971,pressure,2026-07-01 00:00:00+00:00,ECMWF,buoy
7810040,0-22000-0-7810040,USA,True,-29.455,-14.724,0.23334,pressure,2026-07-01 00:00:00+00:00,ECMWF,buoy
7810042,0-22000-0-7810042,USA,True,-29.601,-14.53,0.159962,pressure,2026-07-01 00:00:00+00:00,ECMWF,buoy
7810045,0-22000-0-7810045,USA,True,-36.082,-50.721,0.21949,pressure,2026-07-01 00:00:00+00:00,ECMWF,buoy
Unknown,4100041,,False,-46.040550231933594,14.258890151977539,0.128877,pressure,2026-07-01 00:00:00+00:00,ECMWF,buoy
Unknown,4500216,,False,-89.34944915771484,46.931949615478516,0.218543,pressure,2026-07-01 00:00:00+00:00,ECMWF,buoy
Unknown,4500220,,False,-79.4316635131836,42.56111145019531,1.078155,pressure,2026-07-01 00:00:00+00:00,ECMWF,buoy
Unknown,4804289,,False,144.14599609375,31.02400016784668,0.209153,pressure,2026-07-01 00:00:00+00:00,ECMWF,buoy
Unknown,4100048,,False,-69.70777130126953,31.889720916748047,0.21447,pressure,2026-07-01 00:00:00+00:00,ECMWF,buoy
Unknown,5802254,,False,-29.243200302124023,58.16569900512695,0.192722,pressure,2026-07-01 00:00:00+00:00,ECMWF,buoy
Unknown,5802275,,False,146.49400329589844,41.75,0.200138,pressure,2026-07-01 00:00:00+00:00,ECMWF,buoy
Unknown,3801842,,False,-6.845300197601318,64.89559936523438,0.202656,pressure,2026-07-01 00:00:00+00:00,ECMWF,buoy
Unknown,2802247,,False,-6.36460018157959,66.17939758300781,0.202204,pressure,2026-07-01 00:00:00+00:00,ECMWF,buoy
Unknown,4804272,,False,-5.713600158691406,65.3604965209961,0.169764,pressure,2026-07-01 00:00:00+00:00,ECMWF,buoy
Unknown,6301642,,False,8.877599716186523,68.6093978881836,0.223918,pressure,2026-07-01 00:00:00+00:00,ECMWF,buoy
Unknown,6301645,,False,2.5078001022338867,75.78299713134766,0.317869,pressure,2026-07-01 00:00:00+00:00,ECMWF,buoy
Unknown,6301647,,False,21.608999252319336,71.23719787597656,0.159363,pressure,2026-07-01 00:00:00+00:00,ECMWF,buoy
Unknown,6301643,,False,-2.0146000385284424,73.29720306396484,0.202787,pressure,2026-07-01 00:00:00+00:00,ECMWF,buoy
7810094,0-22000-0-7810094,USA,True,-83.389,-23.516,0.254797,pressure,2026-07-01 00:00:00+00:00,ECMWF,buoy
7810964,0-22000-0-7810964,USA,True,-141.361,10.248,0.203902,pressure,2026-07-01 00:00:00+00:00,ECMWF,buoy
7810966,0-22000-0-7810966,USA,True,-135.017,10.234,0.201901,pressure,2026-07-01 00:00:00+00:00,ECMWF,buoy
7810967,0-22000-0-7810967,USA,True,179.354,9.24,0.171351,pressure,2026-07-01 00:00:00+00:00,ECMWF,buoy
7810970,0-22000-0-7810970,USA,True,-152.136,10.072,0.326773,pressure,2026-07-01 00:00:00+00:00,ECMWF,buoy
7810971,0-22000-0-7810971,USA,True,-160.317,10.386,0.236402,pressure,2026-07-01 00:00:00+00:00,ECMWF,buoy
Unknown,4804290,,False,135.4510040283203,37.060001373291016,0.368211,pressure,2026-07-01 00:00:00+00:00,ECMWF,buoy
Unknown,0021716,,False,122.17278289794922,24.442750930786133,0.553635,pressure,2026-07-01 00:00:00+00:00,ECMWF,buoy
Unknown,0021715,,False,121.92884063720703,24.56484031677246,1.427211,pressure,2026-07-01 00:00:00+00:00,ECMWF,buoy
Unknown,0021714,,False,122.19309997558594,24.831409454345703,0.391144,pressure,2026-07-01 00:00:00+00:00,ECMWF,buoy
3801827,0-22000-0-3801827,AUS,True,99.746,-16.348,0.164704,pressure,2026-07-01 00:00:00+00:00,ECMWF,buoy
5802237,0-22000-0-5802237,AUS,True,104.652,-20.832,0.21459,pressure,2026-07-01 00:00:00+00:00,ECMWF,buoy
Unknown,4500183,,False,-85.8308334350586,44.98167037963867,2.540137,pressure,2026-07-01 00:00:00+00:00,ECMWF,buoy
Unknown,3801829,,False,107.25789642333984,-20.841299057006836,0.272121,pressure,2026-07-01 00:00:00+00:00,ECMWF,buoy
Unknown,7810938,,False,-122.91848754882812,30.168270111083984,0.118436,pressure,2026-07-01 00:00:00+00:00,ECMWF,buoy
Unknown,0021718,,False,125.32823181152344,31.55763053894043,0.610676,pressure,2026-07-01 00:00:00+00:00,ECMWF,buoy
Unknown,0021719,,False,125.8673324584961,31.530750274658203,0.400316,pressure,2026-07-01 00:00:00+00:00,ECMWF,buoy
Unknown,7810937,,False,-123.61882019042969,29.86590003967285,0.15073,pressure,2026-07-01 00:00:00+00:00,ECMWF,buoy
Unknown,7810939,,False,-123.9922866821289,30.412160873413086,0.119462,pressure,2026-07-01 00:00:00+00:00,ECMWF,buoy
Unknown,7810940,,False,-123.36151123046875,30.736989974975586,0.200207,pressure,2026-07-01 00:00:00+00:00,ECMWF,buoy
3801829,0-22000-0-3801829,AUS,True,107.191,-20.954,0.18161,pressure,2026-07-01 00:00:00+00:00,ECMWF,buoy
Unknown,0021717,,False,124.89115142822266,31.411190032958984,0.341642,pressure,2026-07-01 00:00:00+00:00,ECMWF,buoy
Unknown,7810443,,False,-52.50038146972656,55.05601119995117,0.409099,pressure,2026-07-01 00:00:00+00:00,ECMWF,buoy
Unknown,5802257,,False,-26.265300750732422,56.35540008544922,0.235744,pressure,2026-07-01 00:00:00+00:00,ECMWF,buoy
Unknown,5802255,,False,-32.9385986328125,58.50170135498047,0.254924,pressure,2026-07-01 00:00:00+00:00,ECMWF,buoy
Unknown,6802080,,False,-56.078399658203125,54.53779983520508,0.217899,pressure,2026-07-01 00:00:00+00:00,ECMWF,buoy
Unknown,7894614,,False,113.58419799804688,16.555200576782227,0.39395,pressure,2026-07-01 00:00:00+00:00,ECMWF,buoy
Unknown,7810932,,False,-123.5199966430664,32.2400016784668,0.11993,pressure,2026-07-01 00:00:00+00:00,ECMWF,buoy
Unknown,7810941,,False,-123.08999633789062,31.600000381469727,0.212049,pressure,2026-07-01 00:00:00+00:00,ECMWF,buoy
Unknown,0022951,,False,124.65483093261719,37.83467102050781,0.148881,pressure,2026-07-01 00:00:00+00:00,ECMWF,buoy
Unknown,7810452,,False,73.0360107421875,-35.155330657958984,0.21289,pressure,2026-07-01 00:00:00+00:00,ECMWF,buoy
Unknown,7810453,,False,73.73841857910156,-35.73115158081055,0.23683,pressure,2026-07-01 00:00:00+00:00,ECMWF,buoy
Unknown,7810936,,False,-122.55265045166016,33.502689361572266,0.214013,pressure,2026-07-01 00:00:00+00:00,ECMWF,buoy
Unknown,0021720,,False,137.998291015625,13.497870445251465,0.305533,pressure,2026-07-01 00:00:00+00:00,ECMWF,buoy
Unknown,7810944,,False,-123.63754272460938,33.7327995300293,0.157629,pressure,2026-07-01 00:00:00+00:00,ECMWF,buoy
Unknown,0021721,,False,135.79771423339844,13.53201961517334,0.52242,pressure,2026-07-01 00:00:00+00:00,ECMWF,buoy
Unknown,0021722,,False,133.9619140625,13.355230331420898,0.706997,pressure,2026-07-01 00:00:00+00:00,ECMWF,buoy
Unknown,7810985,,False,-73.0199966430664,31.510000228881836,0.219213,pressure,2026-07-01 00:00:00+00:00,ECMWF,buoy
Unknown,0021723,,False,131.98614501953125,15.48351001739502,0.652251,pressure,2026-07-01 00:00:00+00:00,ECMWF,buoy
Unknown,3801837,,False,-23.526500701904297,67.49620056152344,0.308147,pressure,2026-07-01 00:00:00+00:00,ECMWF,buoy
Unknown,0021724,,False,130.0005340576172,17.499629974365234,0.395279,pressure,2026-07-01 00:00:00+00:00,ECMWF,buoy
Unknown,7894597,,False,-59.17720031738281,55.98820114135742,0.244306,pressure,2026-07-01 00:00:00+00:00,ECMWF,buoy
Unknown,1801560,,False,-66.11064147949219,22.857219696044922,0.251802,pressure,2026-07-01 00:00:00+00:00,ECMWF,buoy
Unknown,1801590,,False,-66.62725067138672,23.563980102539062,0.202479,pressure,2026-07-01 00:00:00+00:00,ECMWF,buoy
Unknown,1801600,,False,-66.3438491821289,16.0068302154541,0.135453,pressure,2026-07-01 00:00:00+00:00,ECMWF,buoy
Unknown,1801599,,False,-65.28153991699219,22.963680267333984,0.262833,pressure,2026-07-01 00:00:00+00:00,ECMWF,buoy
Unknown,0022952,,False,124.71360778808594,37.30778121948242,0.308517,pressure,2026-07-01 00:00:00+00:00,ECMWF,buoy
Unknown,6801923,,False,-63.9992790222168,40.760780334472656,0.445661,pressure,2026-07-01 00:00:00+00:00,ECMWF,buoy
Unknown,2802286,,False,-86.63735961914062,25.501300811767578,0.197667,pressure,2026-07-01 00:00:00+00:00,ECMWF,buoy
Unknown,7894593,,False,137.16200256347656,28.448999404907227,0.207916,pressure,2026-07-01 00:00:00+00:00,ECMWF,buoy
Unknown,7894630,,False,-87.13323211669922,27.36079978942871,0.119479,pressure,2026-07-01 00:00:00+00:00,ECMWF,buoy
Unknown,7810909,,False,78.39997100830078,17.528709411621094,66.770116,pressure,2026-07-01 00:00:00+00:00,ECMWF,buoy
Unknown,1301785,,False,-14.9350004196167,37.07339859008789,0.149849,pressure,2026-07-01 00:00:00+00:00,DWD,buoy
Unknown,1301819,,False,-26.160200119018555,25.21820068359375,0.383796,pressure,2026-07-01 00:00:00+00:00,DWD,buoy
Unknown,1301823,,False,-25.89579963684082,24.84239959716797,0.121594,pressure,2026-07-01 00:00:00+00:00,DWD,buoy
Unknown,1601747,,False,68.82019805908203,-44.15879821777344,0.167966,pressure,2026-07-01 00:00:00+00:00,DWD,buoy
Unknown,1701664,,False,172.58779907226562,-46.93220138549805,0.458827,pressure,2026-07-01 00:00:00+00:00,DWD,buoy
Unknown,1701672,,False,89.82219696044922,-39.85919952392578,0.181362,pressure,2026-07-01 00:00:00+00:00,DWD,buoy
Unknown,1701678,,False,44.93040084838867,-34.519798278808594,0.532675,pressure,2026-07-01 00:00:00+00:00,DWD,buoy
Unknown,1801731,,False,12.222000122070312,-47.220001220703125,0.23728,pressure,2026-07-01 00:00:00+00:00,DWD,buoy
Unknown,1801778,,False,-47.884498596191406,43.88869857788086,0.160815,pressure,2026-07-01 00:00:00+00:00,DWD,buoy
Unknown,2101866,,False,172.1654052734375,48.95479965209961,0.144113,pressure,2026-07-01 00:00:00+00:00,DWD,buoy
Unknown,2101868,,False,-163.44659423828125,49.685001373291016,0.405574,pressure,2026-07-01 00:00:00+00:00,DWD,buoy
Unknown,2101869,,False,-165.7812042236328,52.3307991027832,0.173329,pressure,2026-07-01 00:00:00+00:00,DWD,buoy
Unknown,2101873,,False,161.7471923828125,49.86479949951172,0.168681,pressure,2026-07-01 00:00:00+00:00,DWD,buoy
Unknown,23099,,False,80.30999755859375,13.09000015258789,0.277485,pressure,2026-07-01 00:00:00+00:00,DWD,buoy
Unknown,23491,,False,92.5999984741211,11.59000015258789,0.216392,pressure,2026-07-01 00:00:00+00:00,DWD,buoy
Unknown,2802104,,False,-148.82321166992188,46.46480178833008,1.039266,pressure,2026-07-01 00:00:00+00:00,DWD,buoy
Unknown,3101569,,False,-93.16120147705078,-20.052799224853516,0.393341,pressure,2026-07-01 00:00:00+00:00,DWD,buoy
Unknown,3101570,,False,-88.06400299072266,-24.257200241088867,0.305885,pressure,2026-07-01 00:00:00+00:00,DWD,buoy
Unknown,3101571,,False,-94.88240051269531,-26.291400909423828,0.317515,pressure,2026-07-01 00:00:00+00:00,DWD,buoy
Unknown,32303,,False,-94.9000015258789,5.099999904632568,0.315978,pressure,2026-07-01 00:00:00+00:00,DWD,buoy
Unknown,32315,,False,-110.0999984741211,5.0,0.281024,pressure,2026-07-01 00:00:00+00:00,DWD,buoy
Unknown,32317,,False,-110.0,-2.0,0.146532,pressure,2026-07-01 00:00:00+00:00,DWD,buoy
Unknown,32318,,False,-110.0,-5.0,0.146774,pressure,2026-07-01 00:00:00+00:00,DWD,buoy
Unknown,32319,,False,-110.0999984741211,-8.0,0.198855,pressure,2026-07-01 00:00:00+00:00,DWD,buoy
Unknown,32320,,False,-95.4000015258789,2.0,0.267624,pressure,2026-07-01 00:00:00+00:00,DWD,buoy
Unknown,32321,,False,-95.30000305175781,0.10000000149011612,0.209312,pressure,2026-07-01 00:00:00+00:00,DWD,buoy
Unknown,32322,,False,-95.0999984741211,-2.0,0.12689,pressure,2026-07-01 00:00:00+00:00,DWD,buoy
Unknown,3401652,,False,-89.63020324707031,-27.899200439453125,0.509228,pressure,2026-07-01 00:00:00+00:00,DWD,buoy
Unknown,3401654,,False,-77.2218017578125,-24.181400299072266,0.272675,pressure,2026-07-01 00:00:00+00:00,DWD,buoy
Unknown,3401655,,False,-94.42720031738281,-23.8302001953125,0.232052,pressure,2026-07-01 00:00:00+00:00,DWD,buoy
Unknown,3401658,,False,-80.32679748535156,-22.49839973449707,0.480988,pressure,2026-07-01 00:00:00+00:00,DWD,buoy
Unknown,3401659,,False,-79.22160339355469,-24.568599700927734,0.262938,pressure,2026-07-01 00:00:00+00:00,DWD,buoy
Unknown,3801661,,False,-162.3166961669922,-33.716800689697266,0.290256,pressure,2026-07-01 00:00:00+00:00,DWD,buoy
Unknown,3801707,,False,-150.1085968017578,43.824798583984375,0.147389,pressure,2026-07-01 00:00:00+00:00,DWD,buoy
Unknown,4101725,,False,-63.03120040893555,18.068300247192383,0.092819,pressure,2026-07-01 00:00:00+00:00,DWD,buoy
Unknown,4101863,,False,-33.47439956665039,21.323200225830078,0.11368,pressure,2026-07-01 00:00:00+00:00,DWD,buoy
Unknown,4101867,,False,60.667999267578125,-6.357600212097168,0.308463,pressure,2026-07-01 00:00:00+00:00,DWD,buoy
Unknown,4402730,,False,-33.717201232910156,32.297000885009766,0.100592,pressure,2026-07-01 00:00:00+00:00,DWD,buoy
Unknown,4701555,,False,-21.181970596313477,65.33860778808594,0.770927,pressure,2026-07-01 00:00:00+00:00,DWD,buoy
Unknown,4701582,,False,-159.7176055908203,77.00559997558594,0.982635,pressure,2026-07-01 00:00:00+00:00,DWD,buoy
Unknown,4801763,,False,-27.105199813842773,83.21420288085938,0.199073,pressure,2026-07-01 00:00:00+00:00,DWD,buoy
Unknown,4802582,,False,-23.846210479736328,67.55323028564453,0.344846,pressure,2026-07-01 00:00:00+00:00,DWD,buoy
Unknown,4804084,,False,-16.298799514770508,-18.646499633789062,0.282,pressure,2026-07-01 00:00:00+00:00,DWD,buoy
Unknown,51006,,False,-140.1999969482422,9.0,0.22265,pressure,2026-07-01 00:00:00+00:00,DWD,buoy
Unknown,51010,,False,-169.6999969482422,0.10000000149011612,0.19225,pressure,2026-07-01 00:00:00+00:00,DWD,buoy
Unknown,51014,,False,-139.89999389648438,-5.0,0.207549,pressure,2026-07-01 00:00:00+00:00,DWD,buoy
Unknown,51016,,False,-125.0999984741211,2.0,0.205253,pressure,2026-07-01 00:00:00+00:00,DWD,buoy
Unknown,51017,,False,-124.80000305175781,-2.0999999046325684,0.204077,pressure,2026-07-01 00:00:00+00:00,DWD,buoy
Unknown,51021,,False,-153.6999969482422,2.0,0.319079,pressure,2026-07-01 00:00:00+00:00,DWD,buoy
Unknown,51022,,False,-152.10000610351562,-2.0,0.143987,pressure,2026-07-01 00:00:00+00:00,DWD,buoy
Unknown,51023,,False,-153.3000030517578,0.20000000298023224,0.233826,pressure,2026-07-01 00:00:00+00:00,DWD,buoy
Unknown,51303,,False,-170.0,5.0,0.267105,pressure,2026-07-01 00:00:00+00:00,DWD,buoy
Unknown,51305,,False,-169.8000030517578,2.200000047683716,0.191934,pressure,2026-07-01 00:00:00+00:00,DWD,buoy
Unknown,51306,,False,-167.89999389648438,-1.600000023841858,0.257956,pressure,2026-07-01 00:00:00+00:00,DWD,buoy
Unknown,51311,,False,-139.89999389648438,-0.10000000149011612,0.163524,pressure,2026-07-01 00:00:00+00:00,DWD,buoy
Unknown,52001,,False,165.0,2.0,0.294754,pressure,2026-07-01 00:00:00+00:00,DWD,buoy
Unknown,52006,,False,165.10000610351562,8.100000381469727,0.201281,pressure,2026-07-01 00:00:00+00:00,DWD,buoy
Unknown,5201827,,False,147.7353973388672,14.55780029296875,0.185138,pressure,2026-07-01 00:00:00+00:00,DWD,buoy
Unknown,5201828,,False,-158.1855926513672,-47.76919937133789,0.437919,pressure,2026-07-01 00:00:00+00:00,DWD,buoy
Unknown,52311,,False,-179.89999389648438,0.0,0.219688,pressure,2026-07-01 00:00:00+00:00,DWD,buoy
Unknown,52312,,False,-179.8000030517578,-1.899999976158142,0.255435,pressure,2026-07-01 00:00:00+00:00,DWD,buoy
Unknown,5501696,,False,-177.26019287109375,-39.016998291015625,0.173313,pressure,2026-07-01 00:00:00+00:00,DWD,buoy
Unknown,5501698,,False,-152.9176025390625,-38.748199462890625,0.211697,pressure,2026-07-01 00:00:00+00:00,DWD,buoy
Unknown,5501699,,False,-161.35699462890625,-36.31520080566406,0.122324,pressure,2026-07-01 00:00:00+00:00,DWD,buoy
Unknown,5501703,,False,-167.96859741210938,-37.16859817504883,0.256552,pressure,2026-07-01 00:00:00+00:00,DWD,buoy
Unknown,5501704,,False,-140.60040283203125,-43.744598388671875,0.205403,pressure,2026-07-01 00:00:00+00:00,DWD,buoy
Unknown,5501706,,False,-167.0424041748047,-41.3765983581543,0.254522,pressure,2026-07-01 00:00:00+00:00,DWD,buoy
Unknown,5501714,,False,175.0305938720703,-35.40800094604492,0.304532,pressure,2026-07-01 00:00:00+00:00,DWD,buoy
Unknown,5501718,,False,167.49319458007812,-34.427799224853516,0.704716,pressure,2026-07-01 00:00:00+00:00,DWD,buoy
Unknown,5501721,,False,157.04420471191406,-42.424400329589844,1.606313,pressure,2026-07-01 00:00:00+00:00,DWD,buoy
Unknown,5802053,,False,12.232199668884277,-21.33919906616211,0.499139,pressure,2026-07-01 00:00:00+00:00,DWD,buoy
Unknown,5802060,,False,23.476600646972656,85.17060089111328,0.209709,pressure,2026-07-01 00:00:00+00:00,DWD,buoy
Unknown,6203621,,False,-52.389198303222656,28.051799774169922,0.685034,pressure,2026-07-01 00:00:00+00:00,DWD,buoy
Unknown,6203639,,False,-32.1614990234375,26.52429962158203,0.125153,pressure,2026-07-01 00:00:00+00:00,DWD,buoy
Unknown,6203662,,False,48.67190170288086,84.88990020751953,0.519898,pressure,2026-07-01 00:00:00+00:00,DWD,buoy
Unknown,6203899,,False,-36.808799743652344,-20.899599075317383,0.397325,pressure,2026-07-01 00:00:00+00:00,DWD,buoy
Unknown,62094,,False,-6.710000038146973,51.689998626708984,0.149299,pressure,2026-07-01 00:00:00+00:00,DWD,buoy
Unknown,62095,,False,-15.880000114440918,53.060001373291016,0.226363,pressure,2026-07-01 00:00:00+00:00,DWD,buoy
Unknown,6301004,,False,20.149999618530273,72.48999786376953,0.223561,pressure,2026-07-01 00:00:00+00:00,DWD,buoy
Unknown,6801877,,False,-43.609798431396484,-25.866899490356445,0.315888,pressure,2026-07-01 00:00:00+00:00,DWD,buoy
Unknown,6801878,,False,-10.464900016784668,-21.444499969482422,0.331805,pressure,2026-07-01 00:00:00+00:00,DWD,buoy
Unknown,6801917,,False,-162.38699340820312,45.181800842285156,0.562158,pressure,2026-07-01 00:00:00+00:00,DWD,buoy
Unknown,7801646,,False,17.017200469970703,-48.437801361083984,0.314899,pressure,2026-07-01 00:00:00+00:00,DWD,buoy
Unknown,7801649,,False,23.354000091552734,-45.879798889160156,0.14034,pressure,2026-07-01 00:00:00+00:00,DWD,buoy
Unknown,7801671,,False,11.805000305175781,-20.192800521850586,0.19089,pressure,2026-07-01 00:00:00+00:00,DWD,buoy
Unknown,7801672,,False,-15.399200439453125,-18.831600189208984,0.375513,pressure,2026-07-01 00:00:00+00:00,DWD,buoy
Unknown,4701558,,False,-18.0999698638916,78.6120834350586,1.803878,pressure,2026-07-01 00:00:00+00:00,DWD,buoy
Unknown,23454,,False,72.61000061035156,10.329999923706055,0.214388,pressure,2026-07-01 00:00:00+00:00,DWD,buoy
Unknown,23492,,False,72.20999908447266,10.869999885559082,0.131352,pressure,2026-07-01 00:00:00+00:00,DWD,buoy
Unknown,61001,,False,7.829999923706055,43.380001068115234,0.259436,pressure,2026-07-01 00:00:00+00:00,DWD,buoy
Unknown,41010,,False,-78.4800033569336,28.8799991607666,0.167878,pressure,2026-07-01 00:00:00+00:00,DWD,buoy
Unknown,62124,,False,-3.5999999046325684,53.599998474121094,0.283403,pressure,2026-07-01 00:00:00+00:00,DWD,buoy
Unknown,62050,,False,-4.400000095367432,50.0,0.28331,pressure,2026-07-01 00:00:00+00:00,DWD,buoy
Unknown,61281,,False,-0.20800000429153442,39.52000045776367,0.26584,pressure,2026-07-01 00:00:00+00:00,DWD,buoy
Unknown,61417,,False,-0.314300000667572,37.654300689697266,0.583796,pressure,2026-07-01 00:00:00+00:00,DWD,buoy
Unknown,45005,,False,-82.39833068847656,41.67667007446289,0.38876,pressure,2026-07-01 00:00:00+00:00,DWD,buoy
Unknown,45132,,False,-81.2156982421875,42.46329879760742,0.231393,pressure,2026-07-01 00:00:00+00:00,DWD,buoy
Unknown,45147,,False,-82.68299865722656,42.43000030517578,0.275261,pressure,2026-07-01 00:00:00+00:00,DWD,buoy
Unknown,45149,,False,-82.07499694824219,43.54199981689453,0.278302,pressure,2026-07-01 00:00:00+00:00,DWD,buoy
Unknown,45163,,False,-83.59750366210938,43.984439849853516,0.548245,pressure,2026-07-01 00:00:00+00:00,DWD,buoy
Unknown,45176,,False,-81.76526641845703,41.5502815246582,0.476216,pressure,2026-07-01 00:00:00+00:00,DWD,buoy
Unknown,45196,,False,-81.88027954101562,41.52082824707031,0.317448,pressure,2026-07-01 00:00:00+00:00,DWD,buoy
Unknown,45200,,False,-83.37805938720703,41.70750045776367,0.281941,pressure,2026-07-01 00:00:00+00:00,DWD,buoy
Unknown,45202,,False,-82.94139099121094,41.532779693603516,0.216955,pressure,2026-07-01 00:00:00+00:00,DWD,buoy
Unknown,45205,,False,-81.74832916259766,41.50138854980469,0.770059,pressure,2026-07-01 00:00:00+00:00,DWD,buoy
Unknown,45206,,False,-81.58305358886719,41.58528137207031,0.303206,pressure,2026-07-01 00:00:00+00:00,DWD,buoy
Unknown,45208,,False,-80.81305694580078,41.90834045410156,0.747208,pressure,2026-07-01 00:00:00+00:00,DWD,buoy
Unknown,61197,,False,4.420000076293945,39.709999084472656,0.78347,pressure,2026-07-01 00:00:00+00:00,DWD,buoy
Unknown,22102,,False,125.77690124511719,34.79330062866211,0.279331,pressure,2026-07-01 00:00:00+00:00,DWD,buoy
Unknown,22103,,False,127.50140380859375,34.001399993896484,0.243887,pressure,2026-07-01 00:00:00+00:00,DWD,buoy
Unknown,22184,,False,126.14109802246094,33.793609619140625,0.220574,pressure,2026-07-01 00:00:00+00:00,DWD,buoy
Unknown,22297,,False,125.2147216796875,34.02750015258789,0.200756,pressure,2026-07-01 00:00:00+00:00,DWD,buoy
Unknown,22298,,False,125.24555969238281,34.74666976928711,0.24174,pressure,2026-07-01 00:00:00+00:00,DWD,buoy
Unknown,22304,,False,127.2699966430664,32.720001220703125,0.167789,pressure,2026-07-01 00:00:00+00:00,DWD,buoy
Unknown,64045,,False,-11.699999809265137,59.099998474121094,0.22949,pressure,2026-07-01 00:00:00+00:00,DWD,buoy
Unknown,61280,,False,1.4673000574111938,40.68360137939453,0.517867,pressure,2026-07-01 00:00:00+00:00,DWD,buoy
Unknown,42035,,False,-94.40556335449219,29.23444938659668,0.249424,pressure,2026-07-01 00:00:00+00:00,DWD,buoy
Unknown,62087,,False,6.783329963684082,54.68333053588867,0.289452,pressure,2026-07-01 00:00:00+00:00,DWD,buoy
Unknown,62105,,False,-12.699999809265137,55.20000076293945,0.255072,pressure,2026-07-01 00:00:00+00:00,DWD,buoy
Unknown,62025,,False,-6.160900115966797,43.7495002746582,0.576792,pressure,2026-07-01 00:00:00+00:00,DWD,buoy
Unknown,42057,,False,-81.57805633544922,16.975000381469727,0.536359,pressure,2026-07-01 00:00:00+00:00,DWD,buoy
Unknown,44011,,False,-66.56195068359375,41.09305953979492,0.25093,pressure,2026-07-01 00:00:00+00:00,DWD,buoy
Unknown,44027,,False,-67.30111694335938,44.28388977050781,1.156367,pressure,2026-07-01 00:00:00+00:00,DWD,buoy
Unknown,66024,,False,12.699999809265137,54.70000076293945,1.057779,pressure,2026-07-01 00:00:00+00:00,DWD,buoy
Unknown,62082,,False,-7.678800106048584,44.137699127197266,0.568647,pressure,2026-07-01 00:00:00+00:00,DWD,buoy
Unknown,62083,,False,-9.211400032043457,43.49610137939453,0.580677,pressure,2026-07-01 00:00:00+00:00,DWD,buoy
Unknown,61198,,False,-2.3376998901367188,36.56890106201172,0.644844,pressure,2026-07-01 00:00:00+00:00,DWD,buoy
Unknown,62024,,False,-3.0536000728607178,43.64400100708008,0.674946,pressure,2026-07-01 00:00:00+00:00,DWD,buoy
Unknown,51004,,False,-152.22999572753906,17.53805923461914,0.176163,pressure,2026-07-01 00:00:00+00:00,DWD,buoy
Unknown,46011,,False,-120.99944305419922,34.93722152709961,0.339321,pressure,2026-07-01 00:00:00+00:00,DWD,buoy
Unknown,46025,,False,-119.04499816894531,33.755279541015625,0.158788,pressure,2026-07-01 00:00:00+00:00,DWD,buoy
Unknown,46047,,False,-119.5250015258789,32.38833999633789,0.567211,pressure,2026-07-01 00:00:00+00:00,DWD,buoy
Unknown,46053,,False,-119.8388900756836,34.24055099487305,0.223805,pressure,2026-07-01 00:00:00+00:00,DWD,buoy
Unknown,46054,,False,-120.46806335449219,34.27389144897461,1.421982,pressure,2026-07-01 00:00:00+00:00,DWD,buoy
Unknown,46069,,False,-120.21278381347656,33.67721939086914,0.652349,pressure,2026-07-01 00:00:00+00:00,DWD,buoy
Unknown,46086,,False,-118.0525131225586,32.49861145019531,0.115871,pressure,2026-07-01 00:00:00+00:00,DWD,buoy
Unknown,61430,,False,2.109999895095825,39.561500549316406,0.650015,pressure,2026-07-01 00:00:00+00:00,DWD,buoy
Unknown,62120,,False,2.0999999046325684,56.400001525878906,0.323598,pressure,2026-07-01 00:00:00+00:00,DWD,buoy
Unknown,62131,,False,1.2000000476837158,53.900001525878906,0.849423,pressure,2026-07-01 00:00:00+00:00,DWD,buoy
Unknown,62132,,False,2.0,56.400001525878906,0.593832,pressure,2026-07-01 00:00:00+00:00,DWD,buoy
Unknown,62138,,False,0.4000000059604645,53.79999923706055,0.807742,pressure,2026-07-01 00:00:00+00:00,DWD,buoy
Unknown,62149,,False,1.100000023841858,53.70000076293945,0.835674,pressure,2026-07-01 00:00:00+00:00,DWD,buoy
Unknown,62151,,False,2.200000047683716,56.79999923706055,0.438993,pressure,2026-07-01 00:00:00+00:00,DWD,buoy
Unknown,62154,,False,2.200000047683716,56.400001525878906,0.212318,pressure,2026-07-01 00:00:00+00:00,DWD,buoy
Unknown,62160,,False,2.299999952316284,56.599998474121094,0.499009,pressure,2026-07-01 00:00:00+00:00,DWD,buoy
Unknown,62165,,False,1.100000023841858,54.0,0.758635,pressure,2026-07-01 00:00:00+00:00,DWD,buoy
Unknown,15009,,False,-2.708940029144287,-0.006570000201463699,0.402034,pressure,2026-07-01 00:00:00+00:00,DWD,buoy
Unknown,42056,,False,-84.95722198486328,19.825559616088867,0.126612,pressure,2026-07-01 00:00:00+00:00,DWD,buoy
Unknown,62115,,False,-3.0,58.099998474121094,0.42024,pressure,2026-07-01 00:00:00+00:00,DWD,buoy
Unknown,46145,,False,-132.4438934326172,54.36600112915039,0.201473,pressure,2026-07-01 00:00:00+00:00,DWD,buoy
Unknown,46205,,False,-134.3000030517578,54.20000076293945,0.206936,pressure,2026-07-01 00:00:00+00:00,DWD,buoy
Unknown,45026,,False,-86.61945343017578,41.98194885253906,1.327457,pressure,2026-07-01 00:00:00+00:00,DWD,buoy
Unknown,45029,,False,-86.272216796875,42.89971923828125,1.075147,pressure,2026-07-01 00:00:00+00:00,DWD,buoy
Unknown,45168,,False,-86.3308334350586,42.396949768066406,0.46162,pressure,2026-07-01 00:00:00+00:00,DWD,buoy
Unknown,41004,,False,-79.09889221191406,32.501949310302734,0.451335,pressure,2026-07-01 00:00:00+00:00,DWD,buoy
Unknown,41013,,False,-77.7638931274414,33.44110870361328,0.309791,pressure,2026-07-01 00:00:00+00:00,DWD,buoy
Unknown,41024,,False,-78.47666931152344,33.83721923828125,0.551973,pressure,2026-07-01 00:00:00+00:00,DWD,buoy
Unknown,41029,,False,-79.62389373779297,32.80332946777344,0.239704,pressure,2026-07-01 00:00:00+00:00,DWD,buoy
Unknown,41033,,False,-80.40638732910156,32.27888870239258,0.234951,pressure,2026-07-01 00:00:00+00:00,DWD,buoy
Unknown,41038,,False,-77.71833038330078,34.14445114135742,0.438581,pressure,2026-07-01 00:00:00+00:00,DWD,buoy
Unknown,41064,,False,-76.94889068603516,34.207218170166016,1.28133,pressure,2026-07-01 00:00:00+00:00,DWD,buoy
Unknown,41066,,False,-79.65583801269531,32.536109924316406,0.379584,pressure,2026-07-01 00:00:00+00:00,DWD,buoy
Unknown,46001,,False,-148.02694702148438,56.29610824584961,0.240136,pressure,2026-07-01 00:00:00+00:00,DWD,buoy
Unknown,46076,,False,-148.0047149658203,59.508060455322266,0.320393,pressure,2026-07-01 00:00:00+00:00,DWD,buoy
Unknown,46080,,False,-150.1294403076172,57.9102783203125,0.351781,pressure,2026-07-01 00:00:00+00:00,DWD,buoy
Unknown,45001,,False,-87.7925033569336,48.0613899230957,0.379382,pressure,2026-07-01 00:00:00+00:00,DWD,buoy
Unknown,45004,,False,-86.58499908447266,47.58528137207031,0.536911,pressure,2026-07-01 00:00:00+00:00,DWD,buoy
Unknown,45023,,False,-88.60694122314453,47.27000045776367,0.282894,pressure,2026-07-01 00:00:00+00:00,DWD,buoy
Unknown,45025,,False,-88.39777374267578,46.96860885620117,0.486808,pressure,2026-07-01 00:00:00+00:00,DWD,buoy
Unknown,45136,,False,-86.95269775390625,48.53499984741211,0.654077,pressure,2026-07-01 00:00:00+00:00,DWD,buoy
Unknown,45137,,False,-81.01499938964844,45.54399871826172,0.17496,pressure,2026-07-01 00:00:00+00:00,DWD,buoy
Unknown,45143,,False,-80.62677001953125,44.94486999511719,0.219948,pressure,2026-07-01 00:00:00+00:00,DWD,buoy
Unknown,45154,,False,-82.63726043701172,46.05070877075195,0.264157,pressure,2026-07-01 00:00:00+00:00,DWD,buoy
Unknown,45162,,False,-83.27139282226562,44.98971939086914,0.550105,pressure,2026-07-01 00:00:00+00:00,DWD,buoy
Unknown,45175,,False,-84.772216796875,45.825279235839844,0.232449,pressure,2026-07-01 00:00:00+00:00,DWD,buoy
Unknown,45148,,False,-94.50193786621094,49.6511116027832,0.320409,pressure,2026-07-01 00:00:00+00:00,DWD,buoy
Unknown,46083,,False,-138.01889038085938,58.27000045776367,0.560169,pressure,2026-07-01 00:00:00+00:00,DWD,buoy
Unknown,46084,,False,-136.04000854492188,56.61417007446289,0.199982,pressure,2026-07-01 00:00:00+00:00,DWD,buoy
Unknown,41053,,False,-66.09944915771484,18.475830078125,0.307168,pressure,2026-07-01 00:00:00+00:00,DWD,buoy
Unknown,41056,,False,-65.46415710449219,18.261110305786133,0.413375,pressure,2026-07-01 00:00:00+00:00,DWD,buoy
Unknown,42058,,False,-75.1530532836914,14.511940002441406,0.618113,pressure,2026-07-01 00:00:00+00:00,DWD,buoy
Unknown,46072,,False,-172.09805297851562,51.6591682434082,0.269572,pressure,2026-07-01 00:00:00+00:00,DWD,buoy
Unknown,46077,,False,-154.2111053466797,57.86861038208008,0.235048,pressure,2026-07-01 00:00:00+00:00,DWD,buoy
Unknown,46081,,False,-148.28305053710938,60.80221939086914,0.313532,pressure,2026-07-01 00:00:00+00:00,DWD,buoy
Unknown,45012,,False,-77.40083312988281,43.62083053588867,0.266904,pressure,2026-07-01 00:00:00+00:00,DWD,buoy
Unknown,45135,,False,-76.86778259277344,43.78443908691406,0.173968,pressure,2026-07-01 00:00:00+00:00,DWD,buoy
Unknown,45151,,False,-79.36666870117188,44.50041961669922,0.372887,pressure,2026-07-01 00:00:00+00:00,DWD,buoy
Unknown,45152,,False,-79.71549987792969,46.23295974731445,0.23785,pressure,2026-07-01 00:00:00+00:00,DWD,buoy
Unknown,61196,,False,3.6500000953674316,41.91299819946289,0.595846,pressure,2026-07-01 00:00:00+00:00,DWD,buoy
Unknown,44008,,False,-69.2502670288086,40.49555969238281,0.658401,pressure,2026-07-01 00:00:00+00:00,DWD,buoy
Unknown,10290,,False,-69.47599792480469,37.758399963378906,0.272096,pressure,2026-07-01 00:00:00+00:00,DWD,buoy
Unknown,44007,,False,-70.0999984741211,43.5,0.463881,pressure,2026-07-01 00:00:00+00:00,DWD,buoy
Unknown,46035,,False,-177.4677734375,57.03361129760742,0.305896,pressure,2026-07-01 00:00:00+00:00,DWD,buoy
Unknown,46070,,False,175.26138305664062,55.04999923706055,0.371512,pressure,2026-07-01 00:00:00+00:00,DWD,buoy
Unknown,45140,,False,-96.73300170898438,50.79999923706055,0.289522,pressure,2026-07-01 00:00:00+00:00,DWD,buoy
Unknown,45144,,False,-98.29000091552734,53.22999954223633,0.26863,pressure,2026-07-01 00:00:00+00:00,DWD,buoy
Unknown,45145,,False,-96.97000122070312,51.869998931884766,0.242486,pressure,2026-07-01 00:00:00+00:00,DWD,buoy
Unknown,23452,,False,68.6433334350586,12.072500228881836,0.273918,pressure,2026-07-01 00:00:00+00:00,DWD,buoy
Unknown,62302,,False,-2.4000000953674316,60.70000076293945,0.342879,pressure,2026-07-01 00:00:00+00:00,DWD,buoy
Unknown,64041,,False,-2.5,60.599998474121094,0.370909,pressure,2026-07-01 00:00:00+00:00,DWD,buoy
Unknown,44488,,False,-60.953800201416016,45.44499969482422,0.270798,pressure,2026-07-01 00:00:00+00:00,DWD,buoy
Unknown,44489,,False,-61.14099884033203,45.48686981201172,0.257066,pressure,2026-07-01 00:00:00+00:00,DWD,buoy
Unknown,44137,,False,-62.0,42.29999923706055,0.261464,pressure,2026-07-01 00:00:00+00:00,DWD,buoy
Unknown,44139,,False,-57.099998474121094,44.29999923706055,0.345043,pressure,2026-07-01 00:00:00+00:00,DWD,buoy
Unknown,45201,,False,82.78056335449219,41.60110855102539,0.250742,pressure,2026-07-01 00:00:00+00:00,DWD,buoy
Unknown,51000,,False,-153.7916717529297,23.528329849243164,0.346899,pressure,2026-07-01 00:00:00+00:00,DWD,buoy
Unknown,15006,,False,-10.010510444641113,-6.034589767456055,0.136754,pressure,2026-07-01 00:00:00+00:00,DWD,buoy
Unknown,41025,,False,-75.45443725585938,35.00971984863281,0.270306,pressure,2026-07-01 00:00:00+00:00,DWD,buoy
Unknown,41082,,False,-75.125,35.95000076293945,0.198333,pressure,2026-07-01 00:00:00+00:00,DWD,buoy
Unknown,41083,,False,-74.8530502319336,35.724998474121094,0.293833,pressure,2026-07-01 00:00:00+00:00,DWD,buoy
Unknown,44009,,False,-74.69194793701172,38.459720611572266,0.226113,pressure,2026-07-01 00:00:00+00:00,DWD,buoy
Unknown,44014,,False,-74.8369369506836,36.602779388427734,0.571682,pressure,2026-07-01 00:00:00+00:00,DWD,buoy
Unknown,44079,,False,-74.80000305175781,36.20000076293945,0.226045,pressure,2026-07-01 00:00:00+00:00,DWD,buoy
Unknown,10310,,False,-73.70079803466797,37.56919860839844,0.111006,pressure,2026-07-01 00:00:00+00:00,DWD,buoy
Unknown,13130,,False,-15.790399551391602,28.1914005279541,0.385998,pressure,2026-07-01 00:00:00+00:00,DWD,buoy
Unknown,44078,,False,-39.5,59.900001525878906,0.478536,pressure,2026-07-01 00:00:00+00:00,DWD,buoy
Unknown,45013,,False,-87.84971618652344,43.098331451416016,0.685164,pressure,2026-07-01 00:00:00+00:00,DWD,buoy
Unknown,45174,,False,-87.65499877929688,42.1349983215332,1.236514,pressure,2026-07-01 00:00:00+00:00,DWD,buoy
Unknown,45186,,False,-87.79472351074219,42.36832809448242,0.951502,pressure,2026-07-01 00:00:00+00:00,DWD,buoy
Unknown,45187,,False,-87.77889251708984,42.49082946777344,0.648124,pressure,2026-07-01 00:00:00+00:00,DWD,buoy
Unknown,45198,,False,-87.56305694580078,41.89250183105469,0.582973,pressure,2026-07-01 00:00:00+00:00,DWD,buoy
Unknown,45199,,False,-87.64888763427734,42.703330993652344,1.315124,pressure,2026-07-01 00:00:00+00:00,DWD,buoy
Unknown,14049,,False,64.96251678466797,-12.015629768371582,0.179678,pressure,2026-07-01 00:00:00+00:00,DWD,buoy
Unknown,44013,,False,-70.651123046875,42.345550537109375,0.15748,pressure,2026-07-01 00:00:00+00:00,DWD,buoy
Unknown,44020,,False,-70.2830581665039,41.49721908569336,1.163567,pressure,2026-07-01 00:00:00+00:00,DWD,buoy
Unknown,44025,,False,-73.17472076416016,40.258338928222656,0.608732,pressure,2026-07-01 00:00:00+00:00,DWD,buoy
Unknown,44065,,False,-73.70054626464844,40.36832809448242,0.27449,pressure,2026-07-01 00:00:00+00:00,DWD,buoy
Unknown,10312,,False,-72.3292007446289,38.46220016479492,0.096987,pressure,2026-07-01 00:00:00+00:00,DWD,buoy
Unknown,41049,,False,-62.27054977416992,27.50472068786621,0.331123,pressure,2026-07-01 00:00:00+00:00,DWD,buoy
Unknown,42001,,False,-89.66194915771484,25.92555046081543,0.410388,pressure,2026-07-01 00:00:00+00:00,DWD,buoy
Unknown,42002,,False,-93.64611053466797,26.05500030517578,0.165193,pressure,2026-07-01 00:00:00+00:00,DWD,buoy
Unknown,62081,,False,-13.291999816894531,51.007198333740234,0.176257,pressure,2026-07-01 00:00:00+00:00,DWD,buoy
Unknown,62442,,False,-16.38089942932129,48.9723014831543,0.202943,pressure,2026-07-01 00:00:00+00:00,DWD,buoy
Unknown,13131,,False,-16.597900390625,27.996599197387695,0.250863,pressure,2026-07-01 00:00:00+00:00,DWD,buoy
Unknown,46005,,False,-131.08999633789062,46.14332962036133,0.126737,pressure,2026-07-01 00:00:00+00:00,DWD,buoy
Unknown,46027,,False,-124.38166809082031,41.84000015258789,0.317256,pressure,2026-07-01 00:00:00+00:00,DWD,buoy
Unknown,46029,,False,-124.48665618896484,46.163330078125,0.230129,pressure,2026-07-01 00:00:00+00:00,DWD,buoy
Unknown,46041,,False,-124.73944091796875,47.352500915527344,0.58861,pressure,2026-07-01 00:00:00+00:00,DWD,buoy
Unknown,46050,,False,-124.54611206054688,44.66889190673828,0.281222,pressure,2026-07-01 00:00:00+00:00,DWD,buoy
Unknown,46181,,False,-128.83099365234375,53.83300018310547,0.397605,pressure,2026-07-01 00:00:00+00:00,DWD,buoy
Unknown,46185,,False,-130.08717346191406,52.52750015258789,0.247851,pressure,2026-07-01 00:00:00+00:00,DWD,buoy
Unknown,62163,,False,-8.458600044250488,47.50080108642578,0.190402,pressure,2026-07-01 00:00:00+00:00,DWD,buoy
Unknown,42012,,False,-87.54833221435547,30.059999465942383,0.346467,pressure,2026-07-01 00:00:00+00:00,DWD,buoy
Unknown,46006,,False,-137.3794403076172,40.76639175415039,0.18773,pressure,2026-07-01 00:00:00+00:00,DWD,buoy
Unknown,41001,,False,-72.241943359375,34.70249938964844,0.138186,pressure,2026-07-01 00:00:00+00:00,DWD,buoy
Unknown,41046,,False,-68.3933334350586,23.821670532226562,0.116768,pressure,2026-07-01 00:00:00+00:00,DWD,buoy
Unknown,41047,,False,-71.45166015625,27.481950759887695,0.724213,pressure,2026-07-01 00:00:00+00:00,DWD,buoy
Unknown,42060,,False,-63.328609466552734,16.433889389038086,0.093866,pressure,2026-07-01 00:00:00+00:00,DWD,buoy
Unknown,63055,,False,1.600000023841858,60.599998474121094,0.399857,pressure,2026-07-01 00:00:00+00:00,DWD,buoy
Unknown,63102,,False,1.399999976158142,60.79999923706055,0.389287,pressure,2026-07-01 00:00:00+00:00,DWD,buoy
Unknown,63108,,False,1.7000000476837158,60.79999923706055,0.417437,pressure,2026-07-01 00:00:00+00:00,DWD,buoy
Unknown,63111,,False,1.5,61.29999923706055,0.256736,pressure,2026-07-01 00:00:00+00:00,DWD,buoy
Unknown,63112,,False,1.0,61.099998474121094,0.206964,pressure,2026-07-01 00:00:00+00:00,DWD,buoy
Unknown,63115,,False,1.2999999523162842,61.599998474121094,0.465084,pressure,2026-07-01 00:00:00+00:00,DWD,buoy
Unknown,41009,,False,-80.18499755859375,28.50749969482422,0.234008,pressure,2026-07-01 00:00:00+00:00,DWD,buoy
Unknown,41069,,False,-80.80278015136719,29.288890838623047,0.138614,pressure,2026-07-01 00:00:00+00:00,DWD,buoy
Unknown,42013,,False,-82.92388916015625,27.173059463500977,0.220974,pressure,2026-07-01 00:00:00+00:00,DWD,buoy
Unknown,42022,,False,-83.74109649658203,27.5049991607666,0.262976,pressure,2026-07-01 00:00:00+00:00,DWD,buoy
Unknown,42026,,False,-83.4749984741211,25.171110153198242,0.495727,pressure,2026-07-01 00:00:00+00:00,DWD,buoy
Unknown,42036,,False,-84.50833129882812,28.500829696655273,0.232404,pressure,2026-07-01 00:00:00+00:00,DWD,buoy
Unknown,41002,,False,-74.93611145019531,31.759170532226562,0.200122,pressure,2026-07-01 00:00:00+00:00,DWD,buoy
Unknown,46060,,False,-146.79501342773438,60.571109771728516,0.260057,pressure,2026-07-01 00:00:00+00:00,DWD,buoy
Unknown,46061,,False,-146.84165954589844,60.23749923706055,0.539222,pressure,2026-07-01 00:00:00+00:00,DWD,buoy
Unknown,46082,,False,-143.35333251953125,59.67028045654297,0.193944,pressure,2026-07-01 00:00:00+00:00,DWD,buoy
Unknown,46075,,False,-160.7938995361328,53.96889114379883,0.222827,pressure,2026-07-01 00:00:00+00:00,DWD,buoy
Unknown,10305,,False,-160.53359985351562,54.45240020751953,0.264007,pressure,2026-07-01 00:00:00+00:00,DWD,buoy
Unknown,46066,,False,-155.00889587402344,52.76472091674805,0.287723,pressure,2026-07-01 00:00:00+00:00,DWD,buoy
Unknown,46078,,False,-152.598876953125,55.560550689697266,0.433887,pressure,2026-07-01 00:00:00+00:00,DWD,buoy
Unknown,62121,,False,2.700000047683716,53.5,0.537595,pressure,2026-07-01 00:00:00+00:00,DWD,buoy
Unknown,62144,,False,1.7000000476837158,53.400001525878906,0.54743,pressure,2026-07-01 00:00:00+00:00,DWD,buoy
Unknown,62145,,False,2.799999952316284,53.099998474121094,0.685178,pressure,2026-07-01 00:00:00+00:00,DWD,buoy
Unknown,62148,,False,1.5,53.599998474121094,0.66674,pressure,2026-07-01 00:00:00+00:00,DWD,buoy
Unknown,63058,,False,2.0999999046325684,53.0,0.496261,pressure,2026-07-01 00:00:00+00:00,DWD,buoy
Unknown,45002,,False,-86.41139221191406,45.34416961669922,0.334407,pressure,2026-07-01 00:00:00+00:00,DWD,buoy
Unknown,45006,,False,-89.79277801513672,47.334720611572266,0.69376,pressure,2026-07-01 00:00:00+00:00,DWD,buoy
Unknown,45027,,False,-91.93000030517578,46.859718322753906,0.878599,pressure,2026-07-01 00:00:00+00:00,DWD,buoy
Unknown,45028,,False,-91.82861328125,46.814170837402344,0.266916,pressure,2026-07-01 00:00:00+00:00,DWD,buoy
Unknown,45216,,False,-89.30000305175781,46.900001525878906,0.269945,pressure,2026-07-01 00:00:00+00:00,DWD,buoy
Unknown,41008,,False,-80.86638641357422,31.399999618530273,0.199136,pressure,2026-07-01 00:00:00+00:00,DWD,buoy
Unknown,62305,,False,0.0,50.400001525878906,0.225983,pressure,2026-07-01 00:00:00+00:00,DWD,buoy
Unknown,46036,,False,-133.93800354003906,48.35499954223633,0.180469,pressure,2026-07-01 00:00:00+00:00,DWD,buoy
Unknown,46087,,False,-124.72722625732422,48.49332809448242,0.188974,pressure,2026-07-01 00:00:00+00:00,DWD,buoy
Unknown,46132,,False,-127.88893127441406,49.775421142578125,0.264226,pressure,2026-07-01 00:00:00+00:00,DWD,buoy
Unknown,46147,,False,-131.22500610351562,51.827999114990234,0.066711,pressure,2026-07-01 00:00:00+00:00,DWD,buoy
Unknown,46206,,False,-125.99800109863281,48.834999084472656,0.17456,pressure,2026-07-01 00:00:00+00:00,DWD,buoy
Unknown,46131,,False,-125.0,49.900001525878906,0.259286,pressure,2026-07-01 00:00:00+00:00,DWD,buoy
Unknown,46146,,False,-123.69999694824219,49.29999923706055,0.209717,pressure,2026-07-01 00:00:00+00:00,DWD,buoy
Unknown,42055,,False,-94.11165618896484,22.139999389648438,0.313487,pressure,2026-07-01 00:00:00+00:00,DWD,buoy
Unknown,15001,,False,-9.981539726257324,-9.911270141601562,0.109091,pressure,2026-07-01 00:00:00+00:00,DWD,buoy
Unknown,51001,,False,-162.008056640625,24.450830459594727,1.023403,pressure,2026-07-01 00:00:00+00:00,DWD,buoy
Unknown,51101,,False,-162.08111572265625,24.358890533447266,1.162987,pressure,2026-07-01 00:00:00+00:00,DWD,buoy
Unknown,46028,,False,-121.9030532836914,35.77000045776367,0.281417,pressure,2026-07-01 00:00:00+00:00,DWD,buoy
Unknown,66022,,False,14.166669845581055,54.08332824707031,0.289086,pressure,2026-07-01 00:00:00+00:00,DWD,buoy
Unknown,46013,,False,-123.31694030761719,38.234718322753906,0.191092,pressure,2026-07-01 00:00:00+00:00,DWD,buoy
Unknown,46014,,False,-123.97972106933594,39.2247200012207,0.364532,pressure,2026-07-01 00:00:00+00:00,DWD,buoy
Unknown,46022,,False,-124.54000091552734,40.71611022949219,0.223014,pressure,2026-07-01 00:00:00+00:00,DWD,buoy
Unknown,46092,,False,-122.02916717529297,36.7511100769043,0.864244,pressure,2026-07-01 00:00:00+00:00,DWD,buoy
Unknown,62102,,False,1.7999999523162842,57.900001525878906,0.367713,pressure,2026-07-01 00:00:00+00:00,DWD,buoy
Unknown,62104,,False,1.2999999523162842,57.400001525878906,0.267215,pressure,2026-07-01 00:00:00+00:00,DWD,buoy
Unknown,62112,,False,-0.20000000298023224,58.400001525878906,0.328158,pressure,2026-07-01 00:00:00+00:00,DWD,buoy
Unknown,62113,,False,0.20000000298023224,58.400001525878906,0.262697,pressure,2026-07-01 00:00:00+00:00,DWD,buoy
Unknown,62116,,False,1.100000023841858,57.599998474121094,0.225722,pressure,2026-07-01 00:00:00+00:00,DWD,buoy
Unknown,62118,,False,0.8999999761581421,57.70000076293945,0.628016,pressure,2026-07-01 00:00:00+00:00,DWD,buoy
Unknown,62119,,False,1.899999976158142,57.0,0.309549,pressure,2026-07-01 00:00:00+00:00,DWD,buoy
Unknown,62122,,False,1.600000023841858,57.29999923706055,0.368926,pressure,2026-07-01 00:00:00+00:00,DWD,buoy
Unknown,62129,,False,0.30000001192092896,58.400001525878906,0.403407,pressure,2026-07-01 00:00:00+00:00,DWD,buoy
Unknown,62133,,False,0.8999999761581421,57.099998474121094,0.326,pressure,2026-07-01 00:00:00+00:00,DWD,buoy
Unknown,62134,,False,1.399999976158142,58.0,0.491645,pressure,2026-07-01 00:00:00+00:00,DWD,buoy
Unknown,62140,,False,1.2999999523162842,57.29999923706055,0.411853,pressure,2026-07-01 00:00:00+00:00,DWD,buoy
Unknown,62141,,False,0.0,57.79999923706055,0.286193,pressure,2026-07-01 00:00:00+00:00,DWD,buoy
Unknown,62143,,False,1.7999999523162842,57.70000076293945,0.93705,pressure,2026-07-01 00:00:00+00:00,DWD,buoy
Unknown,62146,,False,2.0999999046325684,57.20000076293945,0.560911,pressure,2026-07-01 00:00:00+00:00,DWD,buoy
Unknown,62152,,False,1.7999999523162842,57.0,0.728185,pressure,2026-07-01 00:00:00+00:00,DWD,buoy
Unknown,62153,,False,2.0,57.29999923706055,0.653777,pressure,2026-07-01 00:00:00+00:00,DWD,buoy
Unknown,62155,,False,0.699999988079071,57.70000076293945,0.664789,pressure,2026-07-01 00:00:00+00:00,DWD,buoy
Unknown,62157,,False,0.20000000298023224,58.20000076293945,0.246174,pressure,2026-07-01 00:00:00+00:00,DWD,buoy
Unknown,62161,,False,1.2000000476837158,58.400001525878906,0.239746,pressure,2026-07-01 00:00:00+00:00,DWD,buoy
Unknown,62162,,False,0.5,57.400001525878906,0.444484,pressure,2026-07-01 00:00:00+00:00,DWD,buoy
Unknown,62164,,False,0.800000011920929,57.20000076293945,0.494206,pressure,2026-07-01 00:00:00+00:00,DWD,buoy
Unknown,62168,,False,1.100000023841858,58.0,0.441741,pressure,2026-07-01 00:00:00+00:00,DWD,buoy
Unknown,63056,,False,1.600000023841858,59.70000076293945,0.48359,pressure,2026-07-01 00:00:00+00:00,DWD,buoy
Unknown,63057,,False,1.5,59.20000076293945,0.249125,pressure,2026-07-01 00:00:00+00:00,DWD,buoy
Unknown,63059,,False,-0.8999999761581421,57.79999923706055,0.820746,pressure,2026-07-01 00:00:00+00:00,DWD,buoy
Unknown,63109,,False,1.5,59.599998474121094,0.222446,pressure,2026-07-01 00:00:00+00:00,DWD,buoy
Unknown,63110,,False,1.5,59.5,0.212353,pressure,2026-07-01 00:00:00+00:00,DWD,buoy
Unknown,46088,,False,-123.17888641357422,48.332218170166016,0.43108,pressure,2026-07-01 00:00:00+00:00,DWD,buoy
Unknown,46303,,False,-123.43000030517578,49.025001525878906,0.254619,pressure,2026-07-01 00:00:00+00:00,DWD,buoy
Unknown,46304,,False,-123.35700225830078,49.30167007446289,0.304232,pressure,2026-07-01 00:00:00+00:00,DWD,buoy
Unknown,62001,,False,-4.991499900817871,45.2371711730957,0.430906,pressure,2026-07-01 00:00:00+00:00,DWD,buoy
Unknown,41040,,False,-53.136390686035156,14.535829544067383,0.12557,pressure,2026-07-01 00:00:00+00:00,DWD,buoy
Unknown,51002,,False,-157.74639892578125,17.042219161987305,0.548663,pressure,2026-07-01 00:00:00+00:00,DWD,buoy
Unknown,21229,,False,131.11439514160156,37.45539855957031,0.219686,pressure,2026-07-01 00:00:00+00:00,DWD,buoy
Unknown,22101,,False,126.018798828125,37.23609924316406,0.28102,pressure,2026-07-01 00:00:00+00:00,DWD,buoy
Unknown,22105,,False,130.0,37.5442008972168,0.284103,pressure,2026-07-01 00:00:00+00:00,DWD,buoy
Unknown,22106,,False,129.78329467773438,36.349998474121094,0.244136,pressure,2026-07-01 00:00:00+00:00,DWD,buoy
Unknown,22185,,False,125.42890167236328,37.09170150756836,0.348692,pressure,2026-07-01 00:00:00+00:00,DWD,buoy
Unknown,22189,,False,129.84140014648438,35.345298767089844,0.259347,pressure,2026-07-01 00:00:00+00:00,DWD,buoy
Unknown,22303,,False,126.41000366210938,37.15999984741211,0.287088,pressure,2026-07-01 00:00:00+00:00,DWD,buoy
Unknown,22306,,False,124.62000274658203,37.04999923706055,0.250616,pressure,2026-07-01 00:00:00+00:00,DWD,buoy
Unknown,22310,,False,128.63999938964844,38.31999969482422,0.28428,pressure,2026-07-01 00:00:00+00:00,DWD,buoy
Unknown,41044,,False,-58.630001068115234,21.582500457763672,0.349891,pressure,2026-07-01 00:00:00+00:00,DWD,buoy
Unknown,44150,,False,-64.0,42.5,0.367943,pressure,2026-07-01 00:00:00+00:00,DWD,buoy
Unknown,44258,,False,-63.400001525878906,44.5,0.295281,pressure,2026-07-01 00:00:00+00:00,DWD,buoy
Unknown,62170,,False,2.0,51.400001525878906,0.125199,pressure,2026-07-01 00:00:00+00:00,DWD,buoy
Unknown,62304,,False,1.7999999523162842,51.20000076293945,0.265827,pressure,2026-07-01 00:00:00+00:00,DWD,buoy
Unknown,41043,,False,-64.79332733154297,21.025829315185547,0.481404,pressure,2026-07-01 00:00:00+00:00,DWD,buoy
Unknown,46071,,False,179.76388549804688,51.040000915527344,0.313549,pressure,2026-07-01 00:00:00+00:00,DWD,buoy
Unknown,46073,,False,-172.0116729736328,55.00777816772461,0.528009,pressure,2026-07-01 00:00:00+00:00,DWD,buoy
Unknown,45139,,False,-79.53417205810547,43.25138854980469,0.289723,pressure,2026-07-01 00:00:00+00:00,DWD,buoy
Unknown,45142,,False,-79.28986358642578,42.73670959472656,0.269869,pressure,2026-07-01 00:00:00+00:00,DWD,buoy
Unknown,45159,,False,-78.98361206054688,43.76667022705078,0.21459,pressure,2026-07-01 00:00:00+00:00,DWD,buoy
Unknown,61002,,False,4.659999847412109,42.06999969482422,0.347619,pressure,2026-07-01 00:00:00+00:00,DWD,buoy
Unknown,31007,,False,-23.014850616455078,0.013980000279843807,0.193322,pressure,2026-07-01 00:00:00+00:00,DWD,buoy
Unknown,45178,,False,-73.39389038085938,44.603050231933594,0.764884,pressure,2026-07-01 00:00:00+00:00,DWD,buoy
Unknown,41052,,False,-64.76334381103516,18.248889923095703,0.514052,pressure,2026-07-01 00:00:00+00:00,DWD,buoy
Unknown,41037,,False,-77.36165618896484,33.9877815246582,0.611654,pressure,2026-07-01 00:00:00+00:00,DWD,buoy
Unknown,22300,,False,124.7300033569336,32.83000183105469,0.350881,pressure,2026-07-01 00:00:00+00:00,DWD,buoy
Unknown,66021,,False,13.866669654846191,54.883331298828125,0.705647,pressure,2026-07-01 00:00:00+00:00,DWD,buoy
Unknown,10044,,False,10.266670227050781,54.5,1.901819,pressure,2026-07-01 00:00:00+00:00,DWD,buoy
Unknown,62107,,False,-6.099999904632568,50.099998474121094,0.224182,pressure,2026-07-01 00:00:00+00:00,DWD,buoy
Unknown,62086,,False,6.5,55.0,0.22305,pressure,2026-07-01 00:00:00+00:00,DWD,buoy
Unknown,6801802,,False,-153.97500610351562,51.17060089111328,0.31516,pressure,2026-07-01 00:00:00+00:00,DWD,buoy
Unknown,62084,,False,-9.429300308227539,42.117698669433594,0.42773,pressure,2026-07-01 00:00:00+00:00,DWD,buoy
Unknown,7303522,,False,-15.300000190734863,25.299999237060547,0.503606,pressure,2026-07-01 00:00:00+00:00,DWD,buoy
Unknown,62127,,False,0.699999988079071,54.0,0.693606,pressure,2026-07-01 00:00:00+00:00,DWD,buoy
Unknown,45219,,False,-91.625,47.02082824707031,0.266174,pressure,2026-07-01 00:00:00+00:00,DWD,buoy
Unknown,45024,,False,-86.55972290039062,43.97666931152344,0.769829,pressure,2026-07-01 00:00:00+00:00,DWD,buoy
Unknown,62085,,False,-6.962900161743164,36.48970031738281,0.430231,pressure,2026-07-01 00:00:00+00:00,DWD,buoy
Unknown,63118,,False,1.7999999523162842,57.900001525878906,0.635751,pressure,2026-07-01 00:00:00+00:00,DWD,buoy
Unknown,45022,,False,-85.08805847167969,45.404449462890625,0.741169,pressure,2026-07-01 00:00:00+00:00,DWD,buoy
Unknown,46208,,False,-132.6929931640625,52.51499938964844,0.280956,pressure,2026-07-01 00:00:00+00:00,DWD,buoy
Unknown,62130,,False,1.2000000476837158,58.599998474121094,0.232559,pressure,2026-07-01 00:00:00+00:00,DWD,buoy
Unknown,62114,,False,0.0,58.29999923706055,0.294629,pressure,2026-07-01 00:00:00+00:00,DWD,buoy
Unknown,42023,,False,-83.08611297607422,26.010000228881836,0.290592,pressure,2026-07-01 00:00:00+00:00,DWD,buoy
Unknown,52321,,False,163.3000030517578,0.0,0.286621,pressure,2026-07-01 00:00:00+00:00,DWD,buoy
Unknown,52002,,False,163.5,-2.0,0.230457,pressure,2026-07-01 00:00:00+00:00,DWD,buoy
Unknown,23453,,False,73.26793670654297,8.072330474853516,0.202409,pressure,2026-07-01 00:00:00+00:00,DWD,buoy
Unknown,10110,,False,-117.306396484375,33.2046012878418,0.243088,pressure,2026-07-01 00:00:00+00:00,DWD,buoy
Unknown,10113,,False,-117.306396484375,33.20439910888672,0.208886,pressure,2026-07-01 00:00:00+00:00,DWD,buoy
Unknown,52310,,False,-179.8000030517578,2.0,0.214223,pressure,2026-07-01 00:00:00+00:00,DWD,buoy
Unknown,2501555,,False,174.66627502441406,76.18293762207031,0.338557,pressure,2026-07-01 00:00:00+00:00,DWD,buoy
Unknown,4101873,,False,-18.205799102783203,25.708599090576172,0.421713,pressure,2026-07-01 00:00:00+00:00,DWD,buoy
Unknown,4101870,,False,-24.166200637817383,18.019800186157227,0.140311,pressure,2026-07-01 00:00:00+00:00,DWD,buoy
Unknown,10263,,False,-113.7531967163086,26.503400802612305,1.039203,pressure,2026-07-01 00:00:00+00:00,DWD,buoy
Unknown,7801634,,False,-114.00299835205078,-8.043999671936035,0.168746,pressure,2026-07-01 00:00:00+00:00,DWD,buoy
Unknown,1701676,,False,-12.494000434875488,-37.41299819946289,0.260806,pressure,2026-07-01 00:00:00+00:00,DWD,buoy
Unknown,4804081,,False,107.28669738769531,-15.853599548339844,0.230392,pressure,2026-07-01 00:00:00+00:00,DWD,buoy
Unknown,32305,,False,-95.19999694824219,-7.900000095367432,0.141303,pressure,2026-07-01 00:00:00+00:00,DWD,buoy
Unknown,6401601,,False,-146.87710571289062,88.09649658203125,0.293042,pressure,2026-07-01 00:00:00+00:00,DWD,buoy
Unknown,6401602,,False,-124.60639953613281,87.82039642333984,0.360265,pressure,2026-07-01 00:00:00+00:00,DWD,buoy
Unknown,1801859,,False,-145.910400390625,78.68479919433594,0.328497,pressure,2026-07-01 00:00:00+00:00,DWD,buoy
Unknown,62103,,False,-2.8805999755859375,49.910099029541016,0.470337,pressure,2026-07-01 00:00:00+00:00,DWD,buoy
Unknown,2802011,,False,-79.81900024414062,25.66819953918457,0.245048,pressure,2026-07-01 00:00:00+00:00,DWD,buoy
Unknown,51011,,False,-124.4000015258789,-0.20000000298023224,0.185572,pressure,2026-07-01 00:00:00+00:00,DWD,buoy
Unknown,2802022,,False,-79.88300323486328,25.52039909362793,0.137809,pressure,2026-07-01 00:00:00+00:00,DWD,buoy
Unknown,62030,,False,-4.199999809265137,50.29999923706055,0.238427,pressure,2026-07-01 00:00:00+00:00,DWD,buoy
Unknown,51009,,False,-140.0,-2.0,0.139717,pressure,2026-07-01 00:00:00+00:00,DWD,buoy
Unknown,46183,,False,-131.10000610351562,53.599998474121094,0.152697,pressure,2026-07-01 00:00:00+00:00,DWD,buoy
Unknown,51008,,False,-140.0,2.0,0.129986,pressure,2026-07-01 00:00:00+00:00,DWD,buoy
Unknown,2802124,,False,-20.677799224853516,16.699199676513672,0.097518,pressure,2026-07-01 00:00:00+00:00,DWD,buoy
Unknown,46204,,False,-128.6999969482422,51.400001525878906,0.147206,pressure,2026-07-01 00:00:00+00:00,DWD,buoy
Unknown,46207,,False,-129.89999389648438,50.900001525878906,0.195482,pressure,2026-07-01 00:00:00+00:00,DWD,buoy
Unknown,51007,,False,-140.0,5.0,0.252179,pressure,2026-07-01 00:00:00+00:00,DWD,buoy
Unknown,4804130,,False,-21.662599563598633,13.891200065612793,0.525129,pressure,2026-07-01 00:00:00+00:00,DWD,buoy
Unknown,46184,,False,-138.89999389648438,53.900001525878906,0.221347,pressure,2026-07-01 00:00:00+00:00,DWD,buoy
Unknown,2501590,,False,-151.80380249023438,72.25540161132812,0.847943,pressure,2026-07-01 00:00:00+00:00,DWD,buoy
Unknown,23497,,False,72.26599884033203,10.602999687194824,0.154616,pressure,2026-07-01 00:00:00+00:00,DWD,buoy
Unknown,23451,,False,68.96627807617188,14.924469947814941,0.210967,pressure,2026-07-01 00:00:00+00:00,DWD,buoy
Unknown,1801732,,False,-79.91259765625,25.49839973449707,0.150671,pressure,2026-07-01 00:00:00+00:00,DWD,buoy
Unknown,46015,,False,-124.838623046875,42.75360870361328,0.246339,pressure,2026-07-01 00:00:00+00:00,DWD,buoy
Unknown,46089,,False,-125.81500244140625,45.92832946777344,0.388959,pressure,2026-07-01 00:00:00+00:00,DWD,buoy
Unknown,10098,,False,-117.30660247802734,33.2046012878418,0.256573,pressure,2026-07-01 00:00:00+00:00,DWD,buoy
Unknown,10099,,False,-117.306396484375,33.20479965209961,0.384141,pressure,2026-07-01 00:00:00+00:00,DWD,buoy
Unknown,4804049,,False,-146.96701049804688,56.50120162963867,0.308354,pressure,2026-07-01 00:00:00+00:00,DWD,buoy
Unknown,6203687,,False,-27.062000274658203,15.986599922180176,0.16675,pressure,2026-07-01 00:00:00+00:00,DWD,buoy
Unknown,6203679,,False,-21.13330078125,24.220699310302734,0.142002,pressure,2026-07-01 00:00:00+00:00,DWD,buoy
Unknown,4401592,,False,-106.08209991455078,-18.904499053955078,0.235614,pressure,2026-07-01 00:00:00+00:00,DWD,buoy
Unknown,4401593,,False,-111.34529876708984,-21.3351993560791,0.307684,pressure,2026-07-01 00:00:00+00:00,DWD,buoy
Unknown,4401591,,False,-104.17549896240234,-17.98979949951172,0.275685,pressure,2026-07-01 00:00:00+00:00,DWD,buoy
Unknown,10515,,False,-158.54840087890625,39.28300094604492,0.380185,pressure,2026-07-01 00:00:00+00:00,DWD,buoy
Unknown,10516,,False,-154.18319702148438,39.94279861450195,0.38991,pressure,2026-07-01 00:00:00+00:00,DWD,buoy
Unknown,4401658,,False,-96.23059844970703,-14.114800453186035,0.238455,pressure,2026-07-01 00:00:00+00:00,DWD,buoy
Unknown,41068,,False,-80.189453125,27.59333038330078,0.131622,pressure,2026-07-01 00:00:00+00:00,DWD,buoy
Unknown,10517,,False,-142.5502166748047,40.94889831542969,0.141485,pressure,2026-07-01 00:00:00+00:00,DWD,buoy
Unknown,10518,,False,-144.99560546875,40.85960006713867,0.439176,pressure,2026-07-01 00:00:00+00:00,DWD,buoy
Unknown,10498,,False,-140.15060424804688,40.91960144042969,0.701185,pressure,2026-07-01 00:00:00+00:00,DWD,buoy
Unknown,10512,,False,-142.5502166748047,40.921661376953125,0.171074,pressure,2026-07-01 00:00:00+00:00,DWD,buoy
Unknown,10504,,False,-149.90992736816406,40.43135070800781,0.192681,pressure,2026-07-01 00:00:00+00:00,DWD,buoy
Unknown,2802014,,False,-62.491798400878906,-57.01219940185547,0.661735,pressure,2026-07-01 00:00:00+00:00,DWD,buoy
Unknown,4804043,,False,-59.75199890136719,-58.90840148925781,1.511713,pressure,2026-07-01 00:00:00+00:00,DWD,buoy
Unknown,5802007,,False,-59.75400161743164,-58.90919876098633,1.070954,pressure,2026-07-01 00:00:00+00:00,DWD,buoy
Unknown,11009,,False,84.92340087890625,-59.981998443603516,0.641764,pressure,2026-07-01 00:00:00+00:00,DWD,buoy
Unknown,10114,,False,158.40240478515625,-62.43519973754883,0.249417,pressure,2026-07-01 00:00:00+00:00,DWD,buoy
Unknown,10112,,False,158.55299377441406,-62.344200134277344,0.213167,pressure,2026-07-01 00:00:00+00:00,DWD,buoy
Unknown,10111,,False,164.84840393066406,-62.19879913330078,0.187492,pressure,2026-07-01 00:00:00+00:00,DWD,buoy
Unknown,10116,,False,164.84820556640625,-62.19860076904297,0.43462,pressure,2026-07-01 00:00:00+00:00,DWD,buoy
Unknown,10117,,False,164.50079345703125,-63.0,0.853935,pressure,2026-07-01 00:00:00+00:00,DWD,buoy
Unknown,10119,,False,164.50100708007812,-63.00019836425781,0.688492,pressure,2026-07-01 00:00:00+00:00,DWD,buoy
Unknown,4804057,,False,-73.2947998046875,-62.9984016418457,0.31511,pressure,2026-07-01 00:00:00+00:00,DWD,buoy
Unknown,10118,,False,160.00619506835938,-61.33140182495117,0.341212,pressure,2026-07-01 00:00:00+00:00,DWD,buoy
Unknown,5802025,,False,157.49000549316406,-37.25040054321289,0.327607,pressure,2026-07-01 00:00:00+00:00,DWD,buoy
Unknown,10115,,False,157.75160217285156,-63.0015983581543,0.272909,pressure,2026-07-01 00:00:00+00:00,DWD,buoy
Unknown,10541,,False,-128.40859985351562,32.0265998840332,0.537895,pressure,2026-07-01 00:00:00+00:00,DWD,buoy
Unknown,10544,,False,-127.06179809570312,30.064599990844727,0.170254,pressure,2026-07-01 00:00:00+00:00,DWD,buoy
Unknown,10551,,False,-128.40980529785156,32.02619934082031,0.215597,pressure,2026-07-01 00:00:00+00:00,DWD,buoy
Unknown,10554,,False,-127.0614013671875,30.06279945373535,0.469606,pressure,2026-07-01 00:00:00+00:00,DWD,buoy
Unknown,10542,,False,-129.86239624023438,34.03739929199219,0.231184,pressure,2026-07-01 00:00:00+00:00,DWD,buoy
Unknown,10543,,False,-131.2277069091797,36.065311431884766,0.293387,pressure,2026-07-01 00:00:00+00:00,DWD,buoy
Unknown,10545,,False,-132.16334533691406,38.00625991821289,0.123885,pressure,2026-07-01 00:00:00+00:00,DWD,buoy
Unknown,10552,,False,-129.86219787597656,34.03739929199219,0.225891,pressure,2026-07-01 00:00:00+00:00,DWD,buoy
Unknown,10553,,False,-131.38540649414062,36.051998138427734,0.115,pressure,2026-07-01 00:00:00+00:00,DWD,buoy
Unknown,10555,,False,-132.966796875,37.98540115356445,0.530139,pressure,2026-07-01 00:00:00+00:00,DWD,buoy
Unknown,5802004,,False,152.83900451660156,-47.524600982666016,0.279696,pressure,2026-07-01 00:00:00+00:00,DWD,buoy
Unknown,42067,,False,-88.58334350585938,30.049720764160156,0.406641,pressure,2026-07-01 00:00:00+00:00,DWD,buoy
Unknown,10483,,False,15.469200134277344,-27.99519920349121,0.307835,pressure,2026-07-01 00:00:00+00:00,DWD,buoy
Unknown,10043,,False,-117.30660247802734,33.2046012878418,0.38838,pressure,2026-07-01 00:00:00+00:00,DWD,buoy
Unknown,10046,,False,-117.30619812011719,33.20439910888672,0.305882,pressure,2026-07-01 00:00:00+00:00,DWD,buoy
Unknown,10484,,False,14.77560043334961,-26.0447998046875,0.29741,pressure,2026-07-01 00:00:00+00:00,DWD,buoy
Unknown,10485,,False,14.775400161743164,-26.04199981689453,0.217333,pressure,2026-07-01 00:00:00+00:00,DWD,buoy
Unknown,5802001,,False,173.72320556640625,-65.0082015991211,0.49731,pressure,2026-07-01 00:00:00+00:00,DWD,buoy
Unknown,10478,,False,1.7716000080108643,-10.011799812316895,0.202917,pressure,2026-07-01 00:00:00+00:00,DWD,buoy
Unknown,10540,,False,162.04620361328125,35.0181999206543,0.413853,pressure,2026-07-01 00:00:00+00:00,DWD,buoy
Unknown,10536,,False,158.89920043945312,36.575801849365234,0.196899,pressure,2026-07-01 00:00:00+00:00,DWD,buoy
Unknown,10537,,False,151.5093994140625,39.78620147705078,0.34466,pressure,2026-07-01 00:00:00+00:00,DWD,buoy
Unknown,10539,,False,148.4387969970703,40.80099868774414,0.136399,pressure,2026-07-01 00:00:00+00:00,DWD,buoy
Unknown,10547,,False,151.42684936523438,39.8283805847168,0.179463,pressure,2026-07-01 00:00:00+00:00,DWD,buoy
Unknown,10549,,False,148.4405975341797,40.799598693847656,0.339825,pressure,2026-07-01 00:00:00+00:00,DWD,buoy
Unknown,23093,,False,88.01056671142578,16.339929580688477,0.404045,pressure,2026-07-01 00:00:00+00:00,DWD,buoy
Unknown,10471,,False,99.99359893798828,-31.361400604248047,1.634294,pressure,2026-07-01 00:00:00+00:00,DWD,buoy
Unknown,4401589,,False,6.751200199127197,54.68429946899414,0.336204,pressure,2026-07-01 00:00:00+00:00,DWD,buoy
Unknown,10470,,False,70.01580047607422,-24.687400817871094,0.37605,pressure,2026-07-01 00:00:00+00:00,DWD,buoy
Unknown,10472,,False,70.01439666748047,-24.686399459838867,0.551921,pressure,2026-07-01 00:00:00+00:00,DWD,buoy
Unknown,10474,,False,52.49980163574219,-18.834400177001953,0.225516,pressure,2026-07-01 00:00:00+00:00,DWD,buoy
Unknown,4401598,,False,-9.975000381469727,-15.983799934387207,0.166722,pressure,2026-07-01 00:00:00+00:00,DWD,buoy
Unknown,10487,,False,-45.498199462890625,-41.6525993347168,0.457921,pressure,2026-07-01 00:00:00+00:00,DWD,buoy
Unknown,10491,,False,-45.494598388671875,-41.649600982666016,0.230518,pressure,2026-07-01 00:00:00+00:00,DWD,buoy
Unknown,6301524,,False,-132.94161987304688,71.05278015136719,0.325008,pressure,2026-07-01 00:00:00+00:00,DWD,buoy
Unknown,4701599,,False,-132.61289978027344,78.32392120361328,0.300836,pressure,2026-07-01 00:00:00+00:00,DWD,buoy
Unknown,10489,,False,-48.0880012512207,-43.95220184326172,0.372047,pressure,2026-07-01 00:00:00+00:00,DWD,buoy
Unknown,10490,,False,-50.78179931640625,-46.297000885009766,0.252616,pressure,2026-07-01 00:00:00+00:00,DWD,buoy
Unknown,4401599,,False,-6.910799980163574,-16.957000732421875,0.16091,pressure,2026-07-01 00:00:00+00:00,DWD,buoy
Unknown,4401650,,False,-7.918799877166748,-17.934600830078125,0.151383,pressure,2026-07-01 00:00:00+00:00,DWD,buoy
Unknown,23009,,False,88.99604797363281,15.039620399475098,0.575609,pressure,2026-07-01 00:00:00+00:00,DWD,buoy
1301726,0-22000-0-1301726,USA,True,-57.902,27.043,0.123336,pressure,2026-07-01 00:00:00+00:00,DWD,buoy
1301733,0-22000-0-1301733,USA,True,-1.346,-35.032,0.283297,pressure,2026-07-01 00:00:00+00:00,DWD,buoy
1501728,0-22000-0-1501728,USA,True,-13.629,-36.184,1.190183,pressure,2026-07-01 00:00:00+00:00,DWD,buoy
1501734,0-22000-0-1501734,USA,True,0.468,-36.627,0.565843,pressure,2026-07-01 00:00:00+00:00,DWD,buoy
1601737,0-22000-0-1601737,USA,True,57.476,-26.736,0.360787,pressure,2026-07-01 00:00:00+00:00,DWD,buoy
1601741,0-22000-0-1601741,USA,True,55.836,-28.695,0.166905,pressure,2026-07-01 00:00:00+00:00,DWD,buoy
1701656,0-22000-0-1701656,USA,True,-17.833,-27.097,0.267118,pressure,2026-07-01 00:00:00+00:00,DWD,buoy
1701657,0-22000-0-1701657,USA,True,1.205,-30.198,0.568531,pressure,2026-07-01 00:00:00+00:00,DWD,buoy
1701666,0-22000-0-1701666,USA,True,68.514,-20.918,0.382126,pressure,2026-07-01 00:00:00+00:00,DWD,buoy
1801812,0-22000-0-1801812,USA,True,35.973,-31.983,0.247373,pressure,2026-07-01 00:00:00+00:00,DWD,buoy
1801828,0-22000-0-1801828,USA,True,-157.819,56.564,0.311407,pressure,2026-07-01 00:00:00+00:00,DWD,buoy
2101821,0-22000-0-2101821,USA,True,-129.267,45.811,0.131698,pressure,2026-07-01 00:00:00+00:00,DWD,buoy
2101830,0-22000-0-2101830,USA,True,-145.833,31.478,0.106208,pressure,2026-07-01 00:00:00+00:00,DWD,buoy
2101836,0-22000-0-2101836,USA,True,-132.145,30.211,0.770874,pressure,2026-07-01 00:00:00+00:00,DWD,buoy
2101841,0-22000-0-2101841,USA,True,-152.158,38.033,0.450742,pressure,2026-07-01 00:00:00+00:00,DWD,buoy
2101843,0-22000-0-2101843,USA,True,-133.814,34.724,0.138509,pressure,2026-07-01 00:00:00+00:00,DWD,buoy
2101856,0-22000-0-2101856,USA,True,-138.802,39.335,0.220165,pressure,2026-07-01 00:00:00+00:00,DWD,buoy
2501555,0-22000-0-2501555,USA,True,168.581,75.621,0.397581,pressure,2026-07-01 00:00:00+00:00,DWD,buoy
2501586,0-22000-0-2501586,USA,True,-150.917,76.372,0.249073,pressure,2026-07-01 00:00:00+00:00,DWD,buoy
2501587,0-22000-0-2501587,USA,True,-151.007,75.373,0.493766,pressure,2026-07-01 00:00:00+00:00,DWD,buoy
2802072,0-22000-0-2802072,USA,True,143.57,-10.244,0.347047,pressure,2026-07-01 00:00:00+00:00,DWD,buoy
3801583,0-22000-0-3801583,USA,True,102.166,-31.185,0.193309,pressure,2026-07-01 00:00:00+00:00,DWD,buoy
3801596,0-22000-0-3801596,USA,True,-41.441,29.278,0.194867,pressure,2026-07-01 00:00:00+00:00,DWD,buoy
3801598,0-22000-0-3801598,USA,True,-43.012,33.611,0.111187,pressure,2026-07-01 00:00:00+00:00,DWD,buoy
3801634,0-22000-0-3801634,USA,True,-174.374,41.682,0.172538,pressure,2026-07-01 00:00:00+00:00,DWD,buoy
4402737,0-22000-0-4402737,USA,True,-40.881,60.346,0.394802,pressure,2026-07-01 00:00:00+00:00,DWD,buoy
4402744,0-22000-0-4402744,USA,True,-44.786,35.899,0.14416,pressure,2026-07-01 00:00:00+00:00,DWD,buoy
4402749,0-22000-0-4402749,USA,True,2.302,66.976,0.19981,pressure,2026-07-01 00:00:00+00:00,DWD,buoy
4402750,0-22000-0-4402750,USA,True,-28.723,56.257,0.666975,pressure,2026-07-01 00:00:00+00:00,DWD,buoy
4602722,0-22000-0-4602722,USA,True,162.438,26.364,0.332491,pressure,2026-07-01 00:00:00+00:00,DWD,buoy
4803997,0-22000-0-4803997,USA,True,-33.825,47.563,0.154346,pressure,2026-07-01 00:00:00+00:00,DWD,buoy
4804062,0-22000-0-4804062,USA,True,-117.307,33.204,0.79253,pressure,2026-07-01 00:00:00+00:00,DWD,buoy
4804121,0-22000-0-4804121,AUS,True,-83.814,-58.656,0.496964,pressure,2026-07-01 00:00:00+00:00,DWD,buoy
5103555,0-22000-0-5103555,USA,True,-146.244,33.814,0.89364,pressure,2026-07-01 00:00:00+00:00,DWD,buoy
5103558,0-22000-0-5103558,USA,True,-162.683,35.059,0.37212,pressure,2026-07-01 00:00:00+00:00,DWD,buoy
5103559,0-22000-0-5103559,USA,True,-142.882,33.573,0.572338,pressure,2026-07-01 00:00:00+00:00,DWD,buoy
5103560,0-22000-0-5103560,USA,True,-137.239,34.479,1.037987,pressure,2026-07-01 00:00:00+00:00,DWD,buoy
5103561,0-22000-0-5103561,USA,True,-139.362,33.381,0.126937,pressure,2026-07-01 00:00:00+00:00,DWD,buoy
5103562,0-22000-0-5103562,USA,True,-174.5,34.6,0.295539,pressure,2026-07-01 00:00:00+00:00,DWD,buoy
5201728,0-22000-0-5201728,USA,True,-153.997,37.2,0.368408,pressure,2026-07-01 00:00:00+00:00,DWD,buoy
5501008,0-22000-0-5501008,NZL,True,178.81,-49.668,0.364475,pressure,2026-07-01 00:00:00+00:00,DWD,buoy
5501690,0-22000-0-5501690,USA,True,162.938,-24.777,0.417311,pressure,2026-07-01 00:00:00+00:00,DWD,buoy
5501691,0-22000-0-5501691,USA,True,-176.31,-26.276,0.405947,pressure,2026-07-01 00:00:00+00:00,DWD,buoy
5501735,0-22000-0-5501735,NZL,True,-115.751,-38.221,0.39614,pressure,2026-07-01 00:00:00+00:00,DWD,buoy
5601689,0-22000-0-5601689,USA,True,-92.725,-36.774,0.338554,pressure,2026-07-01 00:00:00+00:00,DWD,buoy
5601712,0-22000-0-5601712,USA,True,-166.591,-52.381,0.556679,pressure,2026-07-01 00:00:00+00:00,DWD,buoy
5601763,0-22000-0-5601763,AUS,True,50.689,-22.081,0.237068,pressure,2026-07-01 00:00:00+00:00,DWD,buoy
5801972,0-22000-0-5801972,USA,True,-24.111,36.46,0.17134,pressure,2026-07-01 00:00:00+00:00,DWD,buoy
5802000,0-22000-0-5802000,USA,True,-71.375,23.791,0.355178,pressure,2026-07-01 00:00:00+00:00,DWD,buoy
5802015,0-22000-0-5802015,USA,True,-124.695,-11.532,0.259031,pressure,2026-07-01 00:00:00+00:00,DWD,buoy
5802100,0-22000-0-5802100,AUS,True,178.234,-31.049,0.233753,pressure,2026-07-01 00:00:00+00:00,DWD,buoy
6202598,0-22000-0-6202598,,True,-47.351,33.162,0.123426,pressure,2026-07-01 00:00:00+00:00,DWD,buoy
6203858,0-22000-0-6203858,USA,True,-26.107,-30.995,0.948731,pressure,2026-07-01 00:00:00+00:00,DWD,buoy
6203895,0-22000-0-6203895,USA,True,11.131,-40.954,0.126818,pressure,2026-07-01 00:00:00+00:00,DWD,buoy
6402617,0-22000-0-6402617,USA,True,-50.342,33.02,0.22229,pressure,2026-07-01 00:00:00+00:00,DWD,buoy
6801771,0-22000-0-6801771,USA,True,-18.83,44.829,0.22274,pressure,2026-07-01 00:00:00+00:00,DWD,buoy
6801793,0-22000-0-6801793,USA,True,-126.364,-19.435,0.349039,pressure,2026-07-01 00:00:00+00:00,DWD,buoy
6801825,0-22000-0-6801825,USA,True,-138.594,21.067,0.127865,pressure,2026-07-01 00:00:00+00:00,DWD,buoy
6801831,0-22000-0-6801831,USA,True,-117.307,33.205,1.436201,pressure,2026-07-01 00:00:00+00:00,DWD,buoy
6801868,0-22000-0-6801868,USA,True,156.95,27.478,0.099623,pressure,2026-07-01 00:00:00+00:00,DWD,buoy
6801913,0-22000-0-6801913,AUS,True,175.511,-55.487,0.367444,pressure,2026-07-01 00:00:00+00:00,DWD,buoy
6801944,0-22000-0-6801944,USA,True,-132.207,21.98,0.318024,pressure,2026-07-01 00:00:00+00:00,DWD,buoy
7801617,0-22000-0-7801617,USA,True,-179.471,47.843,0.225091,pressure,2026-07-01 00:00:00+00:00,DWD,buoy
7801621,0-22000-0-7801621,USA,True,-135.466,-15.225,0.26053,pressure,2026-07-01 00:00:00+00:00,DWD,buoy
7801637,0-22000-0-7801637,USA,True,-145.892,17.454,0.16195,pressure,2026-07-01 00:00:00+00:00,DWD,buoy
7801687,0-22000-0-7801687,USA,True,135.877,21.454,0.210933,pressure,2026-07-01 00:00:00+00:00,DWD,buoy
7801732,0-22000-0-7801732,AUS,True,179.284,-31.66,0.138722,pressure,2026-07-01 00:00:00+00:00,DWD,buoy
7801770,0-22000-0-7801770,USA,True,-153.066,58.066,0.698051,pressure,2026-07-01 00:00:00+00:00,DWD,buoy
1501695_100,0-22000-100-1501695,USA,True,-10.855,-32.056,0.203915,pressure,2026-07-01 00:00:00+00:00,DWD,buoy
1501715_100,0-22000-100-1501715,USA,True,-16.941,-26.775,0.344608,pressure,2026-07-01 00:00:00+00:00,DWD,buoy
1501717_100,0-22000-100-1501717,USA,True,2.281,-40.195,0.13845,pressure,2026-07-01 00:00:00+00:00,DWD,buoy
4801639_100-4801639,0-22000-100-4801639,USA,True,-127.485,70.229,0.371025,pressure,2026-07-01 00:00:00+00:00,DWD,buoy
4802539_100-4802539,0-22000-100-4802539,CAN,True,-139.997,69.611,0.259006,pressure,2026-07-01 00:00:00+00:00,DWD,buoy
7301552_100-7301552,0-22000-100-7301552,AUS,True,-140.541,-28.226,0.951772,pressure,2026-07-01 00:00:00+00:00,DWD,buoy
Unknown,10475,,False,6.3196001052856445,-15.003000259399414,0.114463,pressure,2026-07-01 00:00:00+00:00,DWD,buoy
Unknown,6801801,,False,95.01119995117188,-19.092599868774414,0.207585,pressure,2026-07-01 00:00:00+00:00,DWD,buoy
Unknown,42059,,False,-67.56722259521484,15.284720420837402,0.145623,pressure,2026-07-01 00:00:00+00:00,DWD,buoy
Unknown,7801597,,False,95.00060272216797,-13.561800003051758,0.288048,pressure,2026-07-01 00:00:00+00:00,DWD,buoy
Unknown,2802000,,False,94.9761962890625,-6.0696001052856445,0.163988,pressure,2026-07-01 00:00:00+00:00,DWD,buoy
5601765,0-22000-0-5601765,AUS,True,177.758,-49.627,0.358945,pressure,2026-07-01 00:00:00+00:00,DWD,buoy
Unknown,4804041,,False,94.8124008178711,-3.652400016784668,0.154536,pressure,2026-07-01 00:00:00+00:00,DWD,buoy
Unknown,43301,,False,-95.0,8.0,0.305149,pressure,2026-07-01 00:00:00+00:00,DWD,buoy
Unknown,6301003,,False,24.1299991607666,73.5,0.224602,pressure,2026-07-01 00:00:00+00:00,DWD,buoy
Unknown,32323,,False,-109.9000015258789,0.0,0.125501,pressure,2026-07-01 00:00:00+00:00,DWD,buoy
Unknown,32316,,False,-110.0,2.0,0.128032,pressure,2026-07-01 00:00:00+00:00,DWD,buoy
Unknown,43001,,False,-110.19999694824219,8.0,0.304344,pressure,2026-07-01 00:00:00+00:00,DWD,buoy
Unknown,43013,,False,-109.9000015258789,10.100000381469727,0.274283,pressure,2026-07-01 00:00:00+00:00,DWD,buoy
Unknown,6203836,,False,-17.02239990234375,62.28139877319336,0.23852,pressure,2026-07-01 00:00:00+00:00,DWD,buoy
Unknown,45197,,False,-81.61750030517578,41.61943817138672,0.596326,pressure,2026-07-01 00:00:00+00:00,DWD,buoy
Unknown,46026,,False,-122.83833312988281,37.75,0.205338,pressure,2026-07-01 00:00:00+00:00,DWD,buoy
Unknown,46059,,False,-129.9147186279297,38.08721923828125,0.129983,pressure,2026-07-01 00:00:00+00:00,DWD,buoy
Unknown,45161,,False,-86.35193634033203,43.185279846191406,0.484802,pressure,2026-07-01 00:00:00+00:00,DWD,buoy
Unknown,44080,,False,-76.5283432006836,39.2227783203125,1.606688,pressure,2026-07-01 00:00:00+00:00,DWD,buoy
Unknown,46085,,False,-142.9199981689453,55.845001220703125,0.328099,pressure,2026-07-01 00:00:00+00:00,DWD,buoy
Unknown,62029,,False,-12.480500221252441,48.76210021972656,0.193351,pressure,2026-07-01 00:00:00+00:00,DWD,buoy
Unknown,46004,,False,-136.10000610351562,50.900001525878906,0.230349,pressure,2026-07-01 00:00:00+00:00,DWD,buoy
Unknown,10368,,False,100.98639678955078,-11.312199592590332,0.17916,pressure,2026-07-01 00:00:00+00:00,DWD,buoy
Unknown,5802227,,False,-56.35639953613281,54.40380096435547,0.222227,pressure,2026-07-01 00:00:00+00:00,DWD,buoy
Unknown,64046,,False,-4.099999904632568,60.5,0.239063,pressure,2026-07-01 00:00:00+00:00,DWD,buoy
Unknown,2601524,,False,-131.6199951171875,71.62100219726562,0.290825,pressure,2026-07-01 00:00:00+00:00,DWD,buoy
Unknown,2601526,,False,-135.43299865722656,72.01280212402344,1.365041,pressure,2026-07-01 00:00:00+00:00,DWD,buoy
Unknown,2601529,,False,-139.568603515625,72.30280303955078,1.219194,pressure,2026-07-01 00:00:00+00:00,DWD,buoy
Unknown,2601530,,False,-168.92640686035156,75.28983306884766,0.867026,pressure,2026-07-01 00:00:00+00:00,DWD,buoy
Unknown,10095,,False,-48.30540084838867,49.936798095703125,0.30815,pressure,2026-07-01 00:00:00+00:00,DWD,buoy
Unknown,2802231,,False,125.12779998779297,15.405599594116211,0.173701,pressure,2026-07-01 00:00:00+00:00,DWD,buoy
Unknown,10097,,False,-55.93320083618164,55.72639846801758,0.193924,pressure,2026-07-01 00:00:00+00:00,DWD,buoy
Unknown,10096,,False,-117.306396484375,33.2046012878418,0.169639,pressure,2026-07-01 00:00:00+00:00,DWD,buoy
Unknown,43093,,False,-84.0999984741211,8.300000190734863,1.043228,pressure,2026-07-01 00:00:00+00:00,DWD,buoy
Unknown,6301638,,False,54.41859817504883,88.7510986328125,0.431021,pressure,2026-07-01 00:00:00+00:00,DWD,buoy
Unknown,10616,,False,-77.55979919433594,32.98040008544922,0.892825,pressure,2026-07-01 00:00:00+00:00,DWD,buoy
Unknown,10608,,False,-76.8536376953125,31.953630447387695,0.169542,pressure,2026-07-01 00:00:00+00:00,DWD,buoy
Unknown,10609,,False,-76.85649871826172,31.952590942382812,0.182099,pressure,2026-07-01 00:00:00+00:00,DWD,buoy
Unknown,52013,,False,165.0,10.199999809265137,0.200528,pressure,2026-07-01 00:00:00+00:00,DWD,buoy
2802165,0-22000-0-2802165,AUS,True,146.093,-61.83,0.578494,pressure,2026-07-01 00:00:00+00:00,DWD,buoy
2802171,0-22000-0-2802171,AUS,True,-173.608,-54.205,0.224648,pressure,2026-07-01 00:00:00+00:00,DWD,buoy
3801764,0-22000-0-3801764,AUS,True,163.444,-46.596,0.227534,pressure,2026-07-01 00:00:00+00:00,DWD,buoy
3801767,0-22000-0-3801767,AUS,True,147.333,-61.492,2.223184,pressure,2026-07-01 00:00:00+00:00,DWD,buoy
3801771,0-22000-0-3801771,AUS,True,-179.94,-52.543,0.642225,pressure,2026-07-01 00:00:00+00:00,DWD,buoy
5802161,0-22000-0-5802161,AUS,True,168.928,-61.772,0.355123,pressure,2026-07-01 00:00:00+00:00,DWD,buoy
5802231,0-22000-0-5802231,AUS,True,105.002,-18.737,0.48797,pressure,2026-07-01 00:00:00+00:00,DWD,buoy
6801990,0-22000-0-6801990,AUS,True,-167.267,-48.71,0.239783,pressure,2026-07-01 00:00:00+00:00,DWD,buoy
Unknown,6203680,,False,-4.309899806976318,70.677001953125,0.197773,pressure,2026-07-01 00:00:00+00:00,DWD,buoy
Unknown,10268,,False,-117.306396484375,33.2046012878418,0.224228,pressure,2026-07-01 00:00:00+00:00,DWD,buoy
Unknown,42357,,False,-88.21221923828125,30.092220306396484,1.280953,pressure,2026-07-01 00:00:00+00:00,DWD,buoy
6201065,0-22000-100-6201065,DEU,True,6.6,54.0,1.61291,pressure,2026-07-01 00:00:00+00:00,DWD,buoy
6201066,0-22000-100-6201066,DEU,True,7.2,55.2,0.446989,pressure,2026-07-01 00:00:00+00:00,DWD,buoy
Unknown,10045,,False,-65.16822814941406,21.12282943725586,0.245224,pressure,2026-07-01 00:00:00+00:00,DWD,buoy
1801805,0-22000-0-1801805,AUS,True,-78.381,-51.035,0.277844,pressure,2026-07-01 00:00:00+00:00,DWD,buoy
3801705,0-22000-0-3801705,AUS,True,166.831,-34.458,0.306101,pressure,2026-07-01 00:00:00+00:00,DWD,buoy
5802097,0-22000-0-5802097,AUS,True,167.742,-33.419,0.139868,pressure,2026-07-01 00:00:00+00:00,DWD,buoy
Unknown,11007,,False,137.02699279785156,85.68099975585938,0.490937,pressure,2026-07-01 00:00:00+00:00,DWD,buoy
Unknown,6301634,,False,-25.320100784301758,84.18669891357422,0.230304,pressure,2026-07-01 00:00:00+00:00,DWD,buoy
Unknown,6301639,,False,174.03390502929688,85.91909790039062,0.333808,pressure,2026-07-01 00:00:00+00:00,DWD,buoy
Unknown,51312,,False,-170.3000030517578,10.0,0.262975,pressure,2026-07-01 00:00:00+00:00,DWD,buoy
Unknown,22604,,False,128.17999267578125,17.023000717163086,0.402899,pressure,2026-07-01 00:00:00+00:00,DWD,buoy
4804257,0-22000-0-4804257,AUS,True,86.845,-55.351,0.457836,pressure,2026-07-01 00:00:00+00:00,DWD,buoy
4804258,0-22000-0-4804258,AUS,True,76.13,-53.739,0.401994,pressure,2026-07-01 00:00:00+00:00,DWD,buoy
Unknown,5802229,,False,-87.86060333251953,78.518798828125,1.980243,pressure,2026-07-01 00:00:00+00:00,DWD,buoy
Unknown,1801930,,False,-90.9718017578125,81.91259765625,1.450641,pressure,2026-07-01 00:00:00+00:00,DWD,buoy
Unknown,4804254,,False,-90.87519836425781,81.95379638671875,1.180774,pressure,2026-07-01 00:00:00+00:00,DWD,buoy
Unknown,2802227,,False,-92.5248031616211,81.6156005859375,2.02995,pressure,2026-07-01 00:00:00+00:00,DWD,buoy
Unknown,11074,,False,-108.24980163574219,76.48699951171875,1.021611,pressure,2026-07-01 00:00:00+00:00,DWD,buoy
Unknown,10445,,False,-53.40679931640625,54.78779983520508,0.322935,pressure,2026-07-01 00:00:00+00:00,DWD,buoy
Unknown,4101878,,False,-15.97599983215332,30.412799835205078,0.099943,pressure,2026-07-01 00:00:00+00:00,DWD,buoy
Unknown,4101877,,False,-16.29599952697754,31.065200805664062,0.134924,pressure,2026-07-01 00:00:00+00:00,DWD,buoy
Unknown,46002,,False,-130.5,42.599998474121094,0.191883,pressure,2026-07-01 00:00:00+00:00,DWD,buoy
3801828,0-22000-0-3801828,AUS,True,99.102,-16.758,0.207046,pressure,2026-07-01 00:00:00+00:00,DWD,buoy
Unknown,22193,,False,124.0167007446289,37.5,0.327193,pressure,2026-07-01 00:00:00+00:00,DWD,buoy
Unknown,22307,,False,125.6082992553711,36.75,0.278126,pressure,2026-07-01 00:00:00+00:00,DWD,buoy
Unknown,1301805,,False,-17.22100067138672,62.064998626708984,0.291034,pressure,2026-07-01 00:00:00+00:00,DWD,buoy
Unknown,94569,,False,-42.321998596191406,44.2411003112793,0.606279,pressure,2026-07-01 00:00:00+00:00,DWD,buoy
Unknown,10682,,False,-156.8137969970703,50.50360107421875,0.309915,pressure,2026-07-01 00:00:00+00:00,DWD,buoy
Unknown,10684,,False,-158.41439819335938,51.460601806640625,1.276739,pressure,2026-07-01 00:00:00+00:00,DWD,buoy
Unknown,10686,,False,-159.4761962890625,52.02180099487305,0.207792,pressure,2026-07-01 00:00:00+00:00,DWD,buoy
Unknown,94570,,False,-39.472900390625,43.901798248291016,0.391408,pressure,2026-07-01 00:00:00+00:00,DWD,buoy
Unknown,10683,,False,-156.80340576171875,49.345401763916016,0.317011,pressure,2026-07-01 00:00:00+00:00,DWD,buoy
Unknown,10685,,False,-156.8135986328125,48.48720169067383,0.232786,pressure,2026-07-01 00:00:00+00:00,DWD,buoy
Unknown,94568,,False,-44.481201171875,45.51449966430664,0.458411,pressure,2026-07-01 00:00:00+00:00,DWD,buoy
Unknown,6204533,,False,-49.67839813232422,43.14929962158203,0.346282,pressure,2026-07-01 00:00:00+00:00,DWD,buoy
Unknown,10696,,False,-157.89500427246094,30.902799606323242,0.353439,pressure,2026-07-01 00:00:00+00:00,DWD,buoy
Unknown,10693,,False,-157.87840270996094,30.244400024414062,0.239074,pressure,2026-07-01 00:00:00+00:00,DWD,buoy
Unknown,10695,,False,-157.7126007080078,27.100799560546875,0.310163,pressure,2026-07-01 00:00:00+00:00,DWD,buoy
Unknown,10694,,False,-157.84779357910156,26.687400817871094,0.419161,pressure,2026-07-01 00:00:00+00:00,DWD,buoy
Unknown,6204529,,False,-49.040000915527344,44.191001892089844,0.344613,pressure,2026-07-01 00:00:00+00:00,DWD,buoy
Unknown,10446,,False,-51.1868782043457,49.25394058227539,0.508723,pressure,2026-07-01 00:00:00+00:00,DWD,buoy
Unknown,42028,,False,-86.22693634033203,29.7450008392334,0.170901,pressure,2026-07-01 00:00:00+00:00,DWD,buoy
Unknown,42027,,False,-85.30500030517578,29.045000076293945,1.412025,pressure,2026-07-01 00:00:00+00:00,DWD,buoy
Unknown,6204537,,False,-50.23749923706055,42.88959884643555,0.258886,pressure,2026-07-01 00:00:00+00:00,DWD,buoy
Unknown,10755,,False,-148.88702392578125,51.85248947143555,0.159259,pressure,2026-07-01 00:00:00+00:00,DWD,buoy
Unknown,10754,,False,-161.2384796142578,50.38151168823242,0.261886,pressure,2026-07-01 00:00:00+00:00,DWD,buoy
Unknown,10753,,False,-161.2278289794922,50.40515899658203,0.703403,pressure,2026-07-01 00:00:00+00:00,DWD,buoy
Unknown,10752,,False,-154.2924346923828,51.405418395996094,0.21739,pressure,2026-07-01 00:00:00+00:00,DWD,buoy
Unknown,10749,,False,-157.81918334960938,50.95198059082031,0.407071,pressure,2026-07-01 00:00:00+00:00,DWD,buoy
Unknown,10745,,False,-152.5042266845703,51.581878662109375,0.328368,pressure,2026-07-01 00:00:00+00:00,DWD,buoy
Unknown,10743,,False,-150.67648315429688,51.729530334472656,0.321617,pressure,2026-07-01 00:00:00+00:00,DWD,buoy
Unknown,10739,,False,-156.06997680664062,51.19470977783203,0.262131,pressure,2026-07-01 00:00:00+00:00,DWD,buoy
Unknown,10738,,False,-159.55642700195312,50.70109176635742,0.235495,pressure,2026-07-01 00:00:00+00:00,DWD,buoy
Unknown,10741,,False,-162.98402404785156,50.02894973754883,0.264872,pressure,2026-07-01 00:00:00+00:00,DWD,buoy
Unknown,10763,,False,-154.2871551513672,51.415470123291016,0.345568,pressure,2026-07-01 00:00:00+00:00,DWD,buoy
Unknown,10762,,False,-157.81849670410156,50.95745849609375,0.336677,pressure,2026-07-01 00:00:00+00:00,DWD,buoy
Unknown,10758,,False,-162.97775268554688,50.03868103027344,0.207114,pressure,2026-07-01 00:00:00+00:00,DWD,buoy
Unknown,10756,,False,-159.55369567871094,50.71699905395508,0.250605,pressure,2026-07-01 00:00:00+00:00,DWD,buoy
Unknown,10751,,False,-154.29525756835938,51.40230178833008,0.304826,pressure,2026-07-01 00:00:00+00:00,DWD,buoy
Unknown,10746,,False,-152.5028839111328,51.583839416503906,0.165853,pressure,2026-07-01 00:00:00+00:00,DWD,buoy
Unknown,10742,,False,-150.67564392089844,51.731170654296875,0.46684,pressure,2026-07-01 00:00:00+00:00,DWD,buoy
Unknown,10740,,False,-156.06982421875,51.19477844238281,0.264084,pressure,2026-07-01 00:00:00+00:00,DWD,buoy
Unknown,10748,,False,-147.5507049560547,51.921138763427734,0.210653,pressure,2026-07-01 00:00:00+00:00,DWD,buoy
Unknown,10747,,False,-147.55517578125,51.917198181152344,0.35789,pressure,2026-07-01 00:00:00+00:00,DWD,buoy
Unknown,10736,,False,-148.88723754882812,51.83686828613281,0.234259,pressure,2026-07-01 00:00:00+00:00,DWD,buoy
Unknown,10735,,False,-148.8887176513672,51.833980560302734,0.234132,pressure,2026-07-01 00:00:00+00:00,DWD,buoy
Unknown,10737,,False,-159.59437561035156,50.72863006591797,0.309879,pressure,2026-07-01 00:00:00+00:00,DWD,buoy
Unknown,10750,,False,-157.73025512695312,50.96549987792969,0.234976,pressure,2026-07-01 00:00:00+00:00,DWD,buoy
Unknown,10062,,False,110.00160217285156,-41.45220184326172,0.262426,pressure,2026-07-01 00:00:00+00:00,DWD,buoy
Unknown,10053,,False,110.0645980834961,-44.9911994934082,0.311662,pressure,2026-07-01 00:00:00+00:00,DWD,buoy
Unknown,10060,,False,110.12000274658203,-46.57160186767578,0.256964,pressure,2026-07-01 00:00:00+00:00,DWD,buoy
Unknown,10054,,False,109.94840240478516,-39.872798919677734,0.350452,pressure,2026-07-01 00:00:00+00:00,DWD,buoy
Unknown,10442,,False,-50.755828857421875,50.65248107910156,0.18865,pressure,2026-07-01 00:00:00+00:00,DWD,buoy
Unknown,10063,,False,110.22000122070312,-49.98320007324219,0.485006,pressure,2026-07-01 00:00:00+00:00,DWD,buoy
Unknown,2801980,,False,-40.54600143432617,59.92879867553711,0.206965,pressure,2026-07-01 00:00:00+00:00,DWD,buoy
Unknown,6204534,,False,-54.71799850463867,42.62099838256836,0.282024,pressure,2026-07-01 00:00:00+00:00,DWD,buoy
2802236,0-22000-0-2802236,AUS,True,110.927,-50.214,0.505798,pressure,2026-07-01 00:00:00+00:00,DWD,buoy
Unknown,1801695,,False,-46.0078010559082,49.924198150634766,0.266321,pressure,2026-07-01 00:00:00+00:00,DWD,buoy
Unknown,11079,,False,126.07669830322266,-41.46989822387695,0.431615,pressure,2026-07-01 00:00:00+00:00,DWD,buoy
Unknown,3801839,,False,-42.8401985168457,46.600799560546875,0.540011,pressure,2026-07-01 00:00:00+00:00,DWD,buoy
5601762,0-22000-0-5601762,AUS,True,79.752,-54.791,0.765454,pressure,2026-07-01 00:00:00+00:00,DWD,buoy
Unknown,42358,,False,-93.81500244140625,27.874439239501953,0.222399,pressure,2026-07-01 00:00:00+00:00,DWD,buoy
Unknown,6202599,,False,-46.456199645996094,44.72919845581055,0.232519,pressure,2026-07-01 00:00:00+00:00,DWD,buoy
Unknown,4804271,,False,-53.12770080566406,44.819000244140625,0.295597,pressure,2026-07-01 00:00:00+00:00,DWD,buoy
Unknown,10265,,False,-44.515201568603516,42.823001861572266,0.130774,pressure,2026-07-01 00:00:00+00:00,DWD,buoy
Unknown,1801946,,False,-38.07600021362305,45.10409927368164,0.340714,pressure,2026-07-01 00:00:00+00:00,DWD,buoy
Unknown,10264,,False,-47.098201751708984,42.68299865722656,0.288338,pressure,2026-07-01 00:00:00+00:00,DWD,buoy
Unknown,10687,,False,-123.8333969116211,31.333799362182617,0.356559,pressure,2026-07-01 00:00:00+00:00,DWD,buoy
Unknown,10266,,False,-56.921199798583984,41.68199920654297,0.382557,pressure,2026-07-01 00:00:00+00:00,DWD,buoy
Unknown,10677,,False,-123.48979949951172,32.000999450683594,0.482485,pressure,2026-07-01 00:00:00+00:00,DWD,buoy
Unknown,10898,,False,65.09667205810547,9.81503963470459,1.309273,pressure,2026-07-01 00:00:00+00:00,DWD,buoy
Unknown,10899,,False,60.427188873291016,12.878430366516113,0.383601,pressure,2026-07-01 00:00:00+00:00,DWD,buoy
Unknown,46012,,False,-122.8808364868164,37.35554885864258,0.545483,pressure,2026-07-01 00:00:00+00:00,DWD,buoy
Unknown,10617,,False,17.524450302124023,37.704071044921875,0.117055,pressure,2026-07-01 00:00:00+00:00,DWD,buoy
Unknown,10618,,False,19.407310485839844,37.11384963989258,0.538229,pressure,2026-07-01 00:00:00+00:00,DWD,buoy
Unknown,10679,,False,-123.55999755859375,33.56039810180664,0.194407,pressure,2026-07-01 00:00:00+00:00,DWD,buoy
Unknown,10678,,False,-123.82740020751953,32.97159957885742,0.132811,pressure,2026-07-01 00:00:00+00:00,DWD,buoy
Unknown,10681,,False,-123.98519897460938,32.52159881591797,0.283021,pressure,2026-07-01 00:00:00+00:00,DWD,buoy
Unknown,10689,,False,-124.53099822998047,34.84320068359375,0.157105,pressure,2026-07-01 00:00:00+00:00,DWD,buoy
Unknown,10691,,False,-124.88400268554688,35.46739959716797,0.200703,pressure,2026-07-01 00:00:00+00:00,DWD,buoy
Unknown,10690,,False,-125.23819732666016,36.046600341796875,0.277158,pressure,2026-07-01 00:00:00+00:00,DWD,buoy
Unknown,10912,,False,-123.5367431640625,28.612449645996094,0.194754,pressure,2026-07-01 00:00:00+00:00,DWD,buoy
Unknown,10913,,False,-121.87512969970703,31.09942054748535,0.344339,pressure,2026-07-01 00:00:00+00:00,DWD,buoy
Unknown,10914,,False,-123.69246673583984,30.657079696655273,0.276893,pressure,2026-07-01 00:00:00+00:00,DWD,buoy
Unknown,10915,,False,-123.61408233642578,28.23427963256836,0.421505,pressure,2026-07-01 00:00:00+00:00,DWD,buoy
Unknown,10916,,False,-122.27356719970703,32.06951141357422,0.637984,pressure,2026-07-01 00:00:00+00:00,DWD,buoy
Unknown,10680,,False,-124.018798828125,33.8671989440918,0.101452,pressure,2026-07-01 00:00:00+00:00,DWD,buoy
Unknown,10688,,False,-125.79419708251953,36.549198150634766,0.110469,pressure,2026-07-01 00:00:00+00:00,DWD,buoy
Unknown,10872,,False,158.62478637695312,16.4420108795166,0.2535,pressure,2026-07-01 00:00:00+00:00,DWD,buoy
Unknown,10878,,False,158.4394073486328,16.620119094848633,0.279364,pressure,2026-07-01 00:00:00+00:00,DWD,buoy
Unknown,10880,,False,158.04806518554688,17.009719848632812,0.615138,pressure,2026-07-01 00:00:00+00:00,DWD,buoy
Unknown,10881,,False,158.2294464111328,16.805110931396484,0.458542,pressure,2026-07-01 00:00:00+00:00,DWD,buoy
Unknown,10870,,False,157.62991333007812,17.425689697265625,0.145162,pressure,2026-07-01 00:00:00+00:00,DWD,buoy
Unknown,10871,,False,157.83360290527344,17.21504020690918,0.49913,pressure,2026-07-01 00:00:00+00:00,DWD,buoy
Unknown,10867,,False,157.23062133789062,17.822160720825195,0.537592,pressure,2026-07-01 00:00:00+00:00,DWD,buoy
Unknown,10868,,False,157.04656982421875,18.008100509643555,0.301389,pressure,2026-07-01 00:00:00+00:00,DWD,buoy
Unknown,10869,,False,157.4189453125,17.6105899810791,0.148703,pressure,2026-07-01 00:00:00+00:00,DWD,buoy
Unknown,10874,,False,158.85372924804688,16.273000717163086,0.14752,pressure,2026-07-01 00:00:00+00:00,DWD,buoy
Unknown,10877,,False,156.8183135986328,18.232789993286133,0.185553,pressure,2026-07-01 00:00:00+00:00,DWD,buoy
Unknown,10879,,False,156.5985565185547,18.450849533081055,0.367858,pressure,2026-07-01 00:00:00+00:00,DWD,buoy
Unknown,10875,,False,156.279296875,18.766170501708984,0.32809,pressure,2026-07-01 00:00:00+00:00,DWD,buoy
Unknown,10876,,False,156.4381561279297,18.629539489746094,0.203901,pressure,2026-07-01 00:00:00+00:00,DWD,buoy
Unknown,10873,,False,156.157470703125,18.90195083618164,0.267962,pressure,2026-07-01 00:00:00+00:00,DWD,buoy
Unknown,3801841,,False,-48.719200134277344,51.062400817871094,0.215827,pressure,2026-07-01 00:00:00+00:00,DWD,buoy
Unknown,10269,,False,39.96799850463867,-27.25200080871582,0.441857,pressure,2026-07-01 00:00:00+00:00,DWD,buoy
Unknown,10271,,False,42.037601470947266,-29.125999450683594,0.22645,pressure,2026-07-01 00:00:00+00:00,DWD,buoy
Unknown,10722,,False,69.98255920410156,-25.62955093383789,0.179209,pressure,2026-07-01 00:00:00+00:00,DWD,buoy
Unknown,10723,,False,69.98697662353516,-25.631099700927734,0.354445,pressure,2026-07-01 00:00:00+00:00,DWD,buoy
Unknown,10767,,False,-74.80531311035156,37.00701141357422,0.253837,pressure,2026-07-01 00:00:00+00:00,DWD,buoy
Unknown,10724,,False,78.44116973876953,-28.082820892333984,0.181594,pressure,2026-07-01 00:00:00+00:00,DWD,buoy
Unknown,10725,,False,78.45133209228516,-28.08827018737793,0.283265,pressure,2026-07-01 00:00:00+00:00,DWD,buoy
Unknown,10769,,False,-73.69386291503906,36.97850036621094,0.175809,pressure,2026-07-01 00:00:00+00:00,DWD,buoy
Unknown,10849,,False,-166.33688354492188,32.5228385925293,0.194519,pressure,2026-07-01 00:00:00+00:00,DWD,buoy
Unknown,10856,,False,-165.0469512939453,33.96669006347656,0.25197,pressure,2026-07-01 00:00:00+00:00,DWD,buoy
Unknown,10865,,False,-167.55311584472656,31.090349197387695,0.302686,pressure,2026-07-01 00:00:00+00:00,DWD,buoy
Unknown,10839,,False,-170.04823303222656,28.027830123901367,0.181683,pressure,2026-07-01 00:00:00+00:00,DWD,buoy
Unknown,10843,,False,-168.83245849609375,29.54266929626465,0.264921,pressure,2026-07-01 00:00:00+00:00,DWD,buoy
Unknown,10851,,False,-170.02920532226562,28.019729614257812,0.194588,pressure,2026-07-01 00:00:00+00:00,DWD,buoy
Unknown,10852,,False,-170.02842712402344,28.01926040649414,0.400858,pressure,2026-07-01 00:00:00+00:00,DWD,buoy
Unknown,10859,,False,-168.82168579101562,29.533180236816406,0.294454,pressure,2026-07-01 00:00:00+00:00,DWD,buoy
Unknown,10860,,False,-168.8214874267578,29.5327205657959,0.339056,pressure,2026-07-01 00:00:00+00:00,DWD,buoy
Unknown,10776,,False,-71.05536651611328,37.29399871826172,0.147519,pressure,2026-07-01 00:00:00+00:00,DWD,buoy
Unknown,10855,,False,-165.03326416015625,33.978271484375,0.300901,pressure,2026-07-01 00:00:00+00:00,DWD,buoy
Unknown,10838,,False,-166.3250732421875,32.60363006591797,0.347878,pressure,2026-07-01 00:00:00+00:00,DWD,buoy
Unknown,10841,,False,-164.96885681152344,34.09593963623047,0.249879,pressure,2026-07-01 00:00:00+00:00,DWD,buoy
Unknown,10850,,False,-166.33973693847656,32.528160095214844,0.121199,pressure,2026-07-01 00:00:00+00:00,DWD,buoy
Unknown,10846,,False,-167.51466369628906,31.249160766601562,0.079391,pressure,2026-07-01 00:00:00+00:00,DWD,buoy
Unknown,10866,,False,-167.51365661621094,31.13566017150879,0.353677,pressure,2026-07-01 00:00:00+00:00,DWD,buoy
Unknown,10726,,False,88.11638641357422,-30.16473960876465,0.239819,pressure,2026-07-01 00:00:00+00:00,DWD,buoy
Unknown,10727,,False,88.12065124511719,-30.164749145507812,0.755426,pressure,2026-07-01 00:00:00+00:00,DWD,buoy
Unknown,10728,,False,90.0006103515625,-30.48331069946289,0.170614,pressure,2026-07-01 00:00:00+00:00,DWD,buoy
Unknown,10729,,False,90.00228118896484,-30.483509063720703,0.27258,pressure,2026-07-01 00:00:00+00:00,DWD,buoy
Unknown,10844,,False,-163.04635620117188,22.011079788208008,0.149648,pressure,2026-07-01 00:00:00+00:00,DWD,buoy
Unknown,10845,,False,-168.12835693359375,20.614830017089844,0.202423,pressure,2026-07-01 00:00:00+00:00,DWD,buoy
Unknown,10848,,False,-173.031982421875,18.998760223388672,0.131106,pressure,2026-07-01 00:00:00+00:00,DWD,buoy
Unknown,10853,,False,-165.60165405273438,21.32154083251953,0.238856,pressure,2026-07-01 00:00:00+00:00,DWD,buoy
Unknown,10854,,False,-165.59954833984375,21.321380615234375,0.092272,pressure,2026-07-01 00:00:00+00:00,DWD,buoy
Unknown,10857,,False,-170.57122802734375,19.805089950561523,0.209076,pressure,2026-07-01 00:00:00+00:00,DWD,buoy
Unknown,10858,,False,-170.5721435546875,19.805940628051758,0.362361,pressure,2026-07-01 00:00:00+00:00,DWD,buoy
Unknown,10861,,False,-163.0030059814453,21.99665069580078,0.184205,pressure,2026-07-01 00:00:00+00:00,DWD,buoy
Unknown,10862,,False,-163.0233154296875,22.01181983947754,0.452959,pressure,2026-07-01 00:00:00+00:00,DWD,buoy
Unknown,10863,,False,-168.11697387695312,20.610790252685547,1.112311,pressure,2026-07-01 00:00:00+00:00,DWD,buoy
Unknown,10847,,False,-117.2508316040039,32.86996078491211,0.112091,pressure,2026-07-01 00:00:00+00:00,DWD,buoy
Unknown,10842,,False,-170.6185760498047,19.808950424194336,0.376902,pressure,2026-07-01 00:00:00+00:00,DWD,buoy
Unknown,10837,,False,-173.1111297607422,19.032880783081055,0.526655,pressure,2026-07-01 00:00:00+00:00,DWD,buoy
Unknown,10840,,False,-166.02879333496094,21.266590118408203,0.126933,pressure,2026-07-01 00:00:00+00:00,DWD,buoy
Unknown,10864,,False,-168.23260498046875,20.565139770507812,0.26435,pressure,2026-07-01 00:00:00+00:00,DWD,buoy
Unknown,10771,,False,-61.856300354003906,39.074501037597656,0.153911,pressure,2026-07-01 00:00:00+00:00,DWD,buoy
Unknown,10781,,False,-63.93886184692383,37.5660400390625,0.18925,pressure,2026-07-01 00:00:00+00:00,DWD,buoy
Unknown,10768,,False,-58.95669937133789,39.410160064697266,0.274434,pressure,2026-07-01 00:00:00+00:00,DWD,buoy
Unknown,10730,,False,105.02188873291016,-31.947439193725586,0.21294,pressure,2026-07-01 00:00:00+00:00,DWD,buoy
Unknown,10731,,False,105.02967071533203,-31.947309494018555,0.50092,pressure,2026-07-01 00:00:00+00:00,DWD,buoy
Unknown,10770,,False,-56.112220764160156,39.759239196777344,0.385292,pressure,2026-07-01 00:00:00+00:00,DWD,buoy
Unknown,10782,,False,-52.97856903076172,40.266910552978516,0.203375,pressure,2026-07-01 00:00:00+00:00,DWD,buoy
Unknown,10270,,False,63.55780029296875,-23.04520034790039,0.234958,pressure,2026-07-01 00:00:00+00:00,DWD,buoy
Unknown,10783,,False,-49.78684997558594,39.84757995605469,0.360684,pressure,2026-07-01 00:00:00+00:00,DWD,buoy
Unknown,10765,,False,-46.82558822631836,38.75733947753906,0.340718,pressure,2026-07-01 00:00:00+00:00,DWD,buoy
Unknown,10717,,False,-34.56380081176758,-26.994260787963867,0.38377,pressure,2026-07-01 00:00:00+00:00,DWD,buoy
Unknown,3801836,,False,-51.22600173950195,44.31829833984375,0.226063,pressure,2026-07-01 00:00:00+00:00,DWD,buoy
Unknown,10784,,False,-43.89268112182617,38.49972915649414,0.403732,pressure,2026-07-01 00:00:00+00:00,DWD,buoy
Unknown,10711,,False,-36.97045135498047,-29.998279571533203,0.210593,pressure,2026-07-01 00:00:00+00:00,DWD,buoy
Unknown,1801943,,False,-50.4833984375,43.987701416015625,0.235814,pressure,2026-07-01 00:00:00+00:00,DWD,buoy
Unknown,2802243,,False,-49.76559829711914,43.64670181274414,0.45462,pressure,2026-07-01 00:00:00+00:00,DWD,buoy
Unknown,1801951,,False,19.36634063720703,35.123199462890625,0.834678,pressure,2026-07-01 00:00:00+00:00,DWD,buoy
Unknown,4804282,,False,20.289819717407227,36.907020568847656,0.095556,pressure,2026-07-01 00:00:00+00:00,DWD,buoy
Unknown,10709,,False,-39.454288482666016,-32.99930953979492,0.37585,pressure,2026-07-01 00:00:00+00:00,DWD,buoy
Unknown,45510,,False,-140.70323181152344,71.24154663085938,0.249586,pressure,2026-07-01 00:00:00+00:00,DWD,buoy
Unknown,45512,,False,-144.63104248046875,71.324462890625,0.343335,pressure,2026-07-01 00:00:00+00:00,DWD,buoy
Unknown,10438,,False,-51.87506103515625,54.48345947265625,0.218437,pressure,2026-07-01 00:00:00+00:00,DWD,buoy
Unknown,10437,,False,-51.87641906738281,54.81098175048828,0.206995,pressure,2026-07-01 00:00:00+00:00,DWD,buoy
Unknown,10773,,False,-40.43600082397461,37.70463180541992,0.116388,pressure,2026-07-01 00:00:00+00:00,DWD,buoy
Unknown,10439,,False,-51.31914138793945,54.81291961669922,0.409671,pressure,2026-07-01 00:00:00+00:00,DWD,buoy
Unknown,10441,,False,-51.31052017211914,54.475440979003906,0.269051,pressure,2026-07-01 00:00:00+00:00,DWD,buoy
Unknown,10440,,False,-50.747859954833984,54.47462844848633,0.274851,pressure,2026-07-01 00:00:00+00:00,DWD,buoy
Unknown,10721,,False,-42.05121994018555,-35.905879974365234,0.227491,pressure,2026-07-01 00:00:00+00:00,DWD,buoy
Unknown,10777,,False,-117.24951934814453,32.86404037475586,0.133562,pressure,2026-07-01 00:00:00+00:00,DWD,buoy
Unknown,10707,,False,-42.75638961791992,-38.991241455078125,0.213985,pressure,2026-07-01 00:00:00+00:00,DWD,buoy
Unknown,10778,,False,-34.5620002746582,37.97520065307617,0.097998,pressure,2026-07-01 00:00:00+00:00,DWD,buoy
Unknown,10719,,False,-45.23984146118164,-40.936561584472656,0.310304,pressure,2026-07-01 00:00:00+00:00,DWD,buoy
Unknown,10708,,False,-47.48506164550781,-42.9740104675293,1.104035,pressure,2026-07-01 00:00:00+00:00,DWD,buoy
Unknown,10772,,False,-32.84170913696289,37.72420883178711,0.196046,pressure,2026-07-01 00:00:00+00:00,DWD,buoy
Unknown,10718,,False,-50.1125602722168,-44.91707992553711,0.400468,pressure,2026-07-01 00:00:00+00:00,DWD,buoy
Unknown,10775,,False,-29.34760093688965,37.22787857055664,0.171073,pressure,2026-07-01 00:00:00+00:00,DWD,buoy
Unknown,10766,,False,-26.50160026550293,36.59659957885742,0.307685,pressure,2026-07-01 00:00:00+00:00,DWD,buoy
Unknown,10710,,False,-54.61069107055664,-48.933109283447266,0.507271,pressure,2026-07-01 00:00:00+00:00,DWD,buoy
Unknown,10720,,False,-52.28173065185547,-47.20724868774414,1.0727,pressure,2026-07-01 00:00:00+00:00,DWD,buoy
Unknown,10774,,False,-23.22896957397461,36.891998291015625,0.195897,pressure,2026-07-01 00:00:00+00:00,DWD,buoy
Unknown,10780,,False,-20.557819366455078,36.87321853637695,0.18102,pressure,2026-07-01 00:00:00+00:00,DWD,buoy
Unknown,10917,,False,-109.45346069335938,17.986339569091797,0.338529,pressure,2026-07-01 00:00:00+00:00,DWD,buoy
Unknown,10921,,False,-109.17362213134766,17.493749618530273,0.62751,pressure,2026-07-01 00:00:00+00:00,DWD,buoy
Unknown,10930,,False,-108.2723388671875,15.993989944458008,0.259358,pressure,2026-07-01 00:00:00+00:00,DWD,buoy
Unknown,10920,,False,-108.57386016845703,16.520479202270508,0.306706,pressure,2026-07-01 00:00:00+00:00,DWD,buoy
Unknown,10927,,False,-107.96045684814453,15.492620468139648,0.154427,pressure,2026-07-01 00:00:00+00:00,DWD,buoy
Unknown,10931,,False,-107.63330841064453,14.981619834899902,0.288573,pressure,2026-07-01 00:00:00+00:00,DWD,buoy
Unknown,10929,,False,-107.34912109375,14.489660263061523,0.216765,pressure,2026-07-01 00:00:00+00:00,DWD,buoy
Unknown,10928,,False,-107.04345703125,13.990619659423828,0.260933,pressure,2026-07-01 00:00:00+00:00,DWD,buoy
Unknown,10922,,False,-106.73847198486328,13.503700256347656,0.169202,pressure,2026-07-01 00:00:00+00:00,DWD,buoy
Unknown,10061,,False,108.97139739990234,-25.45599937438965,0.140804,pressure,2026-07-01 00:00:00+00:00,DWD,buoy
Unknown,10064,,False,106.99939727783203,-23.314199447631836,0.179514,pressure,2026-07-01 00:00:00+00:00,DWD,buoy
Unknown,10067,,False,104.98680114746094,-21.152799606323242,0.236021,pressure,2026-07-01 00:00:00+00:00,DWD,buoy
Unknown,10065,,False,102.97339630126953,-18.95400047302246,0.241085,pressure,2026-07-01 00:00:00+00:00,DWD,buoy
Unknown,1101579,,False,-23.550199508666992,20.729999542236328,0.171093,pressure,2026-07-01 00:00:00+00:00,DWD,buoy
Unknown,10279,,False,52.36880111694336,-40.14400100708008,0.214366,pressure,2026-07-01 00:00:00+00:00,DWD,buoy
Unknown,10882,,False,79.78762817382812,0.028750000521540642,0.296525,pressure,2026-07-01 00:00:00+00:00,DWD,buoy
Unknown,10883,,False,81.49658966064453,0.002859999891370535,0.270956,pressure,2026-07-01 00:00:00+00:00,DWD,buoy
Unknown,10884,,False,83.001953125,0.0014700000174343586,0.306726,pressure,2026-07-01 00:00:00+00:00,DWD,buoy
Unknown,42039,,False,-86.0239028930664,28.767780303955078,0.529926,pressure,2026-07-01 00:00:00+00:00,DWD,buoy
Unknown,51025,,False,-140.0,-1.0,0.171434,pressure,2026-07-01 00:00:00+00:00,DWD,buoy
Unknown,51024,,False,-139.89999389648438,1.0,0.163843,pressure,2026-07-01 00:00:00+00:00,DWD,buoy
Unknown,10924,,False,-104.98137664794922,10.961700439453125,0.174383,pressure,2026-07-01 00:00:00+00:00,DWD,buoy
Unknown,10923,,False,-105.33560943603516,11.470569610595703,0.280458,pressure,2026-07-01 00:00:00+00:00,DWD,buoy
Unknown,10925,,False,-105.6227798461914,12.002249717712402,0.393442,pressure,2026-07-01 00:00:00+00:00,DWD,buoy
Unknown,10926,,False,-105.91773986816406,12.493410110473633,0.347265,pressure,2026-07-01 00:00:00+00:00,DWD,buoy
Unknown,10048,,False,-36.40039825439453,-53.81760025024414,0.246104,pressure,2026-07-01 00:00:00+00:00,DWD,buoy
Unknown,10281,,False,74.15640258789062,-44.700801849365234,0.291837,pressure,2026-07-01 00:00:00+00:00,DWD,buoy
Unknown,10036,,False,-36.731998443603516,-53.71760177612305,0.30778,pressure,2026-07-01 00:00:00+00:00,DWD,buoy
Unknown,10282,,False,54.9473991394043,-41.32899856567383,0.487808,pressure,2026-07-01 00:00:00+00:00,DWD,buoy
Unknown,10037,,False,-34.438201904296875,-48.80419921875,0.328811,pressure,2026-07-01 00:00:00+00:00,DWD,buoy
Unknown,10041,,False,-29.362199783325195,-42.5005989074707,0.317813,pressure,2026-07-01 00:00:00+00:00,DWD,buoy
Unknown,4804288,,False,125.10199737548828,27.482999801635742,0.186698,pressure,2026-07-01 00:00:00+00:00,DWD,buoy
Unknown,10286,,False,76.1864013671875,-2.9983999729156494,0.156918,pressure,2026-07-01 00:00:00+00:00,DWD,buoy
Unknown,10283,,False,76.38520050048828,-2.9254000186920166,0.468271,pressure,2026-07-01 00:00:00+00:00,DWD,buoy
Unknown,46042,,False,-122.40833282470703,36.78667068481445,0.385901,pressure,2026-07-01 00:00:00+00:00,DWD,buoy
Unknown,10042,,False,-25.000200271606445,-15.0,0.180124,pressure,2026-07-01 00:00:00+00:00,DWD,buoy
Unknown,10040,,False,-25.008800506591797,-14.980400085449219,0.267248,pressure,2026-07-01 00:00:00+00:00,DWD,buoy
Unknown,10947,,False,-119.53108978271484,31.057790756225586,0.167525,pressure,2026-07-01 00:00:00+00:00,DWD,buoy
Unknown,10948,,False,-119.58219909667969,31.02429962158203,0.153239,pressure,2026-07-01 00:00:00+00:00,DWD,buoy
Unknown,10949,,False,-119.54196166992188,31.04693031311035,0.154867,pressure,2026-07-01 00:00:00+00:00,DWD,buoy
Unknown,10950,,False,-119.6067886352539,31.03260040283203,0.162172,pressure,2026-07-01 00:00:00+00:00,DWD,buoy
Unknown,10951,,False,-119.52723693847656,31.05500030517578,0.121053,pressure,2026-07-01 00:00:00+00:00,DWD,buoy
Unknown,10038,,False,-25.429000854492188,-5.255000114440918,0.145018,pressure,2026-07-01 00:00:00+00:00,DWD,buoy
Unknown,41041,,False,-46.040550231933594,14.258890151977539,0.322786,pressure,2026-07-01 00:00:00+00:00,DWD,buoy
4804260,0-22000-0-4804260,AUS,True,111.257,-22.603,0.17735,pressure,2026-07-01 00:00:00+00:00,DWD,buoy
Unknown,46118,,False,-122.5763931274414,48.723609924316406,0.246322,pressure,2026-07-01 00:00:00+00:00,DWD,buoy
Unknown,45220,,False,-79.4316635131836,42.56111145019531,1.029421,pressure,2026-07-01 00:00:00+00:00,DWD,buoy
Unknown,46119,,False,-124.95027160644531,47.967220306396484,0.13179,pressure,2026-07-01 00:00:00+00:00,DWD,buoy
3801713,0-22000-0-3801713,USA,True,-17.676,32.387,0.180269,pressure,2026-07-01 00:00:00+00:00,DWD,buoy
Unknown,41048,,False,-69.70777130126953,31.889720916748047,0.371544,pressure,2026-07-01 00:00:00+00:00,DWD,buoy
6802052,0-22000-0-6802052,AUS,True,114.67,-32.033,0.323357,pressure,2026-07-01 00:00:00+00:00,DWD,buoy
Unknown,10969,,False,-166.4212646484375,10.367480278015137,0.297842,pressure,2026-07-01 00:00:00+00:00,DWD,buoy
Unknown,10971,,False,-157.5949249267578,9.852519989013672,0.238598,pressure,2026-07-01 00:00:00+00:00,DWD,buoy
Unknown,10967,,False,-176.52491760253906,9.467840194702148,0.20107,pressure,2026-07-01 00:00:00+00:00,DWD,buoy
Unknown,10964,,False,-140.43365478515625,9.725330352783203,0.164342,pressure,2026-07-01 00:00:00+00:00,DWD,buoy
Unknown,10970,,False,-148.76971435546875,9.482000350952148,0.2497,pressure,2026-07-01 00:00:00+00:00,DWD,buoy
Unknown,10968,,False,177.96937561035156,8.83998966217041,0.254529,pressure,2026-07-01 00:00:00+00:00,DWD,buoy
Unknown,10966,,False,-131.7931365966797,9.506489753723145,0.221285,pressure,2026-07-01 00:00:00+00:00,DWD,buoy
Unknown,10965,,False,-124.16075897216797,9.500749588012695,0.182557,pressure,2026-07-01 00:00:00+00:00,DWD,buoy
Unknown,10091,,False,-76.0291976928711,-29.78019905090332,0.351896,pressure,2026-07-01 00:00:00+00:00,DWD,buoy
Unknown,10092,,False,-77.13020324707031,-28.93779945373535,0.539352,pressure,2026-07-01 00:00:00+00:00,DWD,buoy
Unknown,10962,,False,-116.65904998779297,9.499250411987305,0.185512,pressure,2026-07-01 00:00:00+00:00,DWD,buoy
Unknown,10094,,False,-83.27059936523438,-24.235200881958008,0.177647,pressure,2026-07-01 00:00:00+00:00,DWD,buoy
Unknown,10093,,False,-84.5363998413086,-23.316600799560547,0.174468,pressure,2026-07-01 00:00:00+00:00,DWD,buoy
Unknown,10090,,False,-84.09239959716797,-23.722400665283203,0.311026,pressure,2026-07-01 00:00:00+00:00,DWD,buoy
Unknown,10963,,False,-104.89289093017578,9.501669883728027,0.260148,pressure,2026-07-01 00:00:00+00:00,DWD,buoy
Unknown,6301644,,False,6.915999889373779,72.8593978881836,0.212496,pressure,2026-07-01 00:00:00+00:00,DWD,buoy
Unknown,21716,,False,122.22139739990234,24.47966957092285,0.276599,pressure,2026-07-01 00:00:00+00:00,DWD,buoy
Unknown,21715,,False,122.10877227783203,24.674070358276367,1.082842,pressure,2026-07-01 00:00:00+00:00,DWD,buoy
Unknown,21714,,False,122.0866470336914,24.580490112304688,0.245153,pressure,2026-07-01 00:00:00+00:00,DWD,buoy
Unknown,45183,,False,-85.8308334350586,44.98167037963867,1.552502,pressure,2026-07-01 00:00:00+00:00,DWD,buoy
Unknown,10938,,False,-122.91645812988281,30.15999984741211,0.185829,pressure,2026-07-01 00:00:00+00:00,DWD,buoy
Unknown,10939,,False,-124.0145492553711,30.439619064331055,0.215168,pressure,2026-07-01 00:00:00+00:00,DWD,buoy
Unknown,10937,,False,-123.6250991821289,29.880859375,0.185851,pressure,2026-07-01 00:00:00+00:00,DWD,buoy
Unknown,10940,,False,-123.34819030761719,30.76708984375,0.133607,pressure,2026-07-01 00:00:00+00:00,DWD,buoy
Unknown,21719,,False,125.9299087524414,31.486560821533203,0.158579,pressure,2026-07-01 00:00:00+00:00,DWD,buoy
Unknown,21718,,False,125.39644622802734,31.481260299682617,0.319409,pressure,2026-07-01 00:00:00+00:00,DWD,buoy
Unknown,21717,,False,124.9238510131836,31.507139205932617,0.296647,pressure,2026-07-01 00:00:00+00:00,DWD,buoy
Unknown,10443,,False,-52.47309875488281,55.0430793762207,0.424636,pressure,2026-07-01 00:00:00+00:00,DWD,buoy
Unknown,5802297,,False,-121.98890686035156,5.999269962310791,0.204775,pressure,2026-07-01 00:00:00+00:00,DWD,buoy
Unknown,6802112,,False,-122.49595642089844,7.001810073852539,0.22638,pressure,2026-07-01 00:00:00+00:00,DWD,buoy
Unknown,5802256,,False,-27.87969970703125,56.299800872802734,0.270026,pressure,2026-07-01 00:00:00+00:00,DWD,buoy
Unknown,1801974,,False,-124.00184631347656,10.002280235290527,0.190881,pressure,2026-07-01 00:00:00+00:00,DWD,buoy
Unknown,1801979,,False,-124.50422668457031,11.014349937438965,0.180596,pressure,2026-07-01 00:00:00+00:00,DWD,buoy
Unknown,94614,,False,113.56559753417969,16.518199920654297,0.23387,pressure,2026-07-01 00:00:00+00:00,DWD,buoy
Unknown,6802079,,False,-56.07939910888672,54.537601470947266,0.557024,pressure,2026-07-01 00:00:00+00:00,DWD,buoy
Unknown,10275,,False,69.0604019165039,-31.985200881958008,0.258663,pressure,2026-07-01 00:00:00+00:00,DWD,buoy
Unknown,10933,,False,-123.76274871826172,31.309349060058594,0.201024,pressure,2026-07-01 00:00:00+00:00,DWD,buoy
Unknown,10943,,False,-124.20330047607422,31.926259994506836,0.385095,pressure,2026-07-01 00:00:00+00:00,DWD,buoy
Unknown,10941,,False,-123.10581970214844,31.61288070678711,0.199709,pressure,2026-07-01 00:00:00+00:00,DWD,buoy
Unknown,10932,,False,-123.52290344238281,32.23767852783203,0.270074,pressure,2026-07-01 00:00:00+00:00,DWD,buoy
Unknown,10452,,False,73.02030181884766,-35.18075942993164,0.284164,pressure,2026-07-01 00:00:00+00:00,DWD,buoy
Unknown,10934,,False,-122.83734893798828,32.59646987915039,0.176068,pressure,2026-07-01 00:00:00+00:00,DWD,buoy
Unknown,10453,,False,73.72624969482422,-35.75204086303711,0.286782,pressure,2026-07-01 00:00:00+00:00,DWD,buoy
Unknown,22951,,False,124.52057647705078,37.642059326171875,0.249631,pressure,2026-07-01 00:00:00+00:00,DWD,buoy
Unknown,10936,,False,-122.54943084716797,33.502689361572266,0.266184,pressure,2026-07-01 00:00:00+00:00,DWD,buoy
Unknown,10935,,False,-123.2424087524414,33.17837905883789,0.480441,pressure,2026-07-01 00:00:00+00:00,DWD,buoy
Unknown,10942,,False,-123.8975830078125,32.81555938720703,0.187214,pressure,2026-07-01 00:00:00+00:00,DWD,buoy
Unknown,21720,,False,137.99803161621094,13.497790336608887,0.35396,pressure,2026-07-01 00:00:00+00:00,DWD,buoy
Unknown,10944,,False,-123.63687896728516,33.72867965698242,0.248868,pressure,2026-07-01 00:00:00+00:00,DWD,buoy
Unknown,10946,,False,-123.6367416381836,33.728111267089844,0.178533,pressure,2026-07-01 00:00:00+00:00,DWD,buoy
Unknown,10945,,False,-122.95230865478516,34.060699462890625,0.180583,pressure,2026-07-01 00:00:00+00:00,DWD,buoy
Unknown,21721,,False,137.38514709472656,13.502349853515625,0.140531,pressure,2026-07-01 00:00:00+00:00,DWD,buoy
Unknown,21722,,False,133.9677734375,13.372429847717285,0.228515,pressure,2026-07-01 00:00:00+00:00,DWD,buoy
Unknown,21723,,False,132.11708068847656,15.382820129394531,0.17386,pressure,2026-07-01 00:00:00+00:00,DWD,buoy
Unknown,10985,,False,-73.02855682373047,31.51091957092285,0.40066,pressure,2026-07-01 00:00:00+00:00,DWD,buoy
Unknown,21724,,False,130.0005340576172,17.499629974365234,0.108315,pressure,2026-07-01 00:00:00+00:00,DWD,buoy
Unknown,94597,,False,-59.51380157470703,56.06380081176758,0.361086,pressure,2026-07-01 00:00:00+00:00,DWD,buoy
Unknown,4804311,,False,-53.27859878540039,50.57640075683594,0.418833,pressure,2026-07-01 00:00:00+00:00,DWD,buoy
Unknown,22952,,False,124.70427703857422,37.227569580078125,0.126901,pressure,2026-07-01 00:00:00+00:00,DWD,buoy
Unknown,2802258,,False,-53.149200439453125,50.540000915527344,0.510345,pressure,2026-07-01 00:00:00+00:00,DWD,buoy
Unknown,1801814,,False,-62.696319580078125,40.89025115966797,0.308506,pressure,2026-07-01 00:00:00+00:00,DWD,buoy
Unknown,94593,,False,137.2790069580078,28.360000610351562,0.386291,pressure,2026-07-01 00:00:00+00:00,DWD,buoy
Unknown,5802296,,False,-88.02155303955078,28.05344009399414,0.213662,pressure,2026-07-01 00:00:00+00:00,DWD,buoy
Unknown,94630,,False,-87.46087646484375,27.699359893798828,0.466776,pressure,2026-07-01 00:00:00+00:00,DWD,buoy
1401617,0-22000-0-1401617,FRA,True,-40.433,57.322,0.079948,pressure,2026-07-01 00:00:00+00:00,DWD,buoy
Unknown,7KCO,,False,-146.3000030517578,51.900001525878906,1.609739,pressure,2026-07-01 00:00:00+00:00,DWD,ship
Unknown,9V7629,,False,-175.3000030517578,49.70000076293945,3.916762,pressure,2026-07-01 00:00:00+00:00,DWD,ship
Unknown,AMOUK74,,False,-5.900000095367432,53.0,0.302278,pressure,2026-07-01 00:00:00+00:00,DWD,ship
Unknown,AMOUK76,,False,10.899999618530273,59.099998474121094,0.316781,pressure,2026-07-01 00:00:00+00:00,DWD,ship
Unknown,C6BJ9,,False,131.60000610351562,16.899999618530273,0.451732,pressure,2026-07-01 00:00:00+00:00,DWD,ship
Unknown,KNJL,,False,-83.5,24.399999618530273,0.757927,pressure,2026-07-01 00:00:00+00:00,DWD,ship
Unknown,LAON8,,False,4.5,57.79999923706055,0.208716,pressure,2026-07-01 00:00:00+00:00,DWD,ship
Unknown,LEWU,,False,20.299999237060547,72.5,0.287699,pressure,2026-07-01 00:00:00+00:00,DWD,ship
Unknown,LF3F,,False,7.78000020980835,64.3499984741211,0.275633,pressure,2026-07-01 00:00:00+00:00,DWD,ship
Unknown,LF3J,,False,2.2699999809265137,61.20000076293945,0.948234,pressure,2026-07-01 00:00:00+00:00,DWD,ship
Unknown,LF3N,,False,7.320000171661377,65.31999969482422,0.259057,pressure,2026-07-01 00:00:00+00:00,DWD,ship
Unknown,LF4B,,False,3.7200000286102295,60.63999938964844,0.457082,pressure,2026-07-01 00:00:00+00:00,DWD,ship
Unknown,LF4J,,False,3.049999952316284,60.540000915527344,1.472026,pressure,2026-07-01 00:00:00+00:00,DWD,ship
Unknown,LF4P,,False,3.5,60.77000045776367,0.216695,pressure,2026-07-01 00:00:00+00:00,DWD,ship
Unknown,LF4Q,,False,2.2100000381469727,61.529998779296875,0.519978,pressure,2026-07-01 00:00:00+00:00,DWD,ship
Unknown,LF4X,,False,2.8499999046325684,57.40999984741211,0.485045,pressure,2026-07-01 00:00:00+00:00,DWD,ship
Unknown,LF5B,,False,2.7799999713897705,60.61000061035156,0.291579,pressure,2026-07-01 00:00:00+00:00,DWD,ship
Unknown,LF5I,,False,6.789999961853027,65.11000061035156,0.371414,pressure,2026-07-01 00:00:00+00:00,DWD,ship
Unknown,LF5Z,,False,7.199999809265137,64.2699966430664,0.246071,pressure,2026-07-01 00:00:00+00:00,DWD,ship
Unknown,LF6A,,False,3.390000104904175,56.279998779296875,0.570221,pressure,2026-07-01 00:00:00+00:00,DWD,ship
Unknown,LF6K,,False,3.609999895095825,60.88999938964844,0.276734,pressure,2026-07-01 00:00:00+00:00,DWD,ship
Unknown,LF6R,,False,2.430000066757202,61.36000061035156,0.175469,pressure,2026-07-01 00:00:00+00:00,DWD,ship
Unknown,N259,,False,-3.5,53.599998474121094,0.319075,pressure,2026-07-01 00:00:00+00:00,DWD,ship
Unknown,PJAI,,False,-1.399999976158142,58.0,0.210064,pressure,2026-07-01 00:00:00+00:00,DWD,ship
Unknown,RUUGTMQ,,False,7.079999923706055,-23.3700008392334,0.284562,pressure,2026-07-01 00:00:00+00:00,DWD,ship
Unknown,S84BFC76,,False,23.700000762939453,37.599998474121094,3.594759,pressure,2026-07-01 00:00:00+00:00,DWD,ship
Unknown,SHIP,,False,-123.0,49.29999923706055,0.439675,pressure,2026-07-01 00:00:00+00:00,DWD,ship
Unknown,UGYU,,False,58.400001525878906,89.19999694824219,1.884293,pressure,2026-07-01 00:00:00+00:00,DWD,ship
Unknown,V7FQ8,,False,84.69999694824219,-1.899999976158142,0.58376,pressure,2026-07-01 00:00:00+00:00,DWD,ship
Unknown,VRUO2,,False,176.60000610351562,48.400001525878906,0.844228,pressure,2026-07-01 00:00:00+00:00,DWD,ship
Unknown,VRVO9,,False,122.19999694824219,35.20000076293945,5.058159,pressure,2026-07-01 00:00:00+00:00,DWD,ship
Unknown,ZCEW6,,False,7.5,65.80000305175781,0.2575,pressure,2026-07-01 00:00:00+00:00,DWD,ship
Unknown,GAZ35FF,,False,112.5,-21.700000762939453,1.051388,pressure,2026-07-01 00:00:00+00:00,DWD,ship
Unknown,UBRI5,,False,131.8000030517578,43.099998474121094,2.383876,pressure,2026-07-01 00:00:00+00:00,DWD,ship
Unknown,VRQL9,,False,-8.699999809265137,-3.5,1.833073,pressure,2026-07-01 00:00:00+00:00,DWD,ship
Unknown,VRVN9,,False,8.100000381469727,-22.399999618530273,1.275428,pressure,2026-07-01 00:00:00+00:00,DWD,ship
Unknown,3EYI2,,False,79.19999694824219,-6.5,1.158836,pressure,2026-07-01 00:00:00+00:00,DWD,ship
Unknown,9V3005,,False,118.0999984741211,-18.700000762939453,2.404011,pressure,2026-07-01 00:00:00+00:00,DWD,ship
Unknown,V7LF7,,False,75.0999984741211,-9.699999809265137,3.810338,pressure,2026-07-01 00:00:00+00:00,DWD,ship
Unknown,VRSQ9,,False,71.9000015258789,-12.199999809265137,4.686035,pressure,2026-07-01 00:00:00+00:00,DWD,ship
Unknown,VUD7WQF,,False,56.599998474121094,25.200000762939453,0.873704,pressure,2026-07-01 00:00:00+00:00,DWD,ship
Unknown,UBBO5,,False,134.1999969482422,43.0,2.528888,pressure,2026-07-01 00:00:00+00:00,DWD,ship
Unknown,V7A6440,,False,-94.0,26.899999618530273,3.51028,pressure,2026-07-01 00:00:00+00:00,DWD,ship
Unknown,VRUQ7,,False,138.60000610351562,4.300000190734863,0.698175,pressure,2026-07-01 00:00:00+00:00,DWD,ship
Unknown,7JRX,,False,13.399999618530273,-25.799999237060547,0.383155,pressure,2026-07-01 00:00:00+00:00,DWD,ship
Unknown,VRVO5,,False,145.39999389648438,37.29999923706055,4.849856,pressure,2026-07-01 00:00:00+00:00,DWD,ship
Unknown,7JLR,,False,119.9000015258789,13.5,4.325212,pressure,2026-07-01 00:00:00+00:00,DWD,ship
Unknown,7KLM,,False,132.1999969482422,32.599998474121094,1.136059,pressure,2026-07-01 00:00:00+00:00,DWD,ship
Unknown,NCR33JR,,False,122.06999969482422,30.6200008392334,0.331426,pressure,2026-07-01 00:00:00+00:00,DWD,ship
Unknown,WMDQ,,False,-76.4000015258789,33.79999923706055,2.940712,pressure,2026-07-01 00:00:00+00:00,DWD,ship
Unknown,5LQA3,,False,-12.300000190734863,35.70000076293945,2.329108,pressure,2026-07-01 00:00:00+00:00,DWD,ship
Unknown,V7A6083,,False,136.6999969482422,39.70000076293945,2.63498,pressure,2026-07-01 00:00:00+00:00,DWD,ship
Unknown,OZFW2,,False,120.80000305175781,25.700000762939453,1.501759,pressure,2026-07-01 00:00:00+00:00,DWD,ship
Unknown,UBSI9,,False,137.5,44.29999923706055,1.486166,pressure,2026-07-01 00:00:00+00:00,DWD,ship
Unknown,7JMK,,False,-11.800000190734863,30.299999237060547,3.411107,pressure,2026-07-01 00:00:00+00:00,DWD,ship
Unknown,VRRH6,,False,22.0,36.0,0.839074,pressure,2026-07-01 00:00:00+00:00,DWD,ship
Unknown,D5VM3,,False,78.0999984741211,6.400000095367432,0.986609,pressure,2026-07-01 00:00:00+00:00,DWD,ship
Unknown,D5UH8,,False,148.10000610351562,13.300000190734863,1.29794,pressure,2026-07-01 00:00:00+00:00,DWD,ship
Unknown,D5DS2,,False,-74.0999984741211,40.599998474121094,0.660594,pressure,2026-07-01 00:00:00+00:00,DWD,ship
Unknown,CTPC,,False,-25.0,37.900001525878906,2.404294,pressure,2026-07-01 00:00:00+00:00,DWD,ship
Unknown,7JUE,,False,147.39999389648438,-5.400000095367432,0.611211,pressure,2026-07-01 00:00:00+00:00,DWD,ship
Unknown,WDI7810,,False,-138.6999969482422,57.70000076293945,0.560327,pressure,2026-07-01 00:00:00+00:00,DWD,ship
Unknown,3FUA7,,False,8.5,57.5,3.158894,pressure,2026-07-01 00:00:00+00:00,DWD,ship
Unknown,D5CS7,,False,-27.399999618530273,-5.599999904632568,3.097509,pressure,2026-07-01 00:00:00+00:00,DWD,ship
Unknown,7JRP,,False,80.69999694824219,-5.300000190734863,1.487133,pressure,2026-07-01 00:00:00+00:00,DWD,ship
Unknown,H9ML,,False,-103.5999984741211,17.100000381469727,3.10942,pressure,2026-07-01 00:00:00+00:00,DWD,ship
Unknown,WDE4433,,False,-79.0999984741211,26.299999237060547,0.7917,pressure,2026-07-01 00:00:00+00:00,DWD,ship
Unknown,3ELZ4,,False,-51.29999923706055,-36.400001525878906,4.532682,pressure,2026-07-01 00:00:00+00:00,DWD,ship
Unknown,V7CY2,,False,104.9000015258789,2.0,3.720984,pressure,2026-07-01 00:00:00+00:00,DWD,ship
Unknown,7KDG,,False,152.39999389648438,0.6000000238418579,0.544655,pressure,2026-07-01 00:00:00+00:00,DWD,ship
Unknown,3FXI7,,False,-14.5,7.199999809265137,4.082156,pressure,2026-07-01 00:00:00+00:00,DWD,ship
Unknown,7KNV,,False,124.0,21.799999237060547,1.469178,pressure,2026-07-01 00:00:00+00:00,DWD,ship
Unknown,9V2574,,False,123.80000305175781,29.200000762939453,2.074077,pressure,2026-07-01 00:00:00+00:00,DWD,ship
Unknown,V7A7519,,False,24.299999237060547,-34.70000076293945,0.792332,pressure,2026-07-01 00:00:00+00:00,DWD,ship
Unknown,BCYUD8D,,False,-10.5,63.70000076293945,1.481379,pressure,2026-07-01 00:00:00+00:00,DWD,ship
Unknown,V7A6441,,False,97.0999984741211,6.099999904632568,4.098727,pressure,2026-07-01 00:00:00+00:00,DWD,ship
Unknown,C6XC7,,False,146.10000610351562,-8.899999618530273,4.643112,pressure,2026-07-01 00:00:00+00:00,DWD,ship
Unknown,D5UC5,,False,52.5,26.899999618530273,0.520077,pressure,2026-07-01 00:00:00+00:00,DWD,ship
Unknown,3FXW7,,False,-171.6999969482422,49.599998474121094,1.312519,pressure,2026-07-01 00:00:00+00:00,DWD,ship
Unknown,ONLU,,False,147.10000610351562,18.200000762939453,3.05921,pressure,2026-07-01 00:00:00+00:00,DWD,ship
Unknown,VPGKNFU,,False,15.0,44.0,1.085325,pressure,2026-07-01 00:00:00+00:00,DWD,ship
Unknown,ALGOM01,,False,-87.9000015258789,47.5,3.287439,pressure,2026-07-01 00:00:00+00:00,DWD,ship
Unknown,OXLK2,,False,0.6000000238418579,1.399999976158142,3.741051,pressure,2026-07-01 00:00:00+00:00,DWD,ship
Unknown,V7A7277,,False,82.80000305175781,1.5,1.222192,pressure,2026-07-01 00:00:00+00:00,DWD,ship
Unknown,3FOL9,,False,109.4000015258789,16.100000381469727,4.520491,pressure,2026-07-01 00:00:00+00:00,DWD,ship
Unknown,D5BU6,,False,-54.29999923706055,9.399999618530273,1.506886,pressure,2026-07-01 00:00:00+00:00,DWD,ship
Unknown,ONKF,,False,117.19999694824219,-5.599999904632568,1.745878,pressure,2026-07-01 00:00:00+00:00,DWD,ship
Unknown,9V6597,,False,168.1999969482422,47.29999923706055,0.779551,pressure,2026-07-01 00:00:00+00:00,DWD,ship
Unknown,AWIG,,False,83.5,13.399999618530273,2.517114,pressure,2026-07-01 00:00:00+00:00,DWD,ship
Unknown,9HTD9,,False,-178.8000030517578,50.099998474121094,1.974406,pressure,2026-07-01 00:00:00+00:00,DWD,ship
Unknown,C6XP7,,False,23.100000381469727,37.900001525878906,1.934842,pressure,2026-07-01 00:00:00+00:00,DWD,ship
Unknown,AMM8YER,,False,-24.190000534057617,19.5,0.609231,pressure,2026-07-01 00:00:00+00:00,DWD,ship
Unknown,3FAR9,,False,-29.600000381469727,49.79999923706055,0.847157,pressure,2026-07-01 00:00:00+00:00,DWD,ship
Unknown,9V7641,,False,126.0,28.200000762939453,2.377872,pressure,2026-07-01 00:00:00+00:00,DWD,ship
Unknown,ONLX,,False,41.20000076293945,-28.5,1.693529,pressure,2026-07-01 00:00:00+00:00,DWD,ship
Unknown,WDL5512,,False,-137.8000030517578,58.400001525878906,0.467884,pressure,2026-07-01 00:00:00+00:00,DWD,ship
Unknown,5LJY5,,False,1.2000000476837158,-15.600000381469727,0.998513,pressure,2026-07-01 00:00:00+00:00,DWD,ship
Unknown,5LKN3,,False,24.5,-34.599998474121094,1.508684,pressure,2026-07-01 00:00:00+00:00,DWD,ship
Unknown,LF6S,,False,2.940000057220459,60.70000076293945,0.269445,pressure,2026-07-01 00:00:00+00:00,DWD,ship
Unknown,LF8K,,False,1.7000000476837158,58.56999969482422,0.257166,pressure,2026-07-01 00:00:00+00:00,DWD,ship
Unknown,9V7711,,False,52.900001525878906,-21.899999618530273,4.231196,pressure,2026-07-01 00:00:00+00:00,DWD,ship
Unknown,9V7628,,False,-47.400001525878906,-26.799999237060547,3.707076,pressure,2026-07-01 00:00:00+00:00,DWD,ship
Unknown,3E2382,,False,17.600000381469727,-34.099998474121094,2.122579,pressure,2026-07-01 00:00:00+00:00,DWD,ship
Unknown,3EQA4,,False,-34.79999923706055,-13.800000190734863,3.273037,pressure,2026-07-01 00:00:00+00:00,DWD,ship
Unknown,7KKF,,False,178.6999969482422,34.400001525878906,0.472635,pressure,2026-07-01 00:00:00+00:00,DWD,ship
Unknown,9V7627,,False,-48.29999923706055,20.399999618530273,4.150269,pressure,2026-07-01 00:00:00+00:00,DWD,ship
Unknown,VRTV2,,False,-78.69999694824219,11.600000381469727,4.49481,pressure,2026-07-01 00:00:00+00:00,DWD,ship
Unknown,9V7648,,False,111.5,12.699999809265137,2.531707,pressure,2026-07-01 00:00:00+00:00,DWD,ship
Unknown,KPJG,,False,-120.0,34.20000076293945,3.821307,pressure,2026-07-01 00:00:00+00:00,DWD,ship
Unknown,AURC,,False,89.80000305175781,11.699999809265137,3.783106,pressure,2026-07-01 00:00:00+00:00,DWD,ship
Unknown,AMOUK83,,False,-4.900000095367432,52.0,0.471827,pressure,2026-07-01 00:00:00+00:00,DWD,ship
Unknown,C6IA2,,False,-50.5,12.100000381469727,3.323264,pressure,2026-07-01 00:00:00+00:00,DWD,ship
Unknown,C6HZ5,,False,-63.900001525878906,20.5,1.728517,pressure,2026-07-01 00:00:00+00:00,DWD,ship
Unknown,C6HY8,,False,-37.099998474121094,-16.600000381469727,3.630968,pressure,2026-07-01 00:00:00+00:00,DWD,ship
Unknown,VRWA8,,False,45.20000076293945,-27.700000762939453,1.886767,pressure,2026-07-01 00:00:00+00:00,DWD,ship
Unknown,VRWK9,,False,-36.29999923706055,1.899999976158142,0.565792,pressure,2026-07-01 00:00:00+00:00,DWD,ship
Unknown,ONMA,,False,126.69999694824219,13.5,3.743738,pressure,2026-07-01 00:00:00+00:00,DWD,ship
Unknown,UBRW,,False,16.200000762939453,74.80000305175781,3.162387,pressure,2026-07-01 00:00:00+00:00,DWD,ship
Unknown,D5CM8,,False,-13.699999809265137,36.099998474121094,2.283965,pressure,2026-07-01 00:00:00+00:00,DWD,ship
2AAKXNY,0-22000-0-2AAKXNY,USA,True,-4.5,36.0,1.330105,pressure,2026-07-01 00:00:00+00:00,DWD,ship
2AZY7HU,0-22000-0-2AZY7HU,CAN,True,-127.8,50.0,0.209411,pressure,2026-07-01 00:00:00+00:00,DWD,ship
2BD3DVL,0-22000-0-2BD3DVL,DEU,True,86.7,0.3,1.0231,pressure,2026-07-01 00:00:00+00:00,DWD,ship
2BRAZTM,0-22000-0-2BRAZTM,GBR,True,119.23,19.17,0.529131,pressure,2026-07-01 00:00:00+00:00,DWD,ship
2BS5Z3V,0-22000-0-2BS5Z3V,DEU,True,123.09,29.18,0.701148,pressure,2026-07-01 00:00:00+00:00,DWD,ship
2CSUZMA,0-22000-0-2CSUZMA,GBR,True,2.7,52.5,0.489215,pressure,2026-07-01 00:00:00+00:00,DWD,ship
2CXJVYJ,0-22000-0-2CXJVYJ,CAN,True,-67.1,70.4,0.265496,pressure,2026-07-01 00:00:00+00:00,DWD,ship
2DWVJRV,0-22000-0-2DWVJRV,USA,True,-94.6,29.2,0.327177,pressure,2026-07-01 00:00:00+00:00,DWD,ship
2EZQ9ZK,0-22000-0-2EZQ9ZK,USA,True,-0.2,50.2,0.410689,pressure,2026-07-01 00:00:00+00:00,DWD,ship
2FRXYUC,0-22000-0-2FRXYUC,DEU,True,144.7,42.1,0.624416,pressure,2026-07-01 00:00:00+00:00,DWD,ship
2GYVC2G,0-22000-0-2GYVC2G,USA,True,76.4,7.4,1.619164,pressure,2026-07-01 00:00:00+00:00,DWD,ship
2LZ9L7X,0-22000-0-2LZ9L7X,DEU,True,121.0,35.7,0.430355,pressure,2026-07-01 00:00:00+00:00,DWD,ship
2LZAMSL,0-22000-0-2LZAMSL,USA,True,-87.6,47.3,1.866814,pressure,2026-07-01 00:00:00+00:00,DWD,ship
2NCGX3J,0-22000-0-2NCGX3J,USA,True,6.1,62.4,0.463397,pressure,2026-07-01 00:00:00+00:00,DWD,ship
2PARHQU,0-22000-0-2PARHQU,USA,True,-17.8,58.7,2.409934,pressure,2026-07-01 00:00:00+00:00,DWD,ship
2QLQ8PF,0-22000-0-2QLQ8PF,DEU,True,-119.45,-23.24,0.71677,pressure,2026-07-01 00:00:00+00:00,DWD,ship
2QYJW5M,0-22000-0-2QYJW5M,CHN,True,-158.4,36.5,1.486547,pressure,2026-07-01 00:00:00+00:00,DWD,ship
2SV7QST,0-22000-0-2SV7QST,USA,True,-123.9,37.9,0.395979,pressure,2026-07-01 00:00:00+00:00,DWD,ship
2TJG8JX,0-22000-0-2TJG8JX,RUS,True,141.6,47.3,0.65393,pressure,2026-07-01 00:00:00+00:00,DWD,ship
2VWGPGZ,0-22000-0-2VWGPGZ,GBR,True,-5.1,54.0,0.213286,pressure,2026-07-01 00:00:00+00:00,DWD,ship
2WDQB3E,0-22000-0-2WDQB3E,GBR,True,7.1,41.2,0.477178,pressure,2026-07-01 00:00:00+00:00,DWD,ship
2WQ4H4T,0-22000-0-2WQ4H4T,USA,True,-116.6,31.8,1.503918,pressure,2026-07-01 00:00:00+00:00,DWD,ship
2XNA6UU,0-22000-0-2XNA6UU,USA,True,-77.3,25.2,0.460133,pressure,2026-07-01 00:00:00+00:00,DWD,ship
2YMGRVR,0-22000-0-2YMGRVR,USA,True,-64.9,18.3,0.592612,pressure,2026-07-01 00:00:00+00:00,DWD,ship
3AQQXHY,0-22000-0-3AQQXHY,GBR,True,125.5,-14.5,1.035732,pressure,2026-07-01 00:00:00+00:00,DWD,ship
3BBJMML,0-22000-0-3BBJMML,DEU,True,121.2,25.7,0.819025,pressure,2026-07-01 00:00:00+00:00,DWD,ship
3CTUYJF,0-22000-0-3CTUYJF,DEU,True,6.6,55.0,2.593094,pressure,2026-07-01 00:00:00+00:00,DWD,ship
3DZWCKX,0-22000-0-3DZWCKX,DEU,True,8.7,53.9,0.218148,pressure,2026-07-01 00:00:00+00:00,DWD,ship
3EW8ZYM,0-22000-0-3EW8ZYM,USA,True,-124.3,32.3,2.972396,pressure,2026-07-01 00:00:00+00:00,DWD,ship
3GFKKCC,0-22000-0-3GFKKCC,GBR,True,2.1,41.1,0.517327,pressure,2026-07-01 00:00:00+00:00,DWD,ship
3GQ2EHA,0-22000-0-3GQ2EHA,USA,True,76.5,-7.1,4.195406,pressure,2026-07-01 00:00:00+00:00,DWD,ship
3KNJUWA,0-22000-0-3KNJUWA,GBR,True,74.43,8.23,0.604382,pressure,2026-07-01 00:00:00+00:00,DWD,ship
3KVZPZV,0-22000-0-3KVZPZV,JPN,True,-175.5,33.1,1.730733,pressure,2026-07-01 00:00:00+00:00,DWD,ship
3LAMDHG,0-22000-0-3LAMDHG,USA,True,148.7,30.8,0.617734,pressure,2026-07-01 00:00:00+00:00,DWD,ship
3QX2TJH,0-22000-0-3QX2TJH,JPN,True,71.8,12.7,0.553368,pressure,2026-07-01 00:00:00+00:00,DWD,ship
3SG3QTU,0-22000-0-3SG3QTU,DEU,True,116.92,22.05,0.366593,pressure,2026-07-01 00:00:00+00:00,DWD,ship
3SPA4AK,0-22000-0-3SPA4AK,GBR,True,118.18,38.82,0.625682,pressure,2026-07-01 00:00:00+00:00,DWD,ship
3SS4KGF,0-22000-0-3SS4KGF,JPN,True,149.6,-21.0,2.491307,pressure,2026-07-01 00:00:00+00:00,DWD,ship
3TLKHPM,0-22000-0-3TLKHPM,JPN,True,126.6,0.1,2.310868,pressure,2026-07-01 00:00:00+00:00,DWD,ship
3UHJSQE,0-22000-0-3UHJSQE,GBR,True,-5.5,48.3,1.056789,pressure,2026-07-01 00:00:00+00:00,DWD,ship
3URHFMG,0-22000-0-3URHFMG,DEU,True,-31.8,37.3,0.562892,pressure,2026-07-01 00:00:00+00:00,DWD,ship
3URK8QU,0-22000-0-3URK8QU,GRC,True,23.67,37.84,0.219987,pressure,2026-07-01 00:00:00+00:00,DWD,ship
3VULCYK,0-22000-0-3VULCYK,GBR,True,-2.0,58.1,0.218416,pressure,2026-07-01 00:00:00+00:00,DWD,ship
3XCGEYH,0-22000-0-3XCGEYH,AUS,True,156.1,-22.0,0.530868,pressure,2026-07-01 00:00:00+00:00,DWD,ship
3YCGE5K,0-22000-0-3YCGE5K,JPN,True,127.5,9.3,0.538566,pressure,2026-07-01 00:00:00+00:00,DWD,ship
3ZLJERM,0-22000-0-3ZLJERM,DEU,True,20.49,71.9,0.196103,pressure,2026-07-01 00:00:00+00:00,DWD,ship
4BN2PFE,0-22000-0-4BN2PFE,USA,True,-74.8,20.8,1.176013,pressure,2026-07-01 00:00:00+00:00,DWD,ship
4DBBQVF,0-22000-0-4DBBQVF,DEU,True,69.15,10.77,0.392072,pressure,2026-07-01 00:00:00+00:00,DWD,ship
4EEWQMW,0-22000-0-4EEWQMW,ESP,True,-4.77,46.79,0.209432,pressure,2026-07-01 00:00:00+00:00,DWD,ship
4GF9XEL,0-22000-0-4GF9XEL,FRA,True,160.91,-19.42,0.198007,pressure,2026-07-01 00:00:00+00:00,DWD,ship
4JQM68X,0-22000-0-4JQM68X,DEU,True,-24.6,32.9,0.521163,pressure,2026-07-01 00:00:00+00:00,DWD,ship
4JVEJ7U,0-22000-0-4JVEJ7U,USA,True,-16.3,25.0,2.070943,pressure,2026-07-01 00:00:00+00:00,DWD,ship
4JWFDEW,0-22000-0-4JWFDEW,USA,True,12.2,-27.6,0.655987,pressure,2026-07-01 00:00:00+00:00,DWD,ship
4MBUR2D,0-22000-0-4MBUR2D,GBR,True,10.5,57.4,0.304909,pressure,2026-07-01 00:00:00+00:00,DWD,ship
4NFT98V,0-22000-0-4NFT98V,GBR,True,73.9,12.8,1.209464,pressure,2026-07-01 00:00:00+00:00,DWD,ship
4PQFHNJ,0-22000-0-4PQFHNJ,USA,True,-147.5,60.6,1.321178,pressure,2026-07-01 00:00:00+00:00,DWD,ship
4QSMBDL,0-22000-0-4QSMBDL,CHN,True,113.8,21.2,0.732067,pressure,2026-07-01 00:00:00+00:00,DWD,ship
4SLZM4X,0-22000-0-4SLZM4X,USA,True,-75.6,25.1,0.44031,pressure,2026-07-01 00:00:00+00:00,DWD,ship
4SPJQMP,0-22000-0-4SPJQMP,USA,True,-147.3,42.3,0.407988,pressure,2026-07-01 00:00:00+00:00,DWD,ship
4TMH6FE,0-22000-0-4TMH6FE,USA,True,-88.6,25.7,0.433663,pressure,2026-07-01 00:00:00+00:00,DWD,ship
4VKYNVK,0-22000-0-4VKYNVK,GBR,True,-28.8,0.7,1.988983,pressure,2026-07-01 00:00:00+00:00,DWD,ship
4VUMH7Q,0-22000-0-4VUMH7Q,USA,True,154.3,40.4,0.742733,pressure,2026-07-01 00:00:00+00:00,DWD,ship
4WA5A6B,0-22000-0-4WA5A6B,NLD,True,-0.6,36.6,3.8829,pressure,2026-07-01 00:00:00+00:00,DWD,ship
4YGWVDB,0-22000-0-4YGWVDB,DEU,True,8.59,53.5,0.336288,pressure,2026-07-01 00:00:00+00:00,DWD,ship
4YXRFVQ,0-22000-0-4YXRFVQ,DEU,True,122.4,26.8,0.937723,pressure,2026-07-01 00:00:00+00:00,DWD,ship
5AYRH8T,0-22000-0-5AYRH8T,CHN,True,122.6,28.4,1.064588,pressure,2026-07-01 00:00:00+00:00,DWD,ship
5CSD8GG,0-22000-0-5CSD8GG,DEU,True,55.7,-23.6,0.515558,pressure,2026-07-01 00:00:00+00:00,DWD,ship
5GDDVGW,0-22000-0-5GDDVGW,USA,True,-135.4,53.7,0.453866,pressure,2026-07-01 00:00:00+00:00,DWD,ship
5GPZX3T,0-22000-0-5GPZX3T,USA,True,-139.8,59.6,0.27723,pressure,2026-07-01 00:00:00+00:00,DWD,ship
5HXQALD,0-22000-0-5HXQALD,USA,True,-83.1,24.2,0.365015,pressure,2026-07-01 00:00:00+00:00,DWD,ship
5JJRSTK,0-22000-0-5JJRSTK,USA,True,-122.4,47.6,0.462976,pressure,2026-07-01 00:00:00+00:00,DWD,ship
5LACGKH,0-22000-0-5LACGKH,USA,True,-155.8,42.6,1.185494,pressure,2026-07-01 00:00:00+00:00,DWD,ship
5MGXH3D,0-22000-0-5MGXH3D,GBR,True,114.7,21.5,0.717028,pressure,2026-07-01 00:00:00+00:00,DWD,ship
5PN437J,0-22000-0-5PN437J,USA,True,-73.1,46.0,1.320157,pressure,2026-07-01 00:00:00+00:00,DWD,ship
5PTF7PM,0-22000-0-5PTF7PM,USA,True,-79.6,32.4,1.287262,pressure,2026-07-01 00:00:00+00:00,DWD,ship
5SCGFYE,0-22000-0-5SCGFYE,USA,True,-16.6,63.3,0.380931,pressure,2026-07-01 00:00:00+00:00,DWD,ship
5SZ5KPT,0-22000-0-5SZ5KPT,GBR,True,2.5,53.4,0.26308,pressure,2026-07-01 00:00:00+00:00,DWD,ship
5UK4TAQ,0-22000-0-5UK4TAQ,FRA,True,-2.6,47.01,0.205227,pressure,2026-07-01 00:00:00+00:00,DWD,ship
5YP6DQU,0-22000-0-5YP6DQU,USA,True,-75.1,39.9,0.468221,pressure,2026-07-01 00:00:00+00:00,DWD,ship
5ZFCGVF,0-22000-0-5ZFCGVF,USA,True,105.2,1.4,4.386611,pressure,2026-07-01 00:00:00+00:00,DWD,ship
6CJW4YP,0-22000-0-6CJW4YP,USA,True,58.5,19.8,3.550564,pressure,2026-07-01 00:00:00+00:00,DWD,ship
6DB5WXD,0-22000-0-6DB5WXD,USA,True,-90.5,30.0,0.275386,pressure,2026-07-01 00:00:00+00:00,DWD,ship
6DXK4FT,0-22000-0-6DXK4FT,DEU,True,77.5,7.3,0.362408,pressure,2026-07-01 00:00:00+00:00,DWD,ship
6ENH7YX,0-22000-0-6ENH7YX,DEU,True,11.7,-4.7,0.892823,pressure,2026-07-01 00:00:00+00:00,DWD,ship
6EXH2EA,0-22000-0-6EXH2EA,JPN,True,123.0,23.8,0.455403,pressure,2026-07-01 00:00:00+00:00,DWD,ship
6FTK8KL,0-22000-0-6FTK8KL,USA,True,-80.1,26.1,0.321067,pressure,2026-07-01 00:00:00+00:00,DWD,ship
6JQBUAG,0-22000-0-6JQBUAG,DEU,True,9.9,44.0,0.452216,pressure,2026-07-01 00:00:00+00:00,DWD,ship
6KQVUHV,0-22000-0-6KQVUHV,USA,True,150.2,-37.6,1.184472,pressure,2026-07-01 00:00:00+00:00,DWD,ship
6MDRL5U,0-22000-0-6MDRL5U,USA,True,-79.1,26.1,0.457579,pressure,2026-07-01 00:00:00+00:00,DWD,ship
6QAAXSZ,0-22000-0-6QAAXSZ,USA,True,-150.7,36.2,2.860394,pressure,2026-07-01 00:00:00+00:00,DWD,ship
6STYNMM,0-22000-0-6STYNMM,USA,True,54.0,16.9,0.433152,pressure,2026-07-01 00:00:00+00:00,DWD,ship
6TMQSVJ,0-22000-0-6TMQSVJ,USA,True,115.6,7.3,0.425914,pressure,2026-07-01 00:00:00+00:00,DWD,ship
6VN7DSN,0-22000-0-6VN7DSN,USA,True,-134.0,58.0,1.257895,pressure,2026-07-01 00:00:00+00:00,DWD,ship
6WCH42R,0-22000-0-6WCH42R,JPN,True,126.9,15.7,1.787187,pressure,2026-07-01 00:00:00+00:00,DWD,ship
7AEXY4L,0-22000-0-7AEXY4L,DEU,True,-163.0,17.1,0.604522,pressure,2026-07-01 00:00:00+00:00,DWD,ship
7AL72XF,0-22000-0-7AL72XF,GBR,True,100.2,11.2,0.958867,pressure,2026-07-01 00:00:00+00:00,DWD,ship
7BK2MPH,0-22000-0-7BK2MPH,USA,True,-134.4,58.3,0.433846,pressure,2026-07-01 00:00:00+00:00,DWD,ship
7BYUJ6M,0-22000-0-7BYUJ6M,CHN,True,26.8,39.0,2.784571,pressure,2026-07-01 00:00:00+00:00,DWD,ship
7FBCBNQ,0-22000-0-7FBCBNQ,GBR,True,-55.4,58.9,0.312873,pressure,2026-07-01 00:00:00+00:00,DWD,ship
7FTKJ5Y,0-22000-0-7FTKJ5Y,NOR,True,18.49,71.39,0.225451,pressure,2026-07-01 00:00:00+00:00,DWD,ship
7GBN9QD,0-22000-0-7GBN9QD,GBR,True,-94.2,27.4,0.840741,pressure,2026-07-01 00:00:00+00:00,DWD,ship
7GMP8KL,0-22000-0-7GMP8KL,DEU,True,-18.3,21.1,1.120125,pressure,2026-07-01 00:00:00+00:00,DWD,ship
7HNGHJV,0-22000-0-7HNGHJV,USA,True,-121.5,35.1,1.442461,pressure,2026-07-01 00:00:00+00:00,DWD,ship
7JXTK9Z,0-22000-0-7JXTK9Z,DEU,True,-80.43,2.48,0.302432,pressure,2026-07-01 00:00:00+00:00,DWD,ship
7LLZZWH,0-22000-0-7LLZZWH,GBR,True,3.1,55.8,1.063441,pressure,2026-07-01 00:00:00+00:00,DWD,ship
7LZRVLB,0-22000-0-7LZRVLB,DEU,True,96.09,5.8,0.507372,pressure,2026-07-01 00:00:00+00:00,DWD,ship
7RRTWNA,0-22000-0-7RRTWNA,USA,True,-86.5,43.9,1.793926,pressure,2026-07-01 00:00:00+00:00,DWD,ship
7TN5LMQ,0-22000-0-7TN5LMQ,DEU,True,-42.7,3.5,0.881642,pressure,2026-07-01 00:00:00+00:00,DWD,ship
7UC984N,0-22000-0-7UC984N,USA,True,128.1,33.3,0.074624,pressure,2026-07-01 00:00:00+00:00,DWD,ship
7VCSW9W,0-22000-0-7VCSW9W,DEU,True,-5.54,35.86,0.257801,pressure,2026-07-01 00:00:00+00:00,DWD,ship
7VNM4HY,0-22000-0-7VNM4HY,USA,True,-85.0,45.8,2.573817,pressure,2026-07-01 00:00:00+00:00,DWD,ship
7WFBSAS,0-22000-0-7WFBSAS,GBR,True,16.6,36.1,0.546625,pressure,2026-07-01 00:00:00+00:00,DWD,ship
7WUPUSN,0-22000-0-7WUPUSN,GBR,True,-77.2,-11.98,0.677604,pressure,2026-07-01 00:00:00+00:00,DWD,ship
7ZDTFTB,0-22000-0-7ZDTFTB,USA,True,63.4,-22.6,1.819932,pressure,2026-07-01 00:00:00+00:00,DWD,ship
7ZT64PA,0-22000-0-7ZT64PA,GBR,True,11.8,54.4,0.696696,pressure,2026-07-01 00:00:00+00:00,DWD,ship
8BRDGRB,0-22000-0-8BRDGRB,USA,True,-18.2,19.7,4.160544,pressure,2026-07-01 00:00:00+00:00,DWD,ship
8BVMQRP,0-22000-0-8BVMQRP,GBR,True,7.1,54.1,0.421242,pressure,2026-07-01 00:00:00+00:00,DWD,ship
8BYNCRU,0-22000-0-8BYNCRU,JPN,True,144.5,0.7,0.573765,pressure,2026-07-01 00:00:00+00:00,DWD,ship
8HK3C4K,0-22000-0-8HK3C4K,GBR,True,-107.8,23.0,1.298411,pressure,2026-07-01 00:00:00+00:00,DWD,ship
8HSLGBQ,0-22000-0-8HSLGBQ,USA,True,-81.4,24.1,0.419044,pressure,2026-07-01 00:00:00+00:00,DWD,ship
8JC9EXU,0-22000-0-8JC9EXU,GBR,True,-66.1,18.4,1.321601,pressure,2026-07-01 00:00:00+00:00,DWD,ship
8MNR36T,0-22000-0-8MNR36T,USA,True,-11.5,42.7,3.094295,pressure,2026-07-01 00:00:00+00:00,DWD,ship
8PJFUZP,0-22000-0-8PJFUZP,USA,True,-77.3,25.0,2.671717,pressure,2026-07-01 00:00:00+00:00,DWD,ship
8PP5D3T,0-22000-0-8PP5D3T,USA,True,56.7,7.8,2.659823,pressure,2026-07-01 00:00:00+00:00,DWD,ship
8QVU8QS,0-22000-0-8QVU8QS,CAN,True,-80.0,45.3,0.440252,pressure,2026-07-01 00:00:00+00:00,DWD,ship
8RY96WF,0-22000-0-8RY96WF,DEU,True,12.09,54.11,0.249745,pressure,2026-07-01 00:00:00+00:00,DWD,ship
8SYCDWX,0-22000-0-8SYCDWX,GBR,True,-5.1,53.9,0.893994,pressure,2026-07-01 00:00:00+00:00,DWD,ship
8UGPBRS,0-22000-0-8UGPBRS,JPN,True,-51.6,-33.8,4.558508,pressure,2026-07-01 00:00:00+00:00,DWD,ship
8UYAXES,0-22000-0-8UYAXES,JPN,True,44.2,-27.5,3.59224,pressure,2026-07-01 00:00:00+00:00,DWD,ship
8VBJFPE,0-22000-0-8VBJFPE,DEU,True,3.7,52.2,0.682769,pressure,2026-07-01 00:00:00+00:00,DWD,ship
8ZMBQGS,0-22000-0-8ZMBQGS,GBR,True,84.33,5.58,0.707177,pressure,2026-07-01 00:00:00+00:00,DWD,ship
9BPEC7P,0-22000-0-9BPEC7P,DEU,True,-61.2,42.8,0.805465,pressure,2026-07-01 00:00:00+00:00,DWD,ship
9EPE7CW,0-22000-0-9EPE7CW,DEU,True,114.12,22.34,0.440468,pressure,2026-07-01 00:00:00+00:00,DWD,ship
9FH9R4Q,0-22000-0-9FH9R4Q,GBR,True,4.2,53.0,0.893635,pressure,2026-07-01 00:00:00+00:00,DWD,ship
9FV386K,0-22000-0-9FV386K,GBR,True,134.5,38.8,4.138484,pressure,2026-07-01 00:00:00+00:00,DWD,ship
9GEUABU,0-22000-0-9GEUABU,USA,True,-58.3,10.8,0.917403,pressure,2026-07-01 00:00:00+00:00,DWD,ship
9KWZWXB,0-22000-0-9KWZWXB,USA,True,-93.7,29.6,0.787426,pressure,2026-07-01 00:00:00+00:00,DWD,ship
9MH8YXA,0-22000-0-9MH8YXA,USA,True,-57.9,46.9,2.375913,pressure,2026-07-01 00:00:00+00:00,DWD,ship
9QLJ93G,0-22000-0-9QLJ93G,GBR,True,2.0,51.8,0.69429,pressure,2026-07-01 00:00:00+00:00,DWD,ship
9RDQXPM,0-22000-0-9RDQXPM,DEU,True,67.0,14.5,1.08442,pressure,2026-07-01 00:00:00+00:00,DWD,ship
9RM2K8C,0-22000-0-9RM2K8C,DEU,True,-157.46,-25.9,0.473593,pressure,2026-07-01 00:00:00+00:00,DWD,ship
9SCUKEL,0-22000-0-9SCUKEL,DEU,True,110.5,15.0,0.66365,pressure,2026-07-01 00:00:00+00:00,DWD,ship
9TEJ7PH,0-22000-0-9TEJ7PH,USA,True,-179.2,53.3,1.467461,pressure,2026-07-01 00:00:00+00:00,DWD,ship
9UKQT2W,0-22000-0-9UKQT2W,USA,True,86.4,10.4,0.27498,pressure,2026-07-01 00:00:00+00:00,DWD,ship
9WLHGYN,0-22000-0-9WLHGYN,CHN,True,122.2,30.1,0.707112,pressure,2026-07-01 00:00:00+00:00,DWD,ship
9WZNT2D,0-22000-0-9WZNT2D,USA,True,-89.0,47.6,2.385486,pressure,2026-07-01 00:00:00+00:00,DWD,ship
9XSLPBA,0-22000-0-9XSLPBA,GBR,True,-7.1,57.6,0.527402,pressure,2026-07-01 00:00:00+00:00,DWD,ship
9ZM7D9G,0-22000-0-9ZM7D9G,DEU,True,-14.7,29.4,0.734678,pressure,2026-07-01 00:00:00+00:00,DWD,ship
AAFZU2S,0-22000-0-AAFZU2S,JPN,True,98.6,5.1,1.8217,pressure,2026-07-01 00:00:00+00:00,DWD,ship
AAG94PY,0-22000-0-AAG94PY,USA,True,-155.8,46.6,2.000121,pressure,2026-07-01 00:00:00+00:00,DWD,ship
ABR9RDM,0-22000-0-ABR9RDM,GBR,True,126.9,33.8,0.408465,pressure,2026-07-01 00:00:00+00:00,DWD,ship
ABXFLRZ,0-22000-0-ABXFLRZ,CHN,True,123.0,29.1,0.726573,pressure,2026-07-01 00:00:00+00:00,DWD,ship
ADC9EHA,0-22000-0-ADC9EHA,CAN,True,-133.7,68.3,0.180446,pressure,2026-07-01 00:00:00+00:00,DWD,ship
ADFBKUM,0-22000-0-ADFBKUM,FRA,True,1.38,39.68,0.212369,pressure,2026-07-01 00:00:00+00:00,DWD,ship
ADKSZ4M,0-22000-0-ADKSZ4M,USA,True,-86.4,44.5,0.68502,pressure,2026-07-01 00:00:00+00:00,DWD,ship
AFGBLMY,0-22000-0-AFGBLMY,FRA,True,121.75,25.15,0.161391,pressure,2026-07-01 00:00:00+00:00,DWD,ship
AFHXZFY,0-22000-0-AFHXZFY,DEU,True,162.7,50.2,0.565396,pressure,2026-07-01 00:00:00+00:00,DWD,ship
AGUUBJB,0-22000-0-AGUUBJB,GBR,True,1.7,52.4,0.1851,pressure,2026-07-01 00:00:00+00:00,DWD,ship
AHSBERV,0-22000-0-AHSBERV,GBR,True,-14.1,39.5,0.693952,pressure,2026-07-01 00:00:00+00:00,DWD,ship
AHUV4ZH,0-22000-0-AHUV4ZH,GBR,True,104.15,1.3,0.679034,pressure,2026-07-01 00:00:00+00:00,DWD,ship
AKNQJ6N,0-22000-0-AKNQJ6N,DEU,True,123.0,33.76,0.462669,pressure,2026-07-01 00:00:00+00:00,DWD,ship
AKYGMVU,0-22000-0-AKYGMVU,USA,True,5.5,62.4,0.47662,pressure,2026-07-01 00:00:00+00:00,DWD,ship
AMFUURA,0-22000-0-AMFUURA,USA,True,177.7,54.2,1.216449,pressure,2026-07-01 00:00:00+00:00,DWD,ship
APF6KYJ,0-22000-0-APF6KYJ,JPN,True,-79.4,10.3,0.716878,pressure,2026-07-01 00:00:00+00:00,DWD,ship
ARCGM3F,0-22000-0-ARCGM3F,GBR,True,-123.3,48.3,0.708992,pressure,2026-07-01 00:00:00+00:00,DWD,ship
AST6UGQ,0-22000-0-AST6UGQ,,True,-50.28,69.77,0.230159,pressure,2026-07-01 00:00:00+00:00,DWD,ship
ATR9M5U,0-22000-0-ATR9M5U,GBR,True,-3.1,36.1,0.725246,pressure,2026-07-01 00:00:00+00:00,DWD,ship
AUPT2LY,0-22000-0-AUPT2LY,USA,True,-118.2,33.7,0.803057,pressure,2026-07-01 00:00:00+00:00,DWD,ship
AVFT4ZG,0-22000-0-AVFT4ZG,USA,True,-122.8,48.8,1.83311,pressure,2026-07-01 00:00:00+00:00,DWD,ship
AWKGDPZ,0-22000-0-AWKGDPZ,USA,True,154.4,40.4,0.330598,pressure,2026-07-01 00:00:00+00:00,DWD,ship
AWZ5ZYM,0-22000-0-AWZ5ZYM,USA,True,161.7,43.3,2.584013,pressure,2026-07-01 00:00:00+00:00,DWD,ship
AXMXBAV,0-22000-0-AXMXBAV,JPN,True,120.1,38.7,1.095026,pressure,2026-07-01 00:00:00+00:00,DWD,ship
AXNSWNE,0-22000-0-AXNSWNE,USA,True,-98.2,15.0,2.165202,pressure,2026-07-01 00:00:00+00:00,DWD,ship
AXQPKJT,0-22000-0-AXQPKJT,DEU,True,41.1,-29.8,0.567327,pressure,2026-07-01 00:00:00+00:00,DWD,ship
AZAN2YQ,0-22000-0-AZAN2YQ,GBR,True,-36.3,47.5,3.968552,pressure,2026-07-01 00:00:00+00:00,DWD,ship
AZGM4MC,0-22000-0-AZGM4MC,DEU,True,17.0,-32.1,0.584868,pressure,2026-07-01 00:00:00+00:00,DWD,ship
BFUGCQQ,0-22000-0-BFUGCQQ,GBR,True,-62.7,17.5,1.290351,pressure,2026-07-01 00:00:00+00:00,DWD,ship
BGT9CMU,0-22000-0-BGT9CMU,NLD,True,-22.99,73.26,0.353192,pressure,2026-07-01 00:00:00+00:00,DWD,ship
BGX9GKC,0-22000-0-BGX9GKC,USA,True,166.3,50.3,4.908589,pressure,2026-07-01 00:00:00+00:00,DWD,ship
BHMXU4J,0-22000-0-BHMXU4J,RUS,True,41.4,67.5,0.394611,pressure,2026-07-01 00:00:00+00:00,DWD,ship
BJKUBKR,0-22000-0-BJKUBKR,GBR,True,42.1,-16.7,1.132903,pressure,2026-07-01 00:00:00+00:00,DWD,ship
BKJVVNB,0-22000-0-BKJVVNB,USA,True,-82.7,44.1,0.824885,pressure,2026-07-01 00:00:00+00:00,DWD,ship
BLGYZ9B,0-22000-0-BLGYZ9B,USA,True,-155.6,50.9,0.874611,pressure,2026-07-01 00:00:00+00:00,DWD,ship
BLSFV3U,0-22000-0-BLSFV3U,DEU,True,-137.03,-19.42,0.218532,pressure,2026-07-01 00:00:00+00:00,DWD,ship
BMC5FFA,0-22000-0-BMC5FFA,USA,True,-162.5,55.9,0.515399,pressure,2026-07-01 00:00:00+00:00,DWD,ship
BMXTGKN,0-22000-0-BMXTGKN,DEU,True,-12.1,40.2,0.954002,pressure,2026-07-01 00:00:00+00:00,DWD,ship
BNP3S5X,0-22000-0-BNP3S5X,CHN,True,123.4,30.5,1.5375,pressure,2026-07-01 00:00:00+00:00,DWD,ship
BPB8WBP,0-22000-0-BPB8WBP,FRA,True,-9.8,40.33,0.255598,pressure,2026-07-01 00:00:00+00:00,DWD,ship
BPLQB6H,0-22000-0-BPLQB6H,USA,True,139.6,35.4,0.295095,pressure,2026-07-01 00:00:00+00:00,DWD,ship
BQMJEGA,0-22000-0-BQMJEGA,GBR,True,112.2,14.6,1.61117,pressure,2026-07-01 00:00:00+00:00,DWD,ship
BUS7B7V,0-22000-0-BUS7B7V,CHN,True,112.4,13.1,3.426647,pressure,2026-07-01 00:00:00+00:00,DWD,ship
BXUB9CC,0-22000-0-BXUB9CC,USA,True,161.4,46.3,2.098015,pressure,2026-07-01 00:00:00+00:00,DWD,ship
CAA7ZYT,0-22000-0-CAA7ZYT,USA,True,-164.6,54.9,1.373608,pressure,2026-07-01 00:00:00+00:00,DWD,ship
CACLJRJ,0-22000-0-CACLJRJ,USA,True,-103.0,13.7,0.925712,pressure,2026-07-01 00:00:00+00:00,DWD,ship
CCM93RR,0-22000-0-CCM93RR,DEU,True,-94.7,13.5,1.364247,pressure,2026-07-01 00:00:00+00:00,DWD,ship
CDSZ8ZL,0-22000-0-CDSZ8ZL,DEU,True,63.69,-12.59,0.276819,pressure,2026-07-01 00:00:00+00:00,DWD,ship
CEGFKXA,0-22000-0-CEGFKXA,USA,True,4.9,56.3,2.960231,pressure,2026-07-01 00:00:00+00:00,DWD,ship
CFPNY8Y,0-22000-0-CFPNY8Y,DEU,True,59.5,-23.5,0.557748,pressure,2026-07-01 00:00:00+00:00,DWD,ship
CGF6VCT,0-22000-0-CGF6VCT,GBR,True,-26.2,5.7,0.699034,pressure,2026-07-01 00:00:00+00:00,DWD,ship
CJUPDZS,0-22000-0-CJUPDZS,DEU,True,45.4,-11.5,1.124596,pressure,2026-07-01 00:00:00+00:00,DWD,ship
CJZGLZR,0-22000-0-CJZGLZR,USA,True,-122.4,47.7,0.258725,pressure,2026-07-01 00:00:00+00:00,DWD,ship
CMFFKPS,0-22000-0-CMFFKPS,JPN,True,-150.6,43.8,0.816296,pressure,2026-07-01 00:00:00+00:00,DWD,ship
CMZ6JJD,0-22000-0-CMZ6JJD,DEU,True,114.33,21.8,0.301339,pressure,2026-07-01 00:00:00+00:00,DWD,ship
CNGUSYM,0-22000-0-CNGUSYM,FRA,True,-3.37,47.73,0.329267,pressure,2026-07-01 00:00:00+00:00,DWD,ship
CRRPEZE,0-22000-0-CRRPEZE,NLD,True,98.3,4.9,0.40467,pressure,2026-07-01 00:00:00+00:00,DWD,ship
CSEWDHY,0-22000-0-CSEWDHY,DEU,True,158.9,35.1,0.518022,pressure,2026-07-01 00:00:00+00:00,DWD,ship
CSJUY3X,0-22000-0-CSJUY3X,DEU,True,1.9,56.6,1.280076,pressure,2026-07-01 00:00:00+00:00,DWD,ship
CUTTZTW,0-22000-0-CUTTZTW,USA,True,-122.2,38.0,0.255732,pressure,2026-07-01 00:00:00+00:00,DWD,ship
CVTKCAL,0-22000-0-CVTKCAL,DEU,True,9.4,53.84,0.202255,pressure,2026-07-01 00:00:00+00:00,DWD,ship
CYDN8YQ,0-22000-0-CYDN8YQ,USA,True,-82.4,43.1,0.279615,pressure,2026-07-01 00:00:00+00:00,DWD,ship
DBEYF2H,0-22000-0-DBEYF2H,USA,True,-75.1,38.9,2.298862,pressure,2026-07-01 00:00:00+00:00,DWD,ship
DEQTGZT,0-22000-0-DEQTGZT,USA,True,-99.9,13.0,4.492297,pressure,2026-07-01 00:00:00+00:00,DWD,ship
DGKQDDK,0-22000-0-DGKQDDK,USA,True,-157.8,21.3,5.162018,pressure,2026-07-01 00:00:00+00:00,DWD,ship
DGTHCFK,0-22000-0-DGTHCFK,AUS,True,125.3,-7.8,0.512184,pressure,2026-07-01 00:00:00+00:00,DWD,ship
DJWPQ7D,0-22000-0-DJWPQ7D,DEU,True,-74.16,-41.34,0.42802,pressure,2026-07-01 00:00:00+00:00,DWD,ship
DJXYQXH,0-22000-0-DJXYQXH,DEU,True,8.55,53.57,0.232853,pressure,2026-07-01 00:00:00+00:00,DWD,ship
DKBM5NX,0-22000-0-DKBM5NX,USA,True,55.4,1.3,0.548186,pressure,2026-07-01 00:00:00+00:00,DWD,ship
DKY5WDR,0-22000-0-DKY5WDR,USA,True,-87.4,44.0,3.08218,pressure,2026-07-01 00:00:00+00:00,DWD,ship
DLGUWWY,0-22000-0-DLGUWWY,USA,True,-124.7,38.3,1.26963,pressure,2026-07-01 00:00:00+00:00,DWD,ship
DPVMZPV,0-22000-0-DPVMZPV,GBR,True,1.2,51.9,0.185589,pressure,2026-07-01 00:00:00+00:00,DWD,ship
DQK8J5P,0-22000-0-DQK8J5P,USA,True,-80.1,26.0,0.310191,pressure,2026-07-01 00:00:00+00:00,DWD,ship
DRMLC3P,0-22000-0-DRMLC3P,USA,True,-136.5,58.2,0.832896,pressure,2026-07-01 00:00:00+00:00,DWD,ship
DTHTG6W,0-22000-0-DTHTG6W,USA,True,-76.2,34.1,0.382667,pressure,2026-07-01 00:00:00+00:00,DWD,ship
DWJ569M,0-22000-0-DWJ569M,NLD,True,-54.87,-61.09,0.366606,pressure,2026-07-01 00:00:00+00:00,DWD,ship
DXJDDUT,0-22000-0-DXJDDUT,USA,True,-124.3,49.5,0.290044,pressure,2026-07-01 00:00:00+00:00,DWD,ship
DXUNUAB,0-22000-0-DXUNUAB,DEU,True,8.22,54.0,0.292858,pressure,2026-07-01 00:00:00+00:00,DWD,ship
DYBJBBS,0-22000-0-DYBJBBS,DEU,True,101.58,2.45,0.29303,pressure,2026-07-01 00:00:00+00:00,DWD,ship
DYH328C,0-22000-0-DYH328C,CHN,True,106.4,5.0,0.851178,pressure,2026-07-01 00:00:00+00:00,DWD,ship
DZKHWHF,0-22000-0-DZKHWHF,GBR,True,-125.6,48.6,0.832995,pressure,2026-07-01 00:00:00+00:00,DWD,ship
EAP62ZH,0-22000-0-EAP62ZH,AUS,True,-121.7,-11.9,0.376295,pressure,2026-07-01 00:00:00+00:00,DWD,ship
ECVF5RL,0-22000-0-ECVF5RL,USA,True,-122.5,48.5,0.394035,pressure,2026-07-01 00:00:00+00:00,DWD,ship
EDU53ER,0-22000-0-EDU53ER,DEU,True,126.4,33.7,0.929422,pressure,2026-07-01 00:00:00+00:00,DWD,ship
EECHNAZ,0-22000-0-EECHNAZ,GBR,True,-1.1,60.1,0.36412,pressure,2026-07-01 00:00:00+00:00,DWD,ship
EHHTB7Q,0-22000-0-EHHTB7Q,DEU,True,8.58,53.53,0.412501,pressure,2026-07-01 00:00:00+00:00,DWD,ship
ENA9WHE,0-22000-0-ENA9WHE,GBR,True,-3.4,53.5,0.539959,pressure,2026-07-01 00:00:00+00:00,DWD,ship
ERDNLZH,0-22000-0-ERDNLZH,GBR,True,-48.3,-26.1,0.595942,pressure,2026-07-01 00:00:00+00:00,DWD,ship
ESMT8LW,0-22000-0-ESMT8LW,DEU,True,9.9,53.5,0.2553,pressure,2026-07-01 00:00:00+00:00,DWD,ship
EVB84QF,0-22000-0-EVB84QF,JPN,True,135.7,18.0,2.292915,pressure,2026-07-01 00:00:00+00:00,DWD,ship
EVCW4PL,0-22000-0-EVCW4PL,USA,True,-6.6,43.8,4.272055,pressure,2026-07-01 00:00:00+00:00,DWD,ship
EZEWVFD,0-22000-0-EZEWVFD,DEU,True,6.5,55.0,0.192033,pressure,2026-07-01 00:00:00+00:00,DWD,ship
FBCDXPH,0-22000-0-FBCDXPH,USA,True,104.0,1.3,0.575809,pressure,2026-07-01 00:00:00+00:00,DWD,ship
FCNAXPE,0-22000-0-FCNAXPE,USA,True,-60.0,-3.1,1.144014,pressure,2026-07-01 00:00:00+00:00,DWD,ship
FDYBNVH,0-22000-0-FDYBNVH,JPN,True,139.8,11.8,0.754556,pressure,2026-07-01 00:00:00+00:00,DWD,ship
FDYHQ7G,0-22000-0-FDYHQ7G,USA,True,126.3,33.6,2.127169,pressure,2026-07-01 00:00:00+00:00,DWD,ship
FFACGMV,0-22000-0-FFACGMV,USA,True,53.9,-20.5,2.605059,pressure,2026-07-01 00:00:00+00:00,DWD,ship
FFXYEPC,0-22000-0-FFXYEPC,GBR,True,-18.5,18.3,0.473987,pressure,2026-07-01 00:00:00+00:00,DWD,ship
FGY2LLN,0-22000-0-FGY2LLN,DEU,True,110.4,14.9,1.531304,pressure,2026-07-01 00:00:00+00:00,DWD,ship
FHEJPYS,0-22000-0-FHEJPYS,DEU,True,-87.76,22.33,0.305507,pressure,2026-07-01 00:00:00+00:00,DWD,ship
FHFAAKL,0-22000-0-FHFAAKL,USA,True,-118.2,33.7,1.884858,pressure,2026-07-01 00:00:00+00:00,DWD,ship
FLUMX9U,0-22000-0-FLUMX9U,DEU,True,-77.36,3.81,0.320626,pressure,2026-07-01 00:00:00+00:00,DWD,ship
FNTPTJK,0-22000-0-FNTPTJK,JPN,True,89.4,1.4,3.169026,pressure,2026-07-01 00:00:00+00:00,DWD,ship
FTN49LX,0-22000-0-FTN49LX,DEU,True,-17.83,15.14,0.310655,pressure,2026-07-01 00:00:00+00:00,DWD,ship
FVWV6KQ,0-22000-0-FVWV6KQ,USA,True,67.0,-17.2,3.610389,pressure,2026-07-01 00:00:00+00:00,DWD,ship
FXNTUBE,0-22000-0-FXNTUBE,USA,True,-64.8,10.2,3.911328,pressure,2026-07-01 00:00:00+00:00,DWD,ship
FYTT4LF,0-22000-0-FYTT4LF,FRA,True,6.9,42.51,0.268913,pressure,2026-07-01 00:00:00+00:00,DWD,ship
FZHNAMM,0-22000-0-FZHNAMM,JPN,True,-173.7,44.2,0.647645,pressure,2026-07-01 00:00:00+00:00,DWD,ship
FZM4LKN,0-22000-0-FZM4LKN,JPN,True,121.8,-11.7,0.523038,pressure,2026-07-01 00:00:00+00:00,DWD,ship
FZZPP9W,0-22000-0-FZZPP9W,JPN,True,138.9,40.8,0.607833,pressure,2026-07-01 00:00:00+00:00,DWD,ship
FZZSY7Y,0-22000-0-FZZSY7Y,USA,True,-118.2,33.7,0.366012,pressure,2026-07-01 00:00:00+00:00,DWD,ship
GDQFZQB,0-22000-0-GDQFZQB,GBR,True,-1.3,50.8,0.165924,pressure,2026-07-01 00:00:00+00:00,DWD,ship
GDQMGEU,0-22000-0-GDQMGEU,GBR,True,-154.8,45.7,0.346698,pressure,2026-07-01 00:00:00+00:00,DWD,ship
GEDPCVR,0-22000-0-GEDPCVR,USA,True,-90.8,27.9,0.348478,pressure,2026-07-01 00:00:00+00:00,DWD,ship
GERXYPF,0-22000-0-GERXYPF,USA,True,-91.3,31.8,0.215769,pressure,2026-07-01 00:00:00+00:00,DWD,ship
GFBVGRG,0-22000-0-GFBVGRG,USA,True,-74.5,18.2,1.036083,pressure,2026-07-01 00:00:00+00:00,DWD,ship
GFHVFGW,0-22000-0-GFHVFGW,USA,True,22.9,39.3,2.18863,pressure,2026-07-01 00:00:00+00:00,DWD,ship
GFJAUUY,0-22000-0-GFJAUUY,USA,True,-91.6,21.4,1.458271,pressure,2026-07-01 00:00:00+00:00,DWD,ship
GGG5XFX,0-22000-0-GGG5XFX,USA,True,-146.3,61.1,0.564315,pressure,2026-07-01 00:00:00+00:00,DWD,ship
GGJMKMV,0-22000-0-GGJMKMV,USA,True,-76.3,36.9,0.43667,pressure,2026-07-01 00:00:00+00:00,DWD,ship
GGSYDFS,0-22000-0-GGSYDFS,DEU,True,-169.3,47.2,0.386909,pressure,2026-07-01 00:00:00+00:00,DWD,ship
GHAT7WD,0-22000-0-GHAT7WD,DEU,True,86.9,0.7,1.097883,pressure,2026-07-01 00:00:00+00:00,DWD,ship
GHECEWE,0-22000-0-GHECEWE,USA,True,-140.4,40.2,0.351458,pressure,2026-07-01 00:00:00+00:00,DWD,ship
GHM629S,0-22000-0-GHM629S,GBR,True,-38.0,-16.9,3.69667,pressure,2026-07-01 00:00:00+00:00,DWD,ship
GLLU3AN,0-22000-0-GLLU3AN,GBR,True,-86.9,20.4,0.712917,pressure,2026-07-01 00:00:00+00:00,DWD,ship
GNSBFRR,0-22000-0-GNSBFRR,JPN,True,121.0,21.3,2.936118,pressure,2026-07-01 00:00:00+00:00,DWD,ship
GPP23MW,0-22000-0-GPP23MW,DEU,True,18.79,69.57,0.289156,pressure,2026-07-01 00:00:00+00:00,DWD,ship
GUGXE8G,0-22000-0-GUGXE8G,DEU,True,62.7,20.2,1.037681,pressure,2026-07-01 00:00:00+00:00,DWD,ship
GVN783R,0-22000-0-GVN783R,USA,True,-119.2,34.0,4.72878,pressure,2026-07-01 00:00:00+00:00,DWD,ship
GVP6FDQ,0-22000-0-GVP6FDQ,FRA,True,6.86,56.05,0.273539,pressure,2026-07-01 00:00:00+00:00,DWD,ship
GVQ3FBM,0-22000-0-GVQ3FBM,USA,True,112.3,12.1,3.430809,pressure,2026-07-01 00:00:00+00:00,DWD,ship
GXDFFHB,0-22000-0-GXDFFHB,GBR,True,-164.4,38.4,1.066811,pressure,2026-07-01 00:00:00+00:00,DWD,ship
GXULPAV,0-22000-0-GXULPAV,DEU,True,35.4,-30.9,0.458337,pressure,2026-07-01 00:00:00+00:00,DWD,ship
GZU6L8G,0-22000-0-GZU6L8G,DEU,True,-0.3,-13.6,0.564896,pressure,2026-07-01 00:00:00+00:00,DWD,ship
HAJAZ7K,0-22000-0-HAJAZ7K,USA,True,-88.0,28.2,0.279864,pressure,2026-07-01 00:00:00+00:00,DWD,ship
HAMGBUL,0-22000-0-HAMGBUL,DEU,True,11.93,54.19,0.244993,pressure,2026-07-01 00:00:00+00:00,DWD,ship
HBSJTAB,0-22000-0-HBSJTAB,USA,True,-82.8,27.6,0.828776,pressure,2026-07-01 00:00:00+00:00,DWD,ship
HEB5S4N,0-22000-0-HEB5S4N,USA,True,-33.4,47.1,0.718111,pressure,2026-07-01 00:00:00+00:00,DWD,ship
HGQ5DYM,0-22000-0-HGQ5DYM,JPN,True,109.8,-3.8,4.139182,pressure,2026-07-01 00:00:00+00:00,DWD,ship
HHCBQ2H,0-22000-0-HHCBQ2H,JPN,True,142.1,36.8,0.467623,pressure,2026-07-01 00:00:00+00:00,DWD,ship
HLK889V,0-22000-0-HLK889V,DEU,True,-68.2,19.3,0.363945,pressure,2026-07-01 00:00:00+00:00,DWD,ship
HNQN49W,0-22000-0-HNQN49W,GBR,True,62.23,21.38,1.195697,pressure,2026-07-01 00:00:00+00:00,DWD,ship
HNZK7YR,0-22000-0-HNZK7YR,USA,True,-3.8,36.2,2.76957,pressure,2026-07-01 00:00:00+00:00,DWD,ship
HPU5YDM,0-22000-0-HPU5YDM,USA,True,-123.1,49.3,0.411859,pressure,2026-07-01 00:00:00+00:00,DWD,ship
HREU54V,0-22000-0-HREU54V,USA,True,-94.5,29.2,1.198545,pressure,2026-07-01 00:00:00+00:00,DWD,ship
HSDLRRX,0-22000-0-HSDLRRX,DEU,True,16.05,35.97,0.275702,pressure,2026-07-01 00:00:00+00:00,DWD,ship
HUGT78Q,0-22000-0-HUGT78Q,CAN,True,-123.4,48.6,0.203781,pressure,2026-07-01 00:00:00+00:00,DWD,ship
HVVL59L,0-22000-0-HVVL59L,USA,True,-83.0,45.0,1.129603,pressure,2026-07-01 00:00:00+00:00,DWD,ship
HWQ33VU,0-22000-0-HWQ33VU,GBR,True,-38.7,46.6,0.999688,pressure,2026-07-01 00:00:00+00:00,DWD,ship
HXYGL2S,0-22000-0-HXYGL2S,GBR,True,-3.2,58.9,0.288369,pressure,2026-07-01 00:00:00+00:00,DWD,ship
HYDV69D,0-22000-0-HYDV69D,USA,True,149.6,38.5,4.468207,pressure,2026-07-01 00:00:00+00:00,DWD,ship
HYHWP5W,0-22000-0-HYHWP5W,JPN,True,139.0,33.6,0.735273,pressure,2026-07-01 00:00:00+00:00,DWD,ship
HYYBMKX,0-22000-0-HYYBMKX,USA,True,-67.0,19.2,0.425351,pressure,2026-07-01 00:00:00+00:00,DWD,ship
JCDHYEY,0-22000-0-JCDHYEY,USA,True,-131.6,55.3,0.542642,pressure,2026-07-01 00:00:00+00:00,DWD,ship
JCP83EY,0-22000-0-JCP83EY,GBR,True,141.7,-1.4,0.96783,pressure,2026-07-01 00:00:00+00:00,DWD,ship
JDWV7LP,0-22000-0-JDWV7LP,GBR,True,121.0,26.0,2.627195,pressure,2026-07-01 00:00:00+00:00,DWD,ship
JDXHZSP,0-22000-0-JDXHZSP,USA,True,158.8,37.7,2.086078,pressure,2026-07-01 00:00:00+00:00,DWD,ship
JFZNMUJ,0-22000-0-JFZNMUJ,GBR,True,24.2,37.0,0.273857,pressure,2026-07-01 00:00:00+00:00,DWD,ship
JGKVTNH,0-22000-0-JGKVTNH,DEU,True,-5.43,36.14,0.700749,pressure,2026-07-01 00:00:00+00:00,DWD,ship
JKMLE8Z,0-22000-0-JKMLE8Z,USA,True,-55.7,39.4,1.213094,pressure,2026-07-01 00:00:00+00:00,DWD,ship
JKUXD3G,0-22000-0-JKUXD3G,USA,True,-139.0,53.3,1.837424,pressure,2026-07-01 00:00:00+00:00,DWD,ship
JNE7WHQ,0-22000-0-JNE7WHQ,USA,True,-80.0,26.0,0.34476,pressure,2026-07-01 00:00:00+00:00,DWD,ship
JPEL5ST,0-22000-0-JPEL5ST,USA,True,-170.8,51.2,0.8967,pressure,2026-07-01 00:00:00+00:00,DWD,ship
JPXYABB,0-22000-0-JPXYABB,USA,True,-149.4,60.1,2.285316,pressure,2026-07-01 00:00:00+00:00,DWD,ship
JRPVTNT,0-22000-0-JRPVTNT,CHN,True,121.5,7.8,0.905781,pressure,2026-07-01 00:00:00+00:00,DWD,ship
JSRUMUF,0-22000-0-JSRUMUF,USA,True,-170.8,48.5,1.982736,pressure,2026-07-01 00:00:00+00:00,DWD,ship
JSVMTWU,0-22000-0-JSVMTWU,JPN,True,113.9,21.6,2.053475,pressure,2026-07-01 00:00:00+00:00,DWD,ship
JSZF9CP,0-22000-0-JSZF9CP,GBR,True,-67.2,32.8,1.46576,pressure,2026-07-01 00:00:00+00:00,DWD,ship
JUNYLBW,0-22000-0-JUNYLBW,JPN,True,4.9,-29.5,1.224526,pressure,2026-07-01 00:00:00+00:00,DWD,ship
JWR4PHH,0-22000-0-JWR4PHH,GBR,True,-81.4,-3.1,1.266504,pressure,2026-07-01 00:00:00+00:00,DWD,ship
JWVVKAJ,0-22000-0-JWVVKAJ,JPN,True,131.7,26.6,3.832575,pressure,2026-07-01 00:00:00+00:00,DWD,ship
JXGLBYN,0-22000-0-JXGLBYN,JPN,True,143.0,38.2,0.851589,pressure,2026-07-01 00:00:00+00:00,DWD,ship
JXJ72XL,0-22000-0-JXJ72XL,USA,True,-74.2,36.2,0.544318,pressure,2026-07-01 00:00:00+00:00,DWD,ship
JZHZSQT,0-22000-0-JZHZSQT,DEU,True,-6.94,47.05,0.254492,pressure,2026-07-01 00:00:00+00:00,DWD,ship
JZR5NVG,0-22000-0-JZR5NVG,FRA,True,15.29,38.66,0.306692,pressure,2026-07-01 00:00:00+00:00,DWD,ship
KCHQ6XB,0-22000-0-KCHQ6XB,DEU,True,-77.14,-12.04,0.305481,pressure,2026-07-01 00:00:00+00:00,DWD,ship
KEP23GP,0-22000-0-KEP23GP,DEU,True,17.6,35.4,3.81852,pressure,2026-07-01 00:00:00+00:00,DWD,ship
KER7UNY,0-22000-0-KER7UNY,DEU,True,-17.9,21.37,0.348797,pressure,2026-07-01 00:00:00+00:00,DWD,ship
KHDPJSR,0-22000-0-KHDPJSR,USA,True,18.7,42.4,3.923863,pressure,2026-07-01 00:00:00+00:00,DWD,ship
KJMKE9V,0-22000-0-KJMKE9V,USA,True,-131.7,55.4,0.393477,pressure,2026-07-01 00:00:00+00:00,DWD,ship
KMUTD7F,0-22000-0-KMUTD7F,JPN,True,-146.7,37.5,2.775158,pressure,2026-07-01 00:00:00+00:00,DWD,ship
KPLU3TX,0-22000-0-KPLU3TX,GBR,True,-55.6,-35.1,0.980583,pressure,2026-07-01 00:00:00+00:00,DWD,ship
KQLRPKY,0-22000-0-KQLRPKY,USA,True,-57.3,19.2,2.933208,pressure,2026-07-01 00:00:00+00:00,DWD,ship
KQRDLNA,0-22000-0-KQRDLNA,JPN,True,30.0,-33.5,1.616168,pressure,2026-07-01 00:00:00+00:00,DWD,ship
KQXP7JX,0-22000-0-KQXP7JX,DEU,True,6.8,54.7,0.216579,pressure,2026-07-01 00:00:00+00:00,DWD,ship
KRRN3JT,0-22000-0-KRRN3JT,USA,True,147.5,43.8,1.131022,pressure,2026-07-01 00:00:00+00:00,DWD,ship
KTYRVDB,0-22000-0-KTYRVDB,USA,True,-149.6,24.2,0.680592,pressure,2026-07-01 00:00:00+00:00,DWD,ship
KUL7SEK,0-22000-0-KUL7SEK,GBR,True,13.3,36.7,2.959461,pressure,2026-07-01 00:00:00+00:00,DWD,ship
KXAMR9X,0-22000-0-KXAMR9X,FRA,True,166.38,-22.25,0.461664,pressure,2026-07-01 00:00:00+00:00,DWD,ship
KXAUKPW,0-22000-0-KXAUKPW,GBR,True,-44.6,41.4,1.549215,pressure,2026-07-01 00:00:00+00:00,DWD,ship
KYCGLAG,0-22000-0-KYCGLAG,JPN,True,-62.9,11.9,0.585973,pressure,2026-07-01 00:00:00+00:00,DWD,ship
KYRSN6X,0-22000-0-KYRSN6X,USA,True,-131.7,55.4,0.299857,pressure,2026-07-01 00:00:00+00:00,DWD,ship
KZAMFKY,0-22000-0-KZAMFKY,GBR,True,-152.6,-5.5,1.223128,pressure,2026-07-01 00:00:00+00:00,DWD,ship
KZY7TQV,0-22000-0-KZY7TQV,USA,True,-179.3,50.0,0.417777,pressure,2026-07-01 00:00:00+00:00,DWD,ship
LBXN94P,0-22000-0-LBXN94P,DEU,True,-62.6,28.5,1.971865,pressure,2026-07-01 00:00:00+00:00,DWD,ship
LCAVSVX,0-22000-0-LCAVSVX,USA,True,75.0,1.3,0.363682,pressure,2026-07-01 00:00:00+00:00,DWD,ship
LED82EE,0-22000-0-LED82EE,DEU,True,8.61,-25.17,0.473029,pressure,2026-07-01 00:00:00+00:00,DWD,ship
LGSMAUM,0-22000-0-LGSMAUM,JPN,True,-10.1,32.2,1.119507,pressure,2026-07-01 00:00:00+00:00,DWD,ship
LHAE3XT,0-22000-0-LHAE3XT,JPN,True,-158.0,32.3,2.446477,pressure,2026-07-01 00:00:00+00:00,DWD,ship
LLW9X6U,0-22000-0-LLW9X6U,GBR,True,-2.1,50.2,1.655472,pressure,2026-07-01 00:00:00+00:00,DWD,ship
LMSTJKV,0-22000-0-LMSTJKV,USA,True,-158.7,54.0,0.362176,pressure,2026-07-01 00:00:00+00:00,DWD,ship
LNC2DZG,0-22000-0-LNC2DZG,USA,True,-84.0,46.1,0.987318,pressure,2026-07-01 00:00:00+00:00,DWD,ship
LNVKQ6N,0-22000-0-LNVKQ6N,GBR,True,20.8,-34.9,1.104228,pressure,2026-07-01 00:00:00+00:00,DWD,ship
LRGMKKL,0-22000-0-LRGMKKL,GBR,True,-1.4,50.4,0.408243,pressure,2026-07-01 00:00:00+00:00,DWD,ship
LTDQRND,0-22000-0-LTDQRND,USA,True,-65.2,17.5,1.24823,pressure,2026-07-01 00:00:00+00:00,DWD,ship
LTZCCTE,0-22000-0-LTZCCTE,GBR,True,-5.8,54.6,0.368532,pressure,2026-07-01 00:00:00+00:00,DWD,ship
LUARZ8N,0-22000-0-LUARZ8N,CAN,True,-73.5,45.5,0.560106,pressure,2026-07-01 00:00:00+00:00,DWD,ship
LUSA86U,0-22000-0-LUSA86U,USA,True,-151.4,33.8,1.123257,pressure,2026-07-01 00:00:00+00:00,DWD,ship
LVCPS6Z,0-22000-0-LVCPS6Z,USA,True,-88.8,21.7,0.523869,pressure,2026-07-01 00:00:00+00:00,DWD,ship
LVDUYGE,0-22000-0-LVDUYGE,RUS,True,32.5,69.1,2.469088,pressure,2026-07-01 00:00:00+00:00,DWD,ship
LVGC33T,0-22000-0-LVGC33T,DEU,True,123.2,30.1,0.550427,pressure,2026-07-01 00:00:00+00:00,DWD,ship
LWLK7VW,0-22000-0-LWLK7VW,USA,True,-82.8,44.9,1.361038,pressure,2026-07-01 00:00:00+00:00,DWD,ship
LYHH6ZZ,0-22000-0-LYHH6ZZ,GBR,True,5.0,58.3,0.978584,pressure,2026-07-01 00:00:00+00:00,DWD,ship
LYR3EHM,0-22000-0-LYR3EHM,USA,True,9.6,43.5,2.32781,pressure,2026-07-01 00:00:00+00:00,DWD,ship
LZCVSUF,0-22000-0-LZCVSUF,USA,True,-83.1,42.2,0.354452,pressure,2026-07-01 00:00:00+00:00,DWD,ship
MBA4XBT,0-22000-0-MBA4XBT,USA,True,-151.4,59.6,0.70415,pressure,2026-07-01 00:00:00+00:00,DWD,ship
MFTW9ZM,0-22000-0-MFTW9ZM,CAN,True,-79.8,43.2,0.365166,pressure,2026-07-01 00:00:00+00:00,DWD,ship
MHNKB7U,0-22000-0-MHNKB7U,USA,True,-73.0,20.6,0.48003,pressure,2026-07-01 00:00:00+00:00,DWD,ship
MJC95XP,0-22000-0-MJC95XP,USA,True,24.7,38.5,0.853741,pressure,2026-07-01 00:00:00+00:00,DWD,ship
MJCXEGJ,0-22000-0-MJCXEGJ,USA,True,-110.8,27.8,1.138508,pressure,2026-07-01 00:00:00+00:00,DWD,ship
MJG835K,0-22000-0-MJG835K,GBR,True,-52.28,-35.15,0.529407,pressure,2026-07-01 00:00:00+00:00,DWD,ship
MJPVYDL,0-22000-0-MJPVYDL,DEU,True,12.62,36.89,0.37712,pressure,2026-07-01 00:00:00+00:00,DWD,ship
MLBS7AF,0-22000-0-MLBS7AF,USA,True,-149.4,60.1,0.329686,pressure,2026-07-01 00:00:00+00:00,DWD,ship
MPRCQJB,0-22000-0-MPRCQJB,JPN,True,136.7,33.2,3.420142,pressure,2026-07-01 00:00:00+00:00,DWD,ship
MRLD4CV,0-22000-0-MRLD4CV,GBR,True,-7.1,57.6,0.238978,pressure,2026-07-01 00:00:00+00:00,DWD,ship
MRVWWQV,0-22000-0-MRVWWQV,GBR,True,35.0,-31.3,0.570459,pressure,2026-07-01 00:00:00+00:00,DWD,ship
MTA2U2J,0-22000-0-MTA2U2J,USA,True,-79.6,27.3,1.012275,pressure,2026-07-01 00:00:00+00:00,DWD,ship
MVREY3A,0-22000-0-MVREY3A,DEU,True,-50.3,27.64,0.253843,pressure,2026-07-01 00:00:00+00:00,DWD,ship
MWHUCLC,0-22000-0-MWHUCLC,USA,True,131.7,36.8,3.291722,pressure,2026-07-01 00:00:00+00:00,DWD,ship
MWTGW8G,0-22000-0-MWTGW8G,DEU,True,-48.53,35.02,0.386229,pressure,2026-07-01 00:00:00+00:00,DWD,ship
MWURWAJ,0-22000-0-MWURWAJ,USA,True,-124.0,44.6,0.715283,pressure,2026-07-01 00:00:00+00:00,DWD,ship
MYSELSE,0-22000-0-MYSELSE,DEU,True,30.7,-30.8,1.52274,pressure,2026-07-01 00:00:00+00:00,DWD,ship
MYUCXDW,0-22000-0-MYUCXDW,GBR,True,7.5,42.7,0.792915,pressure,2026-07-01 00:00:00+00:00,DWD,ship
NAND24A,0-22000-0-NAND24A,JPN,True,120.1,24.1,2.316027,pressure,2026-07-01 00:00:00+00:00,DWD,ship
NDN4JZX,0-22000-0-NDN4JZX,GBR,True,16.3,-30.7,0.965341,pressure,2026-07-01 00:00:00+00:00,DWD,ship
NEA8YVN,0-22000-0-NEA8YVN,DEU,True,0.0001,5.5,2.928251,pressure,2026-07-01 00:00:00+00:00,DWD,ship
NKF877P,0-22000-0-NKF877P,JPN,True,-165.6,67.6,1.190354,pressure,2026-07-01 00:00:00+00:00,DWD,ship
NKWEWUU,0-22000-0-NKWEWUU,USA,True,-173.6,42.0,1.284896,pressure,2026-07-01 00:00:00+00:00,DWD,ship
NPF6EYC,0-22000-0-NPF6EYC,JPN,True,-178.1,45.9,0.391191,pressure,2026-07-01 00:00:00+00:00,DWD,ship
NRW2RTV,0-22000-0-NRW2RTV,GBR,True,-3.9,45.2,0.630524,pressure,2026-07-01 00:00:00+00:00,DWD,ship
NRY65GL,0-22000-0-NRY65GL,USA,True,-3.7,36.2,0.88474,pressure,2026-07-01 00:00:00+00:00,DWD,ship
NSSZH9D,0-22000-0-NSSZH9D,DEU,True,1.8,2.7,0.995103,pressure,2026-07-01 00:00:00+00:00,DWD,ship
NUHDZTA,0-22000-0-NUHDZTA,USA,True,-132.5,52.6,0.736903,pressure,2026-07-01 00:00:00+00:00,DWD,ship
NVFJEAV,0-22000-0-NVFJEAV,JPN,True,53.7,25.7,1.745,pressure,2026-07-01 00:00:00+00:00,DWD,ship
NVXPTHF,0-22000-0-NVXPTHF,CHN,True,115.2,20.0,0.867772,pressure,2026-07-01 00:00:00+00:00,DWD,ship
NWRF36L,0-22000-0-NWRF36L,FRA,True,-134.96,56.48,0.257584,pressure,2026-07-01 00:00:00+00:00,DWD,ship
NXQN69F,0-22000-0-NXQN69F,DEU,True,-33.6,-29.7,0.645108,pressure,2026-07-01 00:00:00+00:00,DWD,ship
NYD4JUU,0-22000-0-NYD4JUU,USA,True,99.0,4.9,1.753433,pressure,2026-07-01 00:00:00+00:00,DWD,ship
NYDD2WK,0-22000-0-NYDD2WK,USA,True,-73.7,22.8,0.583626,pressure,2026-07-01 00:00:00+00:00,DWD,ship
NZGHTPW,0-22000-0-NZGHTPW,USA,True,-118.8,16.2,1.302205,pressure,2026-07-01 00:00:00+00:00,DWD,ship
NZM568Q,0-22000-0-NZM568Q,USA,True,-173.0,49.6,1.133413,pressure,2026-07-01 00:00:00+00:00,DWD,ship
PGBLJZA,0-22000-0-PGBLJZA,USA,True,-74.0,40.6,0.363912,pressure,2026-07-01 00:00:00+00:00,DWD,ship
PGMAV4G,0-22000-0-PGMAV4G,FRA,True,16.54,68.81,0.331346,pressure,2026-07-01 00:00:00+00:00,DWD,ship
PGMJH6B,0-22000-0-PGMJH6B,USA,True,-149.3,58.5,0.228545,pressure,2026-07-01 00:00:00+00:00,DWD,ship
PHJGXVE,0-22000-0-PHJGXVE,USA,True,-75.6,34.5,1.177171,pressure,2026-07-01 00:00:00+00:00,DWD,ship
PNF4DCX,0-22000-0-PNF4DCX,USA,True,-174.2,50.0,3.974745,pressure,2026-07-01 00:00:00+00:00,DWD,ship
PPQSBRD,0-22000-0-PPQSBRD,JPN,True,-166.1,44.1,1.196783,pressure,2026-07-01 00:00:00+00:00,DWD,ship
PPS2LNY,0-22000-0-PPS2LNY,USA,True,71.1,15.9,2.476535,pressure,2026-07-01 00:00:00+00:00,DWD,ship
PQS7KJB,0-22000-0-PQS7KJB,DEU,True,-18.0,16.9,0.580829,pressure,2026-07-01 00:00:00+00:00,DWD,ship
PVLL43S,0-22000-0-PVLL43S,DEU,True,-8.76,45.13,0.544823,pressure,2026-07-01 00:00:00+00:00,DWD,ship
YEADUPA,0-22000-0-YEADUPA,GBR,True,-2.7,-10.5,0.775623,pressure,2026-07-01 00:00:00+00:00,DWD,ship
PWNLHBZ,0-22000-0-PWNLHBZ,GBR,True,96.88,5.78,0.421285,pressure,2026-07-01 00:00:00+00:00,DWD,ship
PXB8JAL,0-22000-0-PXB8JAL,USA,True,103.8,1.3,1.368999,pressure,2026-07-01 00:00:00+00:00,DWD,ship
PZDMAJB,0-22000-0-PZDMAJB,DEU,True,18.8,54.4,0.487795,pressure,2026-07-01 00:00:00+00:00,DWD,ship
PZSR5BK,0-22000-0-PZSR5BK,DEU,True,-102.2,17.7,0.346182,pressure,2026-07-01 00:00:00+00:00,DWD,ship
QAXZQ8U,0-22000-0-QAXZQ8U,USA,True,-85.7,47.6,0.799221,pressure,2026-07-01 00:00:00+00:00,DWD,ship
QBDNCRB,0-22000-0-QBDNCRB,USA,True,147.2,-40.3,1.089139,pressure,2026-07-01 00:00:00+00:00,DWD,ship
QDFYGNU,0-22000-0-QDFYGNU,JPN,True,71.5,12.9,3.471393,pressure,2026-07-01 00:00:00+00:00,DWD,ship
QFH3JWE,0-22000-0-QFH3JWE,USA,True,4.0,60.2,0.451204,pressure,2026-07-01 00:00:00+00:00,DWD,ship
QFP7DHM,0-22000-0-QFP7DHM,USA,True,-84.8,45.8,0.713653,pressure,2026-07-01 00:00:00+00:00,DWD,ship
QHZBL8U,0-22000-0-QHZBL8U,USA,True,129.6,17.7,0.689794,pressure,2026-07-01 00:00:00+00:00,DWD,ship
QJCBKVU,0-22000-0-QJCBKVU,USA,True,-149.4,60.1,0.246704,pressure,2026-07-01 00:00:00+00:00,DWD,ship
QJKX3AX,0-22000-0-QJKX3AX,USA,True,-125.7,41.3,0.226683,pressure,2026-07-01 00:00:00+00:00,DWD,ship
QJLVJFW,0-22000-0-QJLVJFW,GBR,True,-79.5,24.1,0.381244,pressure,2026-07-01 00:00:00+00:00,DWD,ship
QJN26LG,0-22000-0-QJN26LG,USA,True,-128.2,49.8,1.508656,pressure,2026-07-01 00:00:00+00:00,DWD,ship
QMPVAZH,0-22000-0-QMPVAZH,GBR,True,-4.4,54.4,0.51666,pressure,2026-07-01 00:00:00+00:00,DWD,ship
QMT6AJW,0-22000-0-QMT6AJW,USA,True,-130.3,49.1,0.28395,pressure,2026-07-01 00:00:00+00:00,DWD,ship
QMTNC3B,0-22000-0-QMTNC3B,USA,True,-81.1,32.1,0.400133,pressure,2026-07-01 00:00:00+00:00,DWD,ship
QNH32UP,0-22000-0-QNH32UP,USA,True,-146.7,60.3,1.226188,pressure,2026-07-01 00:00:00+00:00,DWD,ship
QQGCLLN,0-22000-0-QQGCLLN,USA,True,155.9,47.7,1.481025,pressure,2026-07-01 00:00:00+00:00,DWD,ship
QREQPJB,0-22000-0-QREQPJB,,True,-4.7,36.0,0.964486,pressure,2026-07-01 00:00:00+00:00,DWD,ship
QSRUFJU,0-22000-0-QSRUFJU,DEU,True,130.5,30.8,0.543404,pressure,2026-07-01 00:00:00+00:00,DWD,ship
QTAVSQU,0-22000-0-QTAVSQU,USA,True,-146.7,60.3,0.572098,pressure,2026-07-01 00:00:00+00:00,DWD,ship
QTLQSUC,0-22000-0-QTLQSUC,GBR,True,-78.5,9.9,0.488223,pressure,2026-07-01 00:00:00+00:00,DWD,ship
QWKG34T,0-22000-0-QWKG34T,DEU,True,10.9,-30.3,0.437942,pressure,2026-07-01 00:00:00+00:00,DWD,ship
QZY8NPC,0-22000-0-QZY8NPC,FRA,True,-9.59,38.56,0.554446,pressure,2026-07-01 00:00:00+00:00,DWD,ship
RBLV36C,0-22000-0-RBLV36C,USA,True,-82.5,18.7,0.43537,pressure,2026-07-01 00:00:00+00:00,DWD,ship
RBV3PTP,0-22000-0-RBV3PTP,CHN,True,119.8,22.9,0.783196,pressure,2026-07-01 00:00:00+00:00,DWD,ship
RCBX2HT,0-22000-0-RCBX2HT,USA,True,-90.1,11.3,3.617557,pressure,2026-07-01 00:00:00+00:00,DWD,ship
RDGNZ4C,0-22000-0-RDGNZ4C,USA,True,104.1,1.3,1.861022,pressure,2026-07-01 00:00:00+00:00,DWD,ship
RDXBYQH,0-22000-0-RDXBYQH,JPN,True,-172.1,54.1,3.515429,pressure,2026-07-01 00:00:00+00:00,DWD,ship
REC9E6J,0-22000-0-REC9E6J,JPN,True,151.6,-9.7,0.97317,pressure,2026-07-01 00:00:00+00:00,DWD,ship
RGUJHPH,0-22000-0-RGUJHPH,USA,True,-90.6,30.0,0.424508,pressure,2026-07-01 00:00:00+00:00,DWD,ship
RLJY5YZ,0-22000-0-RLJY5YZ,DEU,True,-76.0,34.1,0.454615,pressure,2026-07-01 00:00:00+00:00,DWD,ship
RNLUJNF,0-22000-0-RNLUJNF,USA,True,-95.1,29.7,0.763299,pressure,2026-07-01 00:00:00+00:00,DWD,ship
RPLH4DL,0-22000-0-RPLH4DL,GBR,True,67.67,16.78,1.771958,pressure,2026-07-01 00:00:00+00:00,DWD,ship
RPNJGGU,0-22000-0-RPNJGGU,DEU,True,160.22,46.06,0.262055,pressure,2026-07-01 00:00:00+00:00,DWD,ship
RPW3SWU,0-22000-0-RPW3SWU,USA,True,-129.4,51.7,0.669485,pressure,2026-07-01 00:00:00+00:00,DWD,ship
RRFPPLA,0-22000-0-RRFPPLA,USA,True,-176.6,51.9,0.4241,pressure,2026-07-01 00:00:00+00:00,DWD,ship
RRMZ88Q,0-22000-0-RRMZ88Q,GBR,True,-1.4,58.9,0.314076,pressure,2026-07-01 00:00:00+00:00,DWD,ship
RSUNMDW,0-22000-0-RSUNMDW,USA,True,-83.3,45.4,0.918443,pressure,2026-07-01 00:00:00+00:00,DWD,ship
RULLM7N,0-22000-0-RULLM7N,GBR,True,-8.8,45.8,0.241789,pressure,2026-07-01 00:00:00+00:00,DWD,ship
RVAR6SQ,0-22000-0-RVAR6SQ,USA,True,-87.0,28.6,0.419931,pressure,2026-07-01 00:00:00+00:00,DWD,ship
RVJZZZD,0-22000-0-RVJZZZD,GBR,True,31.75,31.62,0.257859,pressure,2026-07-01 00:00:00+00:00,DWD,ship
RWF7D8V,0-22000-0-RWF7D8V,USA,True,-93.9,9.7,1.850896,pressure,2026-07-01 00:00:00+00:00,DWD,ship
RZJFPJF,0-22000-0-RZJFPJF,JPN,True,107.7,-6.1,3.734006,pressure,2026-07-01 00:00:00+00:00,DWD,ship
RZQVX8Q,0-22000-0-RZQVX8Q,DEU,True,-8.5,44.8,0.474799,pressure,2026-07-01 00:00:00+00:00,DWD,ship
SAJJBQR,0-22000-0-SAJJBQR,GBR,True,-157.8,21.9,0.673644,pressure,2026-07-01 00:00:00+00:00,DWD,ship
SCY6TVD,0-22000-0-SCY6TVD,GBR,True,76.0,8.2,0.763525,pressure,2026-07-01 00:00:00+00:00,DWD,ship
SEZVF2C,0-22000-0-SEZVF2C,USA,True,-162.0,55.0,0.44843,pressure,2026-07-01 00:00:00+00:00,DWD,ship
SFGXCLU,0-22000-0-SFGXCLU,USA,True,-16.8,23.0,3.328934,pressure,2026-07-01 00:00:00+00:00,DWD,ship
SGGQ4QX,0-22000-0-SGGQ4QX,CAN,True,-80.5,89.8,0.465677,pressure,2026-07-01 00:00:00+00:00,DWD,ship
SMQTESS,0-22000-0-SMQTESS,USA,True,-90.7,25.3,3.367186,pressure,2026-07-01 00:00:00+00:00,DWD,ship
SNY5B3E,0-22000-0-SNY5B3E,USA,True,-74.0,35.6,4.689185,pressure,2026-07-01 00:00:00+00:00,DWD,ship
SPBL57U,0-22000-0-SPBL57U,JPN,True,-41.3,2.4,1.164171,pressure,2026-07-01 00:00:00+00:00,DWD,ship
SPLM6LL,0-22000-0-SPLM6LL,USA,True,128.8,35.0,0.897354,pressure,2026-07-01 00:00:00+00:00,DWD,ship
SRQQX7R,0-22000-0-SRQQX7R,USA,True,-124.9,48.4,0.597478,pressure,2026-07-01 00:00:00+00:00,DWD,ship
SVGUVKZ,0-22000-0-SVGUVKZ,USA,True,-88.6,30.4,0.770729,pressure,2026-07-01 00:00:00+00:00,DWD,ship
SVU6JPQ,0-22000-0-SVU6JPQ,GBR,True,-2.0,57.1,0.216624,pressure,2026-07-01 00:00:00+00:00,DWD,ship
SVZPJTQ,0-22000-0-SVZPJTQ,DEU,True,14.32,-30.85,0.478544,pressure,2026-07-01 00:00:00+00:00,DWD,ship
TCBE7WV,0-22000-0-TCBE7WV,USA,True,-84.1,45.6,0.591682,pressure,2026-07-01 00:00:00+00:00,DWD,ship
TCPY2QY,0-22000-0-TCPY2QY,USA,True,-40.9,0.7,1.062294,pressure,2026-07-01 00:00:00+00:00,DWD,ship
TDAVKSR,0-22000-0-TDAVKSR,USA,True,-158.6,58.8,5.07313,pressure,2026-07-01 00:00:00+00:00,DWD,ship
TEPWR4U,0-22000-0-TEPWR4U,DEU,True,72.79,18.85,0.456798,pressure,2026-07-01 00:00:00+00:00,DWD,ship
TGS8NFS,0-22000-0-TGS8NFS,JPN,True,-128.2,48.3,0.092569,pressure,2026-07-01 00:00:00+00:00,DWD,ship
THLQTMS,0-22000-0-THLQTMS,USA,True,-83.9,46.0,2.431364,pressure,2026-07-01 00:00:00+00:00,DWD,ship
TJPW3ZZ,0-22000-0-TJPW3ZZ,NZL,True,136.8,28.7,1.749906,pressure,2026-07-01 00:00:00+00:00,DWD,ship
TKBFL3Q,0-22000-0-TKBFL3Q,CHN,True,159.8,40.6,0.8998,pressure,2026-07-01 00:00:00+00:00,DWD,ship
TMVVJZA,0-22000-0-TMVVJZA,USA,True,4.2,52.8,3.338705,pressure,2026-07-01 00:00:00+00:00,DWD,ship
TNXNNFX,0-22000-0-TNXNNFX,GBR,True,141.6,32.9,1.875776,pressure,2026-07-01 00:00:00+00:00,DWD,ship
TUU8ENY,0-22000-0-TUU8ENY,GBR,True,-63.7,-64.9,0.458736,pressure,2026-07-01 00:00:00+00:00,DWD,ship
TWASNPY,0-22000-0-TWASNPY,GBR,True,-6.2,53.3,0.578208,pressure,2026-07-01 00:00:00+00:00,DWD,ship
TWQZHTC,0-22000-0-TWQZHTC,DEU,True,94.0,5.5,1.490884,pressure,2026-07-01 00:00:00+00:00,DWD,ship
TXFZBVC,0-22000-0-TXFZBVC,DEU,True,126.3,32.4,0.346589,pressure,2026-07-01 00:00:00+00:00,DWD,ship
TYJHADE,0-22000-0-TYJHADE,USA,True,81.1,0.8,2.412224,pressure,2026-07-01 00:00:00+00:00,DWD,ship
TZK8KDX,0-22000-0-TZK8KDX,GBR,True,-16.33,26.0,0.568808,pressure,2026-07-01 00:00:00+00:00,DWD,ship
UBUL6DV,0-22000-0-UBUL6DV,USA,True,-91.8,24.6,1.18971,pressure,2026-07-01 00:00:00+00:00,DWD,ship
UBWS9EM,0-22000-0-UBWS9EM,USA,True,-89.6,29.4,0.231623,pressure,2026-07-01 00:00:00+00:00,DWD,ship
UCFZ3HP,0-22000-0-UCFZ3HP,JPN,True,122.6,22.9,0.717607,pressure,2026-07-01 00:00:00+00:00,DWD,ship
UFA749V,0-22000-0-UFA749V,CHN,True,114.0,22.2,3.865497,pressure,2026-07-01 00:00:00+00:00,DWD,ship
UPUVYTL,0-22000-0-UPUVYTL,USA,True,-75.1,17.8,0.295065,pressure,2026-07-01 00:00:00+00:00,DWD,ship
UPVRGRQ,0-22000-0-UPVRGRQ,USA,True,-123.2,37.2,1.858272,pressure,2026-07-01 00:00:00+00:00,DWD,ship
UQD7KCA,0-22000-0-UQD7KCA,JPN,True,11.3,-28.2,0.667496,pressure,2026-07-01 00:00:00+00:00,DWD,ship
USFAPDJ,0-22000-0-USFAPDJ,CAN,True,-115.7,60.8,0.668125,pressure,2026-07-01 00:00:00+00:00,DWD,ship
USHY23B,0-22000-0-USHY23B,USA,True,-161.4,54.0,4.089239,pressure,2026-07-01 00:00:00+00:00,DWD,ship
UUCRDEK,0-22000-0-UUCRDEK,FRA,True,5.33,43.26,0.454057,pressure,2026-07-01 00:00:00+00:00,DWD,ship
UUKRPHW,0-22000-0-UUKRPHW,USA,True,-122.0,38.0,0.290236,pressure,2026-07-01 00:00:00+00:00,DWD,ship
UUSYFYE,0-22000-0-UUSYFYE,USA,True,-79.3,26.8,0.472432,pressure,2026-07-01 00:00:00+00:00,DWD,ship
UVQVMFS,0-22000-0-UVQVMFS,USA,True,52.1,-23.9,3.643756,pressure,2026-07-01 00:00:00+00:00,DWD,ship
UWBLUHB,0-22000-0-UWBLUHB,DEU,True,59.1,-20.52,0.277221,pressure,2026-07-01 00:00:00+00:00,DWD,ship
UXU7YPJ,0-22000-0-UXU7YPJ,DEU,True,-91.7,3.7,2.466312,pressure,2026-07-01 00:00:00+00:00,DWD,ship
UZA6NPZ,0-22000-0-UZA6NPZ,NLD,True,-118.03,-25.07,0.745517,pressure,2026-07-01 00:00:00+00:00,DWD,ship
VCRSMQG,0-22000-0-VCRSMQG,USA,True,-130.9,47.4,1.33006,pressure,2026-07-01 00:00:00+00:00,DWD,ship
VEZ38RA,0-22000-0-VEZ38RA,USA,True,-122.7,35.3,3.358383,pressure,2026-07-01 00:00:00+00:00,DWD,ship
VGXLAXY,0-22000-0-VGXLAXY,NZL,True,-168.8,-33.4,0.259577,pressure,2026-07-01 00:00:00+00:00,DWD,ship
VHQM5JT,0-22000-0-VHQM5JT,DEU,True,4.26,51.35,0.289344,pressure,2026-07-01 00:00:00+00:00,DWD,ship
VHSDSKD,0-22000-0-VHSDSKD,USA,True,-79.9,32.9,0.734767,pressure,2026-07-01 00:00:00+00:00,DWD,ship
VJP5TDL,0-22000-0-VJP5TDL,USA,True,-83.4,41.7,1.176744,pressure,2026-07-01 00:00:00+00:00,DWD,ship
VJZDX5D,0-22000-0-VJZDX5D,USA,True,-146.6,42.8,0.610674,pressure,2026-07-01 00:00:00+00:00,DWD,ship
VKUFAXA,0-22000-0-VKUFAXA,USA,True,-134.7,58.4,1.812916,pressure,2026-07-01 00:00:00+00:00,DWD,ship
VMKYTWC,0-22000-0-VMKYTWC,USA,True,-129.7,40.2,1.274737,pressure,2026-07-01 00:00:00+00:00,DWD,ship
VNQTB8V,0-22000-0-VNQTB8V,NOR,True,8.09,66.03,0.430546,pressure,2026-07-01 00:00:00+00:00,DWD,ship
VPQZVRN,0-22000-0-VPQZVRN,DEU,True,128.4,33.9,0.307073,pressure,2026-07-01 00:00:00+00:00,DWD,ship
VQVKBYS,0-22000-0-VQVKBYS,GBR,True,127.9,33.4,0.678561,pressure,2026-07-01 00:00:00+00:00,DWD,ship
VSKZN7H,0-22000-0-VSKZN7H,USA,True,-95.0,29.6,0.628189,pressure,2026-07-01 00:00:00+00:00,DWD,ship
VWVFYTY,0-22000-0-VWVFYTY,JPN,True,143.6,38.3,0.554527,pressure,2026-07-01 00:00:00+00:00,DWD,ship
VXDBBFT,0-22000-0-VXDBBFT,USA,True,-90.3,29.9,0.235491,pressure,2026-07-01 00:00:00+00:00,DWD,ship
VZSAHVS,0-22000-0-VZSAHVS,USA,True,-87.0,47.3,1.733484,pressure,2026-07-01 00:00:00+00:00,DWD,ship
WAGJVKP,0-22000-0-WAGJVKP,USA,True,-82.2,41.9,2.590027,pressure,2026-07-01 00:00:00+00:00,DWD,ship
WDU8DQA,0-22000-0-WDU8DQA,USA,True,-122.5,47.9,4.272188,pressure,2026-07-01 00:00:00+00:00,DWD,ship
WDXZK9R,0-22000-0-WDXZK9R,CHN,True,119.2,19.8,0.871954,pressure,2026-07-01 00:00:00+00:00,DWD,ship
WEL2P4E,0-22000-0-WEL2P4E,JPN,True,106.6,0.5,0.84473,pressure,2026-07-01 00:00:00+00:00,DWD,ship
WGH4CKB,0-22000-0-WGH4CKB,DEU,True,1.1,-13.8,0.555684,pressure,2026-07-01 00:00:00+00:00,DWD,ship
WHEDTRW,0-22000-0-WHEDTRW,USA,True,-148.1,38.8,1.052428,pressure,2026-07-01 00:00:00+00:00,DWD,ship
WHQBY4B,0-22000-0-WHQBY4B,FRA,True,115.59,-31.79,0.166428,pressure,2026-07-01 00:00:00+00:00,DWD,ship
WKPJG9M,0-22000-0-WKPJG9M,USA,True,-134.4,40.4,0.791821,pressure,2026-07-01 00:00:00+00:00,DWD,ship
WLZ9WHS,0-22000-0-WLZ9WHS,GBR,True,14.1,79.6,2.556333,pressure,2026-07-01 00:00:00+00:00,DWD,ship
WNJL4LD,0-22000-0-WNJL4LD,USA,True,-27.4,53.9,5.167731,pressure,2026-07-01 00:00:00+00:00,DWD,ship
WQQ6F5T,0-22000-0-WQQ6F5T,GBR,True,-2.9,59.0,0.409393,pressure,2026-07-01 00:00:00+00:00,DWD,ship
WQSHBXV,0-22000-0-WQSHBXV,USA,True,-87.9,15.8,0.37265,pressure,2026-07-01 00:00:00+00:00,DWD,ship
WQTSU2K,0-22000-0-WQTSU2K,USA,True,-131.7,55.4,1.402433,pressure,2026-07-01 00:00:00+00:00,DWD,ship
WVP259K,0-22000-0-WVP259K,USA,True,-123.4,48.1,1.309136,pressure,2026-07-01 00:00:00+00:00,DWD,ship
WWTNLUG,0-22000-0-WWTNLUG,GBR,True,-2.0,57.1,0.273062,pressure,2026-07-01 00:00:00+00:00,DWD,ship
WWY5NFD,0-22000-0-WWY5NFD,DEU,True,165.3,46.4,0.420869,pressure,2026-07-01 00:00:00+00:00,DWD,ship
WXXHMUK,0-22000-0-WXXHMUK,USA,True,76.0,9.9,2.329669,pressure,2026-07-01 00:00:00+00:00,DWD,ship
WYKNYXP,0-22000-0-WYKNYXP,GBR,True,-6.4,50.7,0.654274,pressure,2026-07-01 00:00:00+00:00,DWD,ship
WYVKN8X,0-22000-0-WYVKN8X,USA,True,-83.7,26.2,0.883344,pressure,2026-07-01 00:00:00+00:00,DWD,ship
WZDAQJU,0-22000-0-WZDAQJU,USA,True,-74.1,40.6,0.29309,pressure,2026-07-01 00:00:00+00:00,DWD,ship
XBDWABZ,0-22000-0-XBDWABZ,JPN,True,-131.5,29.1,0.752262,pressure,2026-07-01 00:00:00+00:00,DWD,ship
XBTR9KQ,0-22000-0-XBTR9KQ,USA,True,-140.2,50.8,2.371279,pressure,2026-07-01 00:00:00+00:00,DWD,ship
XCGBCPP,0-22000-0-XCGBCPP,GBR,True,51.7,25.8,3.052759,pressure,2026-07-01 00:00:00+00:00,DWD,ship
XCPNZNM,0-22000-0-XCPNZNM,GBR,True,-5.4,55.8,0.181267,pressure,2026-07-01 00:00:00+00:00,DWD,ship
XDBM8CQ,0-22000-0-XDBM8CQ,DEU,True,123.8,-34.5,0.995916,pressure,2026-07-01 00:00:00+00:00,DWD,ship
XDEPLRT,0-22000-0-XDEPLRT,GBR,True,-4.3,4.8,0.730375,pressure,2026-07-01 00:00:00+00:00,DWD,ship
XKH49AJ,0-22000-0-XKH49AJ,GBR,True,-6.3,58.2,0.410361,pressure,2026-07-01 00:00:00+00:00,DWD,ship
XKXT89S,0-22000-0-XKXT89S,USA,True,-128.0,29.6,1.919762,pressure,2026-07-01 00:00:00+00:00,DWD,ship
XLC6R9Z,0-22000-0-XLC6R9Z,USA,True,32.2,-28.9,3.822525,pressure,2026-07-01 00:00:00+00:00,DWD,ship
XNDW39M,0-22000-0-XNDW39M,GBR,True,122.3,38.1,1.54325,pressure,2026-07-01 00:00:00+00:00,DWD,ship
XNSQ7BV,0-22000-0-XNSQ7BV,USA,True,120.6,22.7,0.216796,pressure,2026-07-01 00:00:00+00:00,DWD,ship
XPJBFEE,0-22000-0-XPJBFEE,USA,True,-125.2,50.0,0.258536,pressure,2026-07-01 00:00:00+00:00,DWD,ship
XPJUSXH,0-22000-0-XPJUSXH,USA,True,161.2,17.4,0.644447,pressure,2026-07-01 00:00:00+00:00,DWD,ship
XPZAMHH,0-22000-0-XPZAMHH,JPN,True,151.5,41.9,0.600411,pressure,2026-07-01 00:00:00+00:00,DWD,ship
XQMVB8K,0-22000-0-XQMVB8K,DEU,True,6.8,53.4,1.130733,pressure,2026-07-01 00:00:00+00:00,DWD,ship
XSZV6DF,0-22000-0-XSZV6DF,USA,True,-178.7,54.1,1.993178,pressure,2026-07-01 00:00:00+00:00,DWD,ship
XTYKCAR,0-22000-0-XTYKCAR,JPN,True,57.6,-16.5,1.303298,pressure,2026-07-01 00:00:00+00:00,DWD,ship
XUE7S8F,0-22000-0-XUE7S8F,DEU,True,-65.27,37.09,0.286623,pressure,2026-07-01 00:00:00+00:00,DWD,ship
XVRJ5EQ,0-22000-0-XVRJ5EQ,DEU,True,120.26,36.0,0.361533,pressure,2026-07-01 00:00:00+00:00,DWD,ship
XWFA5JQ,0-22000-0-XWFA5JQ,DEU,True,-167.86,61.16,0.277577,pressure,2026-07-01 00:00:00+00:00,DWD,ship
XYU5XHB,0-22000-0-XYU5XHB,USA,True,-91.4,-0.6,0.358994,pressure,2026-07-01 00:00:00+00:00,DWD,ship
YAJ557Q,0-22000-0-YAJ557Q,DEU,True,8.85,-24.62,0.340823,pressure,2026-07-01 00:00:00+00:00,DWD,ship
YBBHE7D,0-22000-0-YBBHE7D,DEU,True,149.4,38.5,0.941213,pressure,2026-07-01 00:00:00+00:00,DWD,ship
YBP552U,0-22000-0-YBP552U,GBR,True,-42.2,-23.2,0.80795,pressure,2026-07-01 00:00:00+00:00,DWD,ship
YBVEWGM,0-22000-0-YBVEWGM,CAN,True,-52.7,47.5,0.231206,pressure,2026-07-01 00:00:00+00:00,DWD,ship
YBVL5LK,0-22000-0-YBVL5LK,USA,True,-93.7,19.6,0.179998,pressure,2026-07-01 00:00:00+00:00,DWD,ship
YCZRGUU,0-22000-0-YCZRGUU,USA,True,129.0,25.8,1.619298,pressure,2026-07-01 00:00:00+00:00,DWD,ship
YDM5G6Z,0-22000-0-YDM5G6Z,USA,True,-141.1,59.4,1.684145,pressure,2026-07-01 00:00:00+00:00,DWD,ship
YKY5BSG,0-22000-0-YKY5BSG,FRA,True,10.31,43.57,0.462399,pressure,2026-07-01 00:00:00+00:00,DWD,ship
YLE55EX,0-22000-0-YLE55EX,USA,True,-88.2,27.5,0.288058,pressure,2026-07-01 00:00:00+00:00,DWD,ship
YLKET8R,0-22000-0-YLKET8R,DEU,True,98.9,4.5,0.47629,pressure,2026-07-01 00:00:00+00:00,DWD,ship
YLR7BSJ,0-22000-0-YLR7BSJ,CHN,True,116.2,18.6,0.724699,pressure,2026-07-01 00:00:00+00:00,DWD,ship
YRZSQRB,0-22000-0-YRZSQRB,DEU,True,48.0,-30.3,0.382944,pressure,2026-07-01 00:00:00+00:00,DWD,ship
YTWRDKK,0-22000-0-YTWRDKK,DEU,True,106.03,4.17,0.477504,pressure,2026-07-01 00:00:00+00:00,DWD,ship
YWWX5SZ,0-22000-0-YWWX5SZ,USA,True,-158.2,56.3,0.450399,pressure,2026-07-01 00:00:00+00:00,DWD,ship
YXM6NRK,0-22000-0-YXM6NRK,DEU,True,9.4,54.8,0.307532,pressure,2026-07-01 00:00:00+00:00,DWD,ship
YYEGXDH,0-22000-0-YYEGXDH,USA,True,-91.9,46.8,0.882292,pressure,2026-07-01 00:00:00+00:00,DWD,ship
YZVRKWQ,0-22000-0-YZVRKWQ,USA,True,-129.2,31.0,0.351312,pressure,2026-07-01 00:00:00+00:00,DWD,ship
ZAXKN3H,0-22000-0-ZAXKN3H,USA,True,-75.4,-33.4,0.254151,pressure,2026-07-01 00:00:00+00:00,DWD,ship
ZBSP57W,0-22000-0-ZBSP57W,DEU,True,-73.14,-36.73,0.334807,pressure,2026-07-01 00:00:00+00:00,DWD,ship
ZBWCLYL,0-22000-0-ZBWCLYL,JPN,True,-38.5,43.2,1.592063,pressure,2026-07-01 00:00:00+00:00,DWD,ship
ZBZA5GS,0-22000-0-ZBZA5GS,GBR,True,122.1,23.8,0.96292,pressure,2026-07-01 00:00:00+00:00,DWD,ship
ZCQZCUN,0-22000-0-ZCQZCUN,USA,True,-147.5,60.6,1.35602,pressure,2026-07-01 00:00:00+00:00,DWD,ship
ZCW4XNR,0-22000-0-ZCW4XNR,JPN,True,-43.9,22.9,2.666666,pressure,2026-07-01 00:00:00+00:00,DWD,ship
ZDLK2QL,0-22000-0-ZDLK2QL,NLD,True,-38.87,42.5,0.312778,pressure,2026-07-01 00:00:00+00:00,DWD,ship
ZFRDR2L,0-22000-0-ZFRDR2L,USA,True,-80.8,41.9,0.78798,pressure,2026-07-01 00:00:00+00:00,DWD,ship
ZFTKQCT,0-22000-0-ZFTKQCT,DEU,True,35.3,-20.1,1.346085,pressure,2026-07-01 00:00:00+00:00,DWD,ship
ZGXRBQD,0-22000-0-ZGXRBQD,DEU,True,8.72,53.86,0.273517,pressure,2026-07-01 00:00:00+00:00,DWD,ship
ZHPBD5L,0-22000-0-ZHPBD5L,DEU,True,-17.46,22.86,0.438324,pressure,2026-07-01 00:00:00+00:00,DWD,ship
ZKKTR6H,0-22000-0-ZKKTR6H,USA,True,-83.3,19.4,0.431026,pressure,2026-07-01 00:00:00+00:00,DWD,ship
ZNK7XEZ,0-22000-0-ZNK7XEZ,USA,True,-163.1,46.3,1.643657,pressure,2026-07-01 00:00:00+00:00,DWD,ship
ZPUSUBB,0-22000-0-ZPUSUBB,JPN,True,-45.3,-27.3,2.511362,pressure,2026-07-01 00:00:00+00:00,DWD,ship
ZQBVSBE,0-22000-0-ZQBVSBE,FRA,True,-3.37,47.73,0.272094,pressure,2026-07-01 00:00:00+00:00,DWD,ship
ZQV7WFU,0-22000-0-ZQV7WFU,GBR,True,-9.9,43.4,2.566217,pressure,2026-07-01 00:00:00+00:00,DWD,ship
ZSWCQRH,0-22000-0-ZSWCQRH,DEU,True,116.73,16.9,0.364456,pressure,2026-07-01 00:00:00+00:00,DWD,ship
ZTNDLFM,0-22000-0-ZTNDLFM,CAN,True,-89.2,76.4,0.3248,pressure,2026-07-01 00:00:00+00:00,DWD,ship
ZUMLU6V,0-22000-0-ZUMLU6V,DEU,True,-72.2,38.5,2.095069,pressure,2026-07-01 00:00:00+00:00,DWD,ship
ZVMDSCR,0-22000-0-ZVMDSCR,JPN,True,70.0,-4.2,0.619855,pressure,2026-07-01 00:00:00+00:00,DWD,ship
ZWBB47L,0-22000-0-ZWBB47L,USA,True,-82.5,44.1,0.902975,pressure,2026-07-01 00:00:00+00:00,DWD,ship
ZWPN2LV,0-22000-0-ZWPN2LV,DEU,True,122.6,29.4,2.723276,pressure,2026-07-01 00:00:00+00:00,DWD,ship
ZXJS6LM,0-22000-0-ZXJS6LM,USA,True,-118.2,33.7,0.619139,pressure,2026-07-01 00:00:00+00:00,DWD,ship
ZXXGNNT,0-22000-0-ZXXGNNT,GBR,True,-71.7,-32.6,0.592709,pressure,2026-07-01 00:00:00+00:00,DWD,ship
ZYM76PW,0-22000-0-ZYM76PW,GBR,True,-7.3,57.1,0.268859,pressure,2026-07-01 00:00:00+00:00,DWD,ship
WSL3H7V,0-22000-0-WSL3H7V,DEU,True,-10.11,40.65,0.502288,pressure,2026-07-01 00:00:00+00:00,DWD,ship
Unknown,5LVJ9,,False,-175.39999389648438,54.5,4.953028,pressure,2026-07-01 00:00:00+00:00,DWD,ship
Unknown,NBGB,,False,-84.9000015258789,46.70000076293945,1.630541,pressure,2026-07-01 00:00:00+00:00,DWD,ship
Unknown,C6IA6,,False,108.5,6.5,4.009546,pressure,2026-07-01 00:00:00+00:00,DWD,ship
Unknown,2VTR5FE,,False,8.149999618530273,53.59000015258789,0.290163,pressure,2026-07-01 00:00:00+00:00,DWD,ship
Unknown,9HA6157,,False,-79.19999694824219,25.399999618530273,1.592126,pressure,2026-07-01 00:00:00+00:00,DWD,ship
SXZPW9C,0-22000-0-SXZPW9C,FRA,True,-23.01,72.11,0.196706,pressure,2026-07-01 00:00:00+00:00,DWD,ship
Unknown,9HA5357,,False,-97.19999694824219,21.0,1.743786,pressure,2026-07-01 00:00:00+00:00,DWD,ship
Unknown,C6IA3,,False,15.0,55.599998474121094,3.252507,pressure,2026-07-01 00:00:00+00:00,DWD,ship
Unknown,3EXP8,,False,130.6999969482422,24.899999618530273,0.500951,pressure,2026-07-01 00:00:00+00:00,DWD,ship
Unknown,C6FO7,,False,175.60000610351562,51.099998474121094,3.998943,pressure,2026-07-01 00:00:00+00:00,DWD,ship
Unknown,ONMD,,False,129.3000030517578,34.70000076293945,1.797901,pressure,2026-07-01 00:00:00+00:00,DWD,ship
Unknown,A8EI4,,False,173.3000030517578,54.099998474121094,3.554204,pressure,2026-07-01 00:00:00+00:00,DWD,ship
RVHN2QX,0-22000-0-RVHN2QX,USA,True,-133.0,56.8,0.594114,pressure,2026-07-01 00:00:00+00:00,DWD,ship
Unknown,JWS01,,False,-7.900000095367432,46.099998474121094,3.033039,pressure,2026-07-01 00:00:00+00:00,DWD,ship
YRQSH8U,0-22000-0-YRQSH8U,DEU,True,114.1,22.3,0.523427,pressure,2026-07-01 00:00:00+00:00,DWD,ship
Unknown,C6HZ6,,False,3.700000047683716,58.900001525878906,1.514688,pressure,2026-07-01 00:00:00+00:00,DWD,ship
Unknown,VDAC,,False,-86.19999694824219,47.20000076293945,4.458997,pressure,2026-07-01 00:00:00+00:00,DWD,ship
Unknown,7JZD,,False,145.1999969482422,33.5,0.531387,pressure,2026-07-01 00:00:00+00:00,DWD,ship
Unknown,VSJG7,,False,123.19999694824219,28.600000381469727,1.340272,pressure,2026-07-01 00:00:00+00:00,DWD,ship
Unknown,VRWP5,,False,131.5,36.5,2.320966,pressure,2026-07-01 00:00:00+00:00,DWD,ship
DXSHNGW,0-22000-0-DXSHNGW,GBR,True,-0.9,50.6,0.863595,pressure,2026-07-01 00:00:00+00:00,DWD,ship
FVKFJ7P,0-22000-0-FVKFJ7P,DEU,True,119.77,22.39,0.684173,pressure,2026-07-01 00:00:00+00:00,DWD,ship
NGDAHHQ,0-22000-0-NGDAHHQ,DEU,True,12.6,55.9,0.857617,pressure,2026-07-01 00:00:00+00:00,DWD,ship
Unknown,5LQD5,,False,153.5,39.900001525878906,3.148164,pressure,2026-07-01 00:00:00+00:00,DWD,ship
LYWZELQ,0-22000-0-LYWZELQ,AUS,True,125.7,-35.4,0.23788,pressure,2026-07-01 00:00:00+00:00,DWD,ship
Unknown,WDC8119,,False,-91.5999984741211,46.900001525878906,1.246038,pressure,2026-07-01 00:00:00+00:00,DWD,ship
Unknown,7KRY,,False,125.30000305175781,31.399999618530273,0.820598,pressure,2026-07-01 00:00:00+00:00,DWD,ship
Unknown,H9CB,,False,-164.3000030517578,67.5999984741211,5.341244,pressure,2026-07-01 00:00:00+00:00,DWD,ship
Unknown,PDQ4BUL,,False,8.149999618530273,53.59000015258789,0.301413,pressure,2026-07-01 00:00:00+00:00,DWD,ship
HKV6GTC,0-22000-0-HKV6GTC,JPN,True,71.7,15.1,0.59504,pressure,2026-07-01 00:00:00+00:00,DWD,ship
Unknown,V7A3035,,False,145.60000610351562,42.20000076293945,0.687209,pressure,2026-07-01 00:00:00+00:00,DWD,ship
Unknown,5LUO6,,False,132.89999389648438,26.399999618530273,1.851702,pressure,2026-07-01 00:00:00+00:00,DWD,ship
Unknown,VRWO7,,False,114.0,19.299999237060547,0.899207,pressure,2026-07-01 00:00:00+00:00,DWD,ship
6PG3U2J,0-22000-0-6PG3U2J,AUS,True,122.3,29.9,0.625211,pressure,2026-07-01 00:00:00+00:00,DWD,ship
Unknown,3FYP9,,False,-95.5999984741211,19.399999618530273,0.842631,pressure,2026-07-01 00:00:00+00:00,DWD,ship
Unknown,C6HZ9,,False,87.0999984741211,0.0,2.265101,pressure,2026-07-01 00:00:00+00:00,DWD,ship
VQJW7ML,0-22000-0-VQJW7ML,AUS,True,152.3,-34.0,0.491066,pressure,2026-07-01 00:00:00+00:00,DWD,ship
GYQ4R3A,0-22000-0-GYQ4R3A,JPN,True,-19.9,37.5,0.561942,pressure,2026-07-01 00:00:00+00:00,DWD,ship
Unknown,3FUY7,,False,78.0,6.800000190734863,2.184646,pressure,2026-07-01 00:00:00+00:00,DWD,ship
Unknown,9V8191,,False,103.9000015258789,1.100000023841858,2.186579,pressure,2026-07-01 00:00:00+00:00,DWD,ship
Unknown,9V8195,,False,3.5,52.0,2.859279,pressure,2026-07-01 00:00:00+00:00,DWD,ship
Unknown,5LPT9,,False,110.9000015258789,9.5,3.912695,pressure,2026-07-01 00:00:00+00:00,DWD,ship
Unknown,9V7676,,False,146.0,37.400001525878906,3.282464,pressure,2026-07-01 00:00:00+00:00,DWD,ship
Unknown,D5BM4,,False,-12.899999618530273,-14.399999618530273,0.753141,pressure,2026-07-01 00:00:00+00:00,DWD,ship
Unknown,7KTR,,False,142.0,29.899999618530273,0.715384,pressure,2026-07-01 00:00:00+00:00,DWD,ship
Unknown,7KRV,,False,148.10000610351562,16.899999618530273,0.465649,pressure,2026-07-01 00:00:00+00:00,DWD,ship
Unknown,3E8857,,False,146.89999389648438,36.599998474121094,2.448428,pressure,2026-07-01 00:00:00+00:00,DWD,ship
Unknown,C6XM2,,False,130.60000610351562,12.600000381469727,2.106101,pressure,2026-07-01 00:00:00+00:00,DWD,ship
Unknown,LAGZ8,,False,-67.9000015258789,40.900001525878906,5.283204,pressure,2026-07-01 00:00:00+00:00,DWD,ship
Unknown,SRC7UKE,,False,-16.700000762939453,32.70000076293945,0.198819,pressure,2026-07-01 00:00:00+00:00,DWD,ship
Unknown,V7A6573,,False,-5.5,-23.299999237060547,2.058265,pressure,2026-07-01 00:00:00+00:00,DWD,ship
9TYJUDY,0-22000-0-9TYJUDY,DEU,True,73.2,15.8,0.613943,pressure,2026-07-01 00:00:00+00:00,DWD,ship
Unknown,WDM3082,,False,-166.39999389648438,68.9000015258789,0.374816,pressure,2026-07-01 00:00:00+00:00,DWD,ship
Unknown,9V3277,,False,-74.0999984741211,40.599998474121094,0.872833,pressure,2026-07-01 00:00:00+00:00,DWD,ship
Unknown,9V8193,,False,103.9000015258789,1.2000000476837158,0.799837,pressure,2026-07-01 00:00:00+00:00,DWD,ship
Unknown,9V8136,,False,-80.30000305175781,31.899999618530273,1.813635,pressure,2026-07-01 00:00:00+00:00,DWD,ship
Unknown,9V8593,,False,124.80000305175781,32.20000076293945,1.560397,pressure,2026-07-01 00:00:00+00:00,DWD,ship
Unknown,9V7673,,False,17.0,-37.0,2.279077,pressure,2026-07-01 00:00:00+00:00,DWD,ship
Unknown,9V5015,,False,-79.9000015258789,32.79999923706055,0.552225,pressure,2026-07-01 00:00:00+00:00,DWD,ship
2JQFMZZ,0-22000-0-2JQFMZZ,DEU,True,29.6,31.3,0.835928,pressure,2026-07-01 00:00:00+00:00,DWD,ship
PWC3Z6Z,0-22000-0-PWC3Z6Z,USA,True,149.0,43.6,1.960427,pressure,2026-07-01 00:00:00+00:00,DWD,ship
Unknown,9V9255,,False,-81.4000015258789,6.900000095367432,0.387286,pressure,2026-07-01 00:00:00+00:00,DWD,ship
Unknown,9V9205,,False,129.39999389648438,33.900001525878906,0.801727,pressure,2026-07-01 00:00:00+00:00,DWD,ship
Unknown,3FMC6,,False,-178.89999389648438,54.20000076293945,3.669737,pressure,2026-07-01 00:00:00+00:00,DWD,ship
Unknown,9V7677,,False,-134.6999969482422,28.399999618530273,0.862201,pressure,2026-07-01 00:00:00+00:00,DWD,ship
Unknown,VOSL,,False,-83.5,45.5,2.816812,pressure,2026-07-01 00:00:00+00:00,DWD,ship
Unknown,CQ2153,,False,95.80000305175781,6.5,2.366101,pressure,2026-07-01 00:00:00+00:00,DWD,ship
Unknown,7KSZ,,False,124.4000015258789,21.399999618530273,0.653138,pressure,2026-07-01 00:00:00+00:00,DWD,ship
Unknown,C6HZ7,,False,137.5,40.20000076293945,2.992561,pressure,2026-07-01 00:00:00+00:00,DWD,ship
Unknown,9V3711,,False,-79.4000015258789,8.699999809265137,0.700318,pressure,2026-07-01 00:00:00+00:00,DWD,ship
APYF9UW,0-22000-0-APYF9UW,USA,True,-121.5,-18.2,0.476325,pressure,2026-07-01 00:00:00+00:00,DWD,ship
Unknown,9V8592,,False,-13.399999618530273,42.20000076293945,1.536571,pressure,2026-07-01 00:00:00+00:00,DWD,ship
Unknown,7KEE,,False,149.60000610351562,-21.100000381469727,2.125934,pressure,2026-07-01 00:00:00+00:00,DWD,ship
Unknown,9V6671,,False,107.0,10.5,0.621461,pressure,2026-07-01 00:00:00+00:00,DWD,ship
Unknown,ATEJ2,,False,48.900001525878906,29.399999618530273,2.640925,pressure,2026-07-01 00:00:00+00:00,DWD,ship
7EXYMAU,0-22000-0-7EXYMAU,JPN,True,136.9,33.8,0.62148,pressure,2026-07-01 00:00:00+00:00,DWD,ship
Unknown,SZRLS4D,,False,2.5999999046325684,39.599998474121094,0.20781,pressure,2026-07-01 00:00:00+00:00,DWD,ship
Unknown,9VBC9,,False,-173.1999969482422,19.899999618530273,2.156788,pressure,2026-07-01 00:00:00+00:00,DWD,ship
Unknown,WDI6117,,False,-150.0,61.20000076293945,0.393309,pressure,2026-07-01 00:00:00+00:00,DWD,ship
Unknown,7KTE,,False,120.30000305175781,9.899999618530273,3.02186,pressure,2026-07-01 00:00:00+00:00,DWD,ship
Unknown,9V5046,,False,162.89999389648438,15.0,1.390265,pressure,2026-07-01 00:00:00+00:00,DWD,ship
Unknown,7KUK,,False,134.1999969482422,21.5,1.292169,pressure,2026-07-01 00:00:00+00:00,DWD,ship
MLYNN2N,0-22000-0-MLYNN2N,JPN,True,154.2,23.1,0.235412,pressure,2026-07-01 00:00:00+00:00,DWD,ship
Unknown,5LOH5,,False,84.0999984741211,-2.4000000953674316,3.866071,pressure,2026-07-01 00:00:00+00:00,DWD,ship
Unknown,9V9219,,False,167.8000030517578,31.0,2.079866,pressure,2026-07-01 00:00:00+00:00,DWD,ship
Unknown,5LOH4,,False,-2.0999999046325684,36.29999923706055,2.271292,pressure,2026-07-01 00:00:00+00:00,DWD,ship
Unknown,WDD3741,,False,-122.30000305175781,47.599998474121094,0.33941,pressure,2026-07-01 00:00:00+00:00,DWD,ship
Unknown,V7A6831,,False,-79.5,27.100000381469727,0.622815,pressure,2026-07-01 00:00:00+00:00,DWD,ship
JWVFZCU,0-22000-0-JWVFZCU,FRA,True,1.86,50.97,0.618522,pressure,2026-07-01 00:00:00+00:00,DWD,ship
Unknown,WXOBS,,False,-79.69999694824219,29.299999237060547,0.590825,pressure,2026-07-01 00:00:00+00:00,DWD,ship
5BHV42J,0-22000-0-5BHV42J,FRA,True,-4.78,49.47,0.234504,pressure,2026-07-01 00:00:00+00:00,DWD,ship
Unknown,5LZD7,,False,-175.89999389648438,47.70000076293945,3.770357,pressure,2026-07-01 00:00:00+00:00,DWD,ship
Unknown,XCS4A4R,,False,116.9000015258789,-35.5,2.348406,pressure,2026-07-01 00:00:00+00:00,DWD,ship
Unknown,9VDO5,,False,127.30000305175781,33.20000076293945,1.495574,pressure,2026-07-01 00:00:00+00:00,DWD,ship
Unknown,7JQT,,False,116.5,-14.800000190734863,1.271127,pressure,2026-07-01 00:00:00+00:00,DWD,ship
Unknown,9V2952,,False,144.10000610351562,27.399999618530273,2.435264,pressure,2026-07-01 00:00:00+00:00,DWD,ship
Unknown,WDD6704,,False,-90.0,29.899999618530273,0.361326,pressure,2026-07-01 00:00:00+00:00,DWD,ship
Unknown,5LYQ3,,False,-134.10000610351562,12.399999618530273,4.260834,pressure,2026-07-01 00:00:00+00:00,DWD,ship
Unknown,9V3785,,False,-77.80000305175781,32.900001525878906,0.23319,pressure,2026-07-01 00:00:00+00:00,DWD,ship
Unknown,C6WO8,,False,133.10000610351562,22.700000762939453,4.385586,pressure,2026-07-01 00:00:00+00:00,DWD,ship
LRQ5GAY,0-22000-0-LRQ5GAY,KOR,True,-178.0,49.7,0.284683,pressure,2026-07-01 00:00:00+00:00,DWD,ship
NHEFQKT,0-22000-0-NHEFQKT,FRA,True,9.83,37.19,0.502653,pressure,2026-07-01 00:00:00+00:00,DWD,ship
Unknown,LF7J,,False,2.549999952316284,58.84000015258789,0.334663,pressure,2026-07-01 00:00:00+00:00,DWD,ship
Unknown,LF3G,,False,2.190000057220459,61.18000030517578,0.705456,pressure,2026-07-01 00:00:00+00:00,DWD,ship
Unknown,LF3M,,False,2.200000047683716,61.20000076293945,0.292143,pressure,2026-07-01 00:00:00+00:00,DWD,ship
Unknown,AVLD,,False,81.9000015258789,12.899999618530273,2.341819,pressure,2026-07-01 00:00:00+00:00,DWD,ship
Unknown,7KMO,,False,144.39999389648438,34.599998474121094,0.481539,pressure,2026-07-01 00:00:00+00:00,DWD,ship
TFAVSRM,0-22000-0-TFAVSRM,DEU,True,-16.3,8.8,0.958597,pressure,2026-07-01 00:00:00+00:00,DWD,ship
UXJ6V2N,0-22000-0-UXJ6V2N,NLD,True,4.8,53.01,0.251324,pressure,2026-07-01 00:00:00+00:00,DWD,ship
Unknown,KVBCCKL,,False,101.80000305175781,2.200000047683716,0.433167,pressure,2026-07-01 00:00:00+00:00,DWD,ship
Unknown,WDQ8403,,False,-143.0,59.20000076293945,0.833662,pressure,2026-07-01 00:00:00+00:00,DWD,ship
Unknown,VRTH7,,False,66.5,33.0,2.199978,pressure,2026-07-01 00:00:00+00:00,DWD,ship
Unknown,V7A5727,,False,-66.30000305175781,44.79999923706055,2.746381,pressure,2026-07-01 00:00:00+00:00,DWD,ship
Unknown,V7US2,,False,-41.70000076293945,-24.0,3.227714,pressure,2026-07-01 00:00:00+00:00,DWD,ship
Unknown,WDC7562,,False,-134.6999969482422,58.29999923706055,3.636291,pressure,2026-07-01 00:00:00+00:00,DWD,ship
Unknown,V7A5787,,False,132.39999389648438,30.299999237060547,1.141233,pressure,2026-07-01 00:00:00+00:00,DWD,ship
Unknown,FMJPBBA,,False,-50.900001525878906,0.0,2.818827,pressure,2026-07-01 00:00:00+00:00,DWD,ship
Unknown,V7B2583,,False,61.099998474121094,-32.900001525878906,3.472165,pressure,2026-07-01 00:00:00+00:00,DWD,ship
Unknown,A8KY3,,False,-72.5999984741211,-30.100000381469727,1.204073,pressure,2026-07-01 00:00:00+00:00,DWD,ship
Unknown,FMPR,,False,179.0,47.70000076293945,2.646602,pressure,2026-07-01 00:00:00+00:00,DWD,ship
Unknown,ZLDURLC,,False,81.80000305175781,5.900000095367432,2.065794,pressure,2026-07-01 00:00:00+00:00,DWD,ship
Unknown,7KVB,,False,107.30000305175781,-3.299999952316284,0.67988,pressure,2026-07-01 00:00:00+00:00,DWD,ship
Unknown,V7A5789,,False,60.29999923706055,-19.700000762939453,3.965377,pressure,2026-07-01 00:00:00+00:00,DWD,ship
Unknown,OVZO2,,False,-81.5999984741211,-1.899999976158142,4.784765,pressure,2026-07-01 00:00:00+00:00,DWD,ship
Unknown,9V2360,,False,122.69999694824219,-35.599998474121094,1.728914,pressure,2026-07-01 00:00:00+00:00,DWD,ship
Unknown,V7TM6J,,False,-26.600000381469727,-7.300000190734863,1.467317,pressure,2026-07-01 00:00:00+00:00,DWD,ship
Unknown,CZKXAGN,,False,122.69999694824219,30.399999618530273,0.732073,pressure,2026-07-01 00:00:00+00:00,DWD,ship
Unknown,7KNN,,False,136.8000030517578,20.399999618530273,0.549294,pressure,2026-07-01 00:00:00+00:00,DWD,ship
Unknown,9VMZ3,,False,29.0,40.400001525878906,1.755892,pressure,2026-07-01 00:00:00+00:00,DWD,ship
UHTW6MF,0-22000-0-UHTW6MF,DEU,True,142.3,22.6,1.080449,pressure,2026-07-01 00:00:00+00:00,DWD,ship
Unknown,BNRNR6P,,False,-10.100000381469727,32.29999923706055,0.714318,pressure,2026-07-01 00:00:00+00:00,DWD,ship
Unknown,ATHI2,,False,36.5,-24.100000381469727,1.022031,pressure,2026-07-01 00:00:00+00:00,DWD,ship
Unknown,9V5795,,False,112.30000305175781,12.399999618530273,3.412206,pressure,2026-07-01 00:00:00+00:00,DWD,ship
2PEFPQQ,0-22000-0-2PEFPQQ,JPN,True,-48.6,24.5,2.71507,pressure,2026-07-01 00:00:00+00:00,DWD,ship
Unknown,9VMY2,,False,12.699999809265137,-28.899999618530273,4.39873,pressure,2026-07-01 00:00:00+00:00,DWD,ship
KMQXTKS,0-22000-0-KMQXTKS,DEU,True,-14.4,6.4,0.970046,pressure,2026-07-01 00:00:00+00:00,DWD,ship
Unknown,VRWL2,,False,-139.6999969482422,37.20000076293945,3.51554,pressure,2026-07-01 00:00:00+00:00,DWD,ship
Unknown,9V2602,,False,83.80000305175781,-1.2999999523162842,4.30751,pressure,2026-07-01 00:00:00+00:00,DWD,ship
Unknown,SJKKLVW,,False,-5.5,57.79999923706055,0.428692,pressure,2026-07-01 00:00:00+00:00,DWD,ship
Unknown,9HA5959,,False,16.0,54.70000076293945,2.306988,pressure,2026-07-01 00:00:00+00:00,DWD,ship
8TVJPVR,0-22000-0-8TVJPVR,USA,True,121.1,35.7,0.730651,pressure,2026-07-01 00:00:00+00:00,DWD,ship
ZCPC7MW,0-22000-0-ZCPC7MW,DEU,True,150.2,-37.5,3.352262,pressure,2026-07-01 00:00:00+00:00,DWD,ship
Unknown,CTFM,,False,-9.699999809265137,41.20000076293945,0.871033,pressure,2026-07-01 00:00:00+00:00,DWD,ship
8YPWSVW,0-22000-0-8YPWSVW,DEU,True,-24.99,16.88,0.190376,pressure,2026-07-01 00:00:00+00:00,DWD,ship
Unknown,9V6324,,False,-80.9000015258789,-2.0999999046325684,4.111332,pressure,2026-07-01 00:00:00+00:00,DWD,ship
Unknown,VRWY9,,False,87.80000305175781,-17.0,4.167638,pressure,2026-07-01 00:00:00+00:00,DWD,ship
Unknown,C6BW5,,False,-175.89999389648438,48.20000076293945,0.921333,pressure,2026-07-01 00:00:00+00:00,DWD,ship
Unknown,WDJ4108,,False,-94.69999694824219,29.299999237060547,0.354843,pressure,2026-07-01 00:00:00+00:00,DWD,ship
Unknown,7KVI,,False,177.89999389648438,47.70000076293945,0.676577,pressure,2026-07-01 00:00:00+00:00,DWD,ship
Unknown,9V7879,,False,-76.0,-15.100000381469727,1.434493,pressure,2026-07-01 00:00:00+00:00,DWD,ship
Unknown,OVZP2,,False,158.10000610351562,45.29999923706055,2.725843,pressure,2026-07-01 00:00:00+00:00,DWD,ship
Unknown,S6CH8,,False,135.0,39.20000076293945,4.362637,pressure,2026-07-01 00:00:00+00:00,DWD,ship
Unknown,D5HW5,,False,-160.39999389648438,58.79999923706055,5.065763,pressure,2026-07-01 00:00:00+00:00,DWD,ship
Unknown,7KUW,,False,72.80000305175781,5.599999904632568,1.777163,pressure,2026-07-01 00:00:00+00:00,DWD,ship
2VTR5FE,0-22000-0-2VTR5FE,DEU,True,103.78,1.28,0.384167,pressure,2026-07-01 00:00:00+00:00,DWD,ship
XYRW58V,0-22000-0-XYRW58V,USA,True,-94.7,29.3,0.265181,pressure,2026-07-01 00:00:00+00:00,DWD,ship
ZWAL78W,0-22000-0-ZWAL78W,DEU,True,122.2,34.5,3.174552,pressure,2026-07-01 00:00:00+00:00,DWD,ship
Unknown,VROK8,,False,-135.0,38.099998474121094,0.551791,pressure,2026-07-01 00:00:00+00:00,DWD,ship
Unknown,VA5303,,False,-75.9000015258789,44.29999923706055,3.909108,pressure,2026-07-01 00:00:00+00:00,DWD,ship
Unknown,WDK4857,,False,176.60000610351562,51.79999923706055,2.595051,pressure,2026-07-01 00:00:00+00:00,DWD,ship
Unknown,V7A6629,,False,-166.0,60.400001525878906,1.137194,pressure,2026-07-01 00:00:00+00:00,DWD,ship
Unknown,3FVZ4,,False,118.19999694824219,-3.9000000953674316,2.458298,pressure,2026-07-01 00:00:00+00:00,DWD,ship
Unknown,5LEK6,,False,-155.3000030517578,44.79999923706055,4.533613,pressure,2026-07-01 00:00:00+00:00,DWD,ship
Unknown,WDQ9862,,False,-132.0,42.20000076293945,3.302712,pressure,2026-07-01 00:00:00+00:00,DWD,ship
Unknown,WDC6944,,False,-126.69999694824219,50.599998474121094,1.399164,pressure,2026-07-01 00:00:00+00:00,DWD,ship
Unknown,C6CF8,,False,-39.599998474121094,5.699999809265137,2.84349,pressure,2026-07-01 00:00:00+00:00,DWD,ship
Unknown,9V3808,,False,-169.10000610351562,48.20000076293945,4.016193,pressure,2026-07-01 00:00:00+00:00,DWD,ship
Unknown,9VMZ4,,False,-166.8000030517578,49.20000076293945,1.466769,pressure,2026-07-01 00:00:00+00:00,DWD,ship
Unknown,9V9626,,False,-88.0999984741211,-29.299999237060547,2.359872,pressure,2026-07-01 00:00:00+00:00,DWD,ship
Unknown,WDN7246C,,False,-120.5999984741211,32.099998474121094,2.557312,pressure,2026-07-01 00:00:00+00:00,DWD,ship
Unknown,9V5380,,False,154.10000610351562,43.900001525878906,1.690725,pressure,2026-07-01 00:00:00+00:00,DWD,ship
Unknown,5LKH3,,False,168.1999969482422,27.5,1.055231,pressure,2026-07-01 00:00:00+00:00,DWD,ship
Unknown,ONOW,,False,120.4000015258789,8.300000190734863,0.326614,pressure,2026-07-01 00:00:00+00:00,DWD,ship
Unknown,5LEK9,,False,168.89999389648438,47.79999923706055,3.853105,pressure,2026-07-01 00:00:00+00:00,DWD,ship
Unknown,OVZS2,,False,74.5999984741211,0.4000000059604645,0.792592,pressure,2026-07-01 00:00:00+00:00,DWD,ship
Unknown,9V6210,,False,-25.700000762939453,40.099998474121094,3.217519,pressure,2026-07-01 00:00:00+00:00,DWD,ship
HWGHE3L,0-22000-0-HWGHE3L,DEU,True,9.81,54.79,0.171338,pressure,2026-07-01 00:00:00+00:00,DWD,ship
Unknown,32ST0,,False,-85.69999694824219,22.5,0.761338,pressure,2026-07-01 00:00:00+00:00,ECMWF,ship
Unknown,41004,,False,-79.0999984741211,32.5,0.205595,pressure,2026-07-01 00:00:00+00:00,ECMWF,ship
Unknown,41013,,False,-77.80000305175781,33.400001525878906,0.232584,pressure,2026-07-01 00:00:00+00:00,ECMWF,ship
Unknown,41037,,False,-77.4000015258789,34.0,0.392198,pressure,2026-07-01 00:00:00+00:00,ECMWF,ship
Unknown,41047,,False,-71.5,27.5,0.395297,pressure,2026-07-01 00:00:00+00:00,ECMWF,ship
Unknown,41049,,False,-62.29999923706055,27.5,0.278496,pressure,2026-07-01 00:00:00+00:00,ECMWF,ship
Unknown,41053,,False,-66.0999984741211,18.5,0.505862,pressure,2026-07-01 00:00:00+00:00,ECMWF,ship
Unknown,41056,,False,-65.5,18.299999237060547,0.590593,pressure,2026-07-01 00:00:00+00:00,ECMWF,ship
Unknown,41064,,False,-76.9000015258789,34.20000076293945,1.043828,pressure,2026-07-01 00:00:00+00:00,ECMWF,ship
Unknown,41083,,False,-74.9000015258789,35.70000076293945,0.285645,pressure,2026-07-01 00:00:00+00:00,ECMWF,ship
Unknown,42001,,False,-89.69999694824219,25.899999618530273,0.147659,pressure,2026-07-01 00:00:00+00:00,ECMWF,ship
Unknown,42012,,False,-87.5,30.100000381469727,0.200963,pressure,2026-07-01 00:00:00+00:00,ECMWF,ship
Unknown,42026,,False,-83.5,25.200000762939453,0.185631,pressure,2026-07-01 00:00:00+00:00,ECMWF,ship
Unknown,42057,,False,-81.5999984741211,17.0,0.11783,pressure,2026-07-01 00:00:00+00:00,ECMWF,ship
Unknown,44007,,False,-70.0999984741211,43.5,0.443929,pressure,2026-07-01 00:00:00+00:00,ECMWF,ship
Unknown,44009,,False,-74.69999694824219,38.5,0.159948,pressure,2026-07-01 00:00:00+00:00,ECMWF,ship
Unknown,44013,,False,-70.69999694824219,42.29999923706055,0.190549,pressure,2026-07-01 00:00:00+00:00,ECMWF,ship
Unknown,44020,,False,-70.30000305175781,41.5,1.06362,pressure,2026-07-01 00:00:00+00:00,ECMWF,ship
Unknown,44025,,False,-73.19999694824219,40.29999923706055,0.252685,pressure,2026-07-01 00:00:00+00:00,ECMWF,ship
Unknown,44027,,False,-67.30000305175781,44.29999923706055,1.051508,pressure,2026-07-01 00:00:00+00:00,ECMWF,ship
Unknown,44065,,False,-73.69999694824219,40.400001525878906,0.205282,pressure,2026-07-01 00:00:00+00:00,ECMWF,ship
Unknown,44137,,False,-62.0,42.29999923706055,0.310812,pressure,2026-07-01 00:00:00+00:00,ECMWF,ship
Unknown,45002,,False,-86.4000015258789,45.29999923706055,0.229116,pressure,2026-07-01 00:00:00+00:00,ECMWF,ship
Unknown,45005,,False,-82.4000015258789,41.70000076293945,0.36726,pressure,2026-07-01 00:00:00+00:00,ECMWF,ship
Unknown,45012,,False,-77.4000015258789,43.599998474121094,0.190263,pressure,2026-07-01 00:00:00+00:00,ECMWF,ship
Unknown,45013,,False,-87.80000305175781,43.099998474121094,0.757594,pressure,2026-07-01 00:00:00+00:00,ECMWF,ship
Unknown,45023,,False,-88.5999984741211,47.29999923706055,0.223429,pressure,2026-07-01 00:00:00+00:00,ECMWF,ship
Unknown,45025,,False,-88.4000015258789,47.0,0.281303,pressure,2026-07-01 00:00:00+00:00,ECMWF,ship
Unknown,45026,,False,-86.5999984741211,42.0,1.380962,pressure,2026-07-01 00:00:00+00:00,ECMWF,ship
Unknown,45028,,False,-91.80000305175781,46.79999923706055,0.355415,pressure,2026-07-01 00:00:00+00:00,ECMWF,ship
Unknown,45132,,False,-81.19999694824219,42.5,0.241411,pressure,2026-07-01 00:00:00+00:00,ECMWF,ship
Unknown,45135,,False,-76.9000015258789,43.79999923706055,0.202816,pressure,2026-07-01 00:00:00+00:00,ECMWF,ship
Unknown,45137,,False,-81.0,45.5,0.470623,pressure,2026-07-01 00:00:00+00:00,ECMWF,ship
Unknown,45139,,False,-79.5,43.29999923706055,0.173103,pressure,2026-07-01 00:00:00+00:00,ECMWF,ship
Unknown,45140,,False,-96.69999694824219,50.79999923706055,0.433298,pressure,2026-07-01 00:00:00+00:00,ECMWF,ship
Unknown,45142,,False,-79.30000305175781,42.70000076293945,0.277332,pressure,2026-07-01 00:00:00+00:00,ECMWF,ship
Unknown,45143,,False,-80.5999984741211,44.900001525878906,0.434936,pressure,2026-07-01 00:00:00+00:00,ECMWF,ship
Unknown,45145,,False,-97.0,51.900001525878906,0.400324,pressure,2026-07-01 00:00:00+00:00,ECMWF,ship
Unknown,45147,,False,-81.9000015258789,42.400001525878906,0.314182,pressure,2026-07-01 00:00:00+00:00,ECMWF,ship
Unknown,45148,,False,-94.5,49.70000076293945,0.560358,pressure,2026-07-01 00:00:00+00:00,ECMWF,ship
Unknown,45149,,False,-82.0999984741211,43.5,0.219013,pressure,2026-07-01 00:00:00+00:00,ECMWF,ship
Unknown,45151,,False,-79.4000015258789,44.5,0.577451,pressure,2026-07-01 00:00:00+00:00,ECMWF,ship
Unknown,45152,,False,-79.69999694824219,46.20000076293945,0.544898,pressure,2026-07-01 00:00:00+00:00,ECMWF,ship
Unknown,45154,,False,-82.5999984741211,46.0,0.436801,pressure,2026-07-01 00:00:00+00:00,ECMWF,ship
Unknown,45159,,False,-79.0,43.79999923706055,0.27887,pressure,2026-07-01 00:00:00+00:00,ECMWF,ship
Unknown,45161,,False,-86.4000015258789,43.20000076293945,9.85314,pressure,2026-07-01 00:00:00+00:00,ECMWF,ship
Unknown,45163,,False,-83.5999984741211,44.0,0.693371,pressure,2026-07-01 00:00:00+00:00,ECMWF,ship
Unknown,45168,,False,-86.30000305175781,42.400001525878906,0.53552,pressure,2026-07-01 00:00:00+00:00,ECMWF,ship
Unknown,45174,,False,-87.69999694824219,42.099998474121094,3.600875,pressure,2026-07-01 00:00:00+00:00,ECMWF,ship
Unknown,45175,,False,-84.80000305175781,45.79999923706055,0.239581,pressure,2026-07-01 00:00:00+00:00,ECMWF,ship
Unknown,45186,,False,-87.80000305175781,42.400001525878906,1.068179,pressure,2026-07-01 00:00:00+00:00,ECMWF,ship
Unknown,45187,,False,-87.80000305175781,42.5,1.11696,pressure,2026-07-01 00:00:00+00:00,ECMWF,ship
Unknown,45196,,False,-81.9000015258789,41.5,0.465083,pressure,2026-07-01 00:00:00+00:00,ECMWF,ship
Unknown,45199,,False,-87.5999984741211,42.70000076293945,1.595569,pressure,2026-07-01 00:00:00+00:00,ECMWF,ship
Unknown,45200,,False,-83.4000015258789,41.70000076293945,0.357481,pressure,2026-07-01 00:00:00+00:00,ECMWF,ship
Unknown,45201,,False,82.80000305175781,41.599998474121094,14.746092,pressure,2026-07-01 00:00:00+00:00,ECMWF,ship
Unknown,45202,,False,-82.9000015258789,41.5,0.303642,pressure,2026-07-01 00:00:00+00:00,ECMWF,ship
Unknown,45205,,False,-81.69999694824219,41.5,0.929922,pressure,2026-07-01 00:00:00+00:00,ECMWF,ship
Unknown,45206,,False,-81.5999984741211,41.599998474121094,0.345759,pressure,2026-07-01 00:00:00+00:00,ECMWF,ship
Unknown,45216,,False,-89.30000305175781,46.900001525878906,0.228914,pressure,2026-07-01 00:00:00+00:00,ECMWF,ship
Unknown,46011,,False,-121.0,34.900001525878906,0.240153,pressure,2026-07-01 00:00:00+00:00,ECMWF,ship
Unknown,46014,,False,-124.0,39.20000076293945,0.139242,pressure,2026-07-01 00:00:00+00:00,ECMWF,ship
Unknown,46022,,False,-124.5,40.70000076293945,0.252878,pressure,2026-07-01 00:00:00+00:00,ECMWF,ship
Unknown,46041,,False,-124.69999694824219,47.400001525878906,0.29443,pressure,2026-07-01 00:00:00+00:00,ECMWF,ship
Unknown,46050,,False,-124.5,44.70000076293945,0.161781,pressure,2026-07-01 00:00:00+00:00,ECMWF,ship
Unknown,46053,,False,-119.80000305175781,34.20000076293945,0.199576,pressure,2026-07-01 00:00:00+00:00,ECMWF,ship
Unknown,46061,,False,-146.8000030517578,60.20000076293945,0.306756,pressure,2026-07-01 00:00:00+00:00,ECMWF,ship
Unknown,46069,,False,-120.19999694824219,33.70000076293945,0.431069,pressure,2026-07-01 00:00:00+00:00,ECMWF,ship
Unknown,46073,,False,-172.0,55.0,0.765782,pressure,2026-07-01 00:00:00+00:00,ECMWF,ship
Unknown,46075,,False,-160.8000030517578,54.0,0.579999,pressure,2026-07-01 00:00:00+00:00,ECMWF,ship
Unknown,46076,,False,-148.0,59.5,0.252208,pressure,2026-07-01 00:00:00+00:00,ECMWF,ship
Unknown,46078,,False,-152.60000610351562,55.599998474121094,0.27328,pressure,2026-07-01 00:00:00+00:00,ECMWF,ship
Unknown,46081,,False,-148.3000030517578,60.79999923706055,0.253787,pressure,2026-07-01 00:00:00+00:00,ECMWF,ship
Unknown,46088,,False,-123.19999694824219,48.29999923706055,0.316376,pressure,2026-07-01 00:00:00+00:00,ECMWF,ship
Unknown,46131,,False,-125.0,49.900001525878906,0.224237,pressure,2026-07-01 00:00:00+00:00,ECMWF,ship
Unknown,46146,,False,-123.69999694824219,49.29999923706055,0.24989,pressure,2026-07-01 00:00:00+00:00,ECMWF,ship
Unknown,46303,,False,-123.4000015258789,49.0,0.308829,pressure,2026-07-01 00:00:00+00:00,ECMWF,ship
Unknown,46304,,False,-123.4000015258789,49.29999923706055,0.23601,pressure,2026-07-01 00:00:00+00:00,ECMWF,ship
Unknown,51000,,False,-153.8000030517578,23.5,0.353479,pressure,2026-07-01 00:00:00+00:00,ECMWF,ship
Unknown,51001,,False,-162.0,24.5,1.407516,pressure,2026-07-01 00:00:00+00:00,ECMWF,ship
Unknown,51004,,False,-152.1999969482422,17.5,0.166812,pressure,2026-07-01 00:00:00+00:00,ECMWF,ship
Unknown,62050,,False,-4.400000095367432,50.0,0.13785,pressure,2026-07-01 00:00:00+00:00,ECMWF,ship
Unknown,62102,,False,1.7999999523162842,57.900001525878906,0.152348,pressure,2026-07-01 00:00:00+00:00,ECMWF,ship
Unknown,62118,,False,0.8999999761581421,57.70000076293945,0.328609,pressure,2026-07-01 00:00:00+00:00,ECMWF,ship
Unknown,62121,,False,2.700000047683716,53.5,0.163393,pressure,2026-07-01 00:00:00+00:00,ECMWF,ship
Unknown,62122,,False,1.600000023841858,57.29999923706055,0.251264,pressure,2026-07-01 00:00:00+00:00,ECMWF,ship
Unknown,62124,,False,-3.5999999046325684,53.599998474121094,0.354705,pressure,2026-07-01 00:00:00+00:00,ECMWF,ship
Unknown,62129,,False,0.30000001192092896,58.400001525878906,0.18325,pressure,2026-07-01 00:00:00+00:00,ECMWF,ship
Unknown,62132,,False,2.0,56.400001525878906,0.384439,pressure,2026-07-01 00:00:00+00:00,ECMWF,ship
Unknown,62133,,False,0.8999999761581421,57.099998474121094,0.194491,pressure,2026-07-01 00:00:00+00:00,ECMWF,ship
Unknown,62134,,False,1.399999976158142,58.0,0.229463,pressure,2026-07-01 00:00:00+00:00,ECMWF,ship
Unknown,62140,,False,1.2999999523162842,57.29999923706055,0.192709,pressure,2026-07-01 00:00:00+00:00,ECMWF,ship
Unknown,62143,,False,1.7999999523162842,57.70000076293945,0.646481,pressure,2026-07-01 00:00:00+00:00,ECMWF,ship
Unknown,62145,,False,2.799999952316284,53.099998474121094,0.269763,pressure,2026-07-01 00:00:00+00:00,ECMWF,ship
Unknown,62146,,False,2.0999999046325684,57.20000076293945,0.303768,pressure,2026-07-01 00:00:00+00:00,ECMWF,ship
Unknown,62148,,False,1.5,53.599998474121094,0.29161,pressure,2026-07-01 00:00:00+00:00,ECMWF,ship
Unknown,62151,,False,2.200000047683716,56.79999923706055,0.140172,pressure,2026-07-01 00:00:00+00:00,ECMWF,ship
Unknown,62152,,False,1.7999999523162842,57.0,0.379096,pressure,2026-07-01 00:00:00+00:00,ECMWF,ship
Unknown,62153,,False,2.0,57.29999923706055,0.342903,pressure,2026-07-01 00:00:00+00:00,ECMWF,ship
Unknown,62155,,False,0.699999988079071,57.70000076293945,0.378208,pressure,2026-07-01 00:00:00+00:00,ECMWF,ship
Unknown,62160,,False,2.299999952316284,56.599998474121094,0.188061,pressure,2026-07-01 00:00:00+00:00,ECMWF,ship
Unknown,62162,,False,0.5,57.400001525878906,0.199773,pressure,2026-07-01 00:00:00+00:00,ECMWF,ship
Unknown,62163,,False,-8.5,47.5,0.168088,pressure,2026-07-01 00:00:00+00:00,ECMWF,ship
Unknown,62164,,False,0.800000011920929,57.20000076293945,0.217613,pressure,2026-07-01 00:00:00+00:00,ECMWF,ship
Unknown,62165,,False,1.100000023841858,54.0,0.370756,pressure,2026-07-01 00:00:00+00:00,ECMWF,ship
Unknown,62168,,False,1.100000023841858,58.0,0.198729,pressure,2026-07-01 00:00:00+00:00,ECMWF,ship
Unknown,62170,,False,2.0,51.400001525878906,0.388044,pressure,2026-07-01 00:00:00+00:00,ECMWF,ship
Unknown,62304,,False,1.7999999523162842,51.20000076293945,0.183765,pressure,2026-07-01 00:00:00+00:00,ECMWF,ship
Unknown,62305,,False,0.0,50.400001525878906,0.23177,pressure,2026-07-01 00:00:00+00:00,ECMWF,ship
Unknown,62442,,False,-16.399999618530273,49.0,0.187487,pressure,2026-07-01 00:00:00+00:00,ECMWF,ship
Unknown,63055,,False,1.600000023841858,60.599998474121094,0.290142,pressure,2026-07-01 00:00:00+00:00,ECMWF,ship
Unknown,63056,,False,1.600000023841858,59.70000076293945,0.265305,pressure,2026-07-01 00:00:00+00:00,ECMWF,ship
Unknown,63058,,False,2.200000047683716,53.0,0.170603,pressure,2026-07-01 00:00:00+00:00,ECMWF,ship
Unknown,63059,,False,-0.8999999761581421,57.79999923706055,0.466541,pressure,2026-07-01 00:00:00+00:00,ECMWF,ship
Unknown,63102,,False,1.399999976158142,60.79999923706055,0.22723,pressure,2026-07-01 00:00:00+00:00,ECMWF,ship
Unknown,63108,,False,1.7000000476837158,60.79999923706055,0.344532,pressure,2026-07-01 00:00:00+00:00,ECMWF,ship
Unknown,63115,,False,1.2999999523162842,61.599998474121094,0.238985,pressure,2026-07-01 00:00:00+00:00,ECMWF,ship
Unknown,64045,,False,-11.699999809265137,59.099998474121094,0.298925,pressure,2026-07-01 00:00:00+00:00,ECMWF,ship
Unknown,7KPB,,False,128.0,31.200000762939453,0.228646,pressure,2026-07-01 00:00:00+00:00,ECMWF,ship
Unknown,9SYU6TM,,False,18.799999237060547,54.400001525878906,1.696475,pressure,2026-07-01 00:00:00+00:00,ECMWF,ship
Unknown,9V9758,,False,144.5,42.099998474121094,0.988694,pressure,2026-07-01 00:00:00+00:00,ECMWF,ship
Unknown,C6GY5,,False,-86.5,20.700000762939453,1.394891,pressure,2026-07-01 00:00:00+00:00,ECMWF,ship
Unknown,EUCPT01,,False,-10.65999984741211,38.43000030517578,0.832478,pressure,2026-07-01 00:00:00+00:00,ECMWF,ship
Unknown,KCOJ,,False,-94.5,13.899999618530273,0.209064,pressure,2026-07-01 00:00:00+00:00,ECMWF,ship
Unknown,LAOU7,,False,19.420000076293945,70.29000091552734,0.685856,pressure,2026-07-01 00:00:00+00:00,ECMWF,ship
Unknown,LF3I,,False,2.140000104904175,61.45000076293945,0.27758,pressure,2026-07-01 00:00:00+00:00,ECMWF,ship
Unknown,LF6L,,False,1.850000023841858,61.2599983215332,0.360194,pressure,2026-07-01 00:00:00+00:00,ECMWF,ship
Unknown,LF6T,,False,2.799999952316284,60.38999938964844,0.426334,pressure,2026-07-01 00:00:00+00:00,ECMWF,ship
Unknown,LF7I,,False,6.550000190734863,64.98999786376953,1.322013,pressure,2026-07-01 00:00:00+00:00,ECMWF,ship
Unknown,LF8F,,False,1.7400000095367432,58.849998474121094,0.220675,pressure,2026-07-01 00:00:00+00:00,ECMWF,ship
Unknown,LF8G,,False,22.25,71.30999755859375,0.607122,pressure,2026-07-01 00:00:00+00:00,ECMWF,ship
Unknown,N261,,False,-3.4000000953674316,53.5,0.510988,pressure,2026-07-01 00:00:00+00:00,ECMWF,ship
Unknown,SPREP,,False,-68.69999694824219,48.79999923706055,1.477872,pressure,2026-07-01 00:00:00+00:00,ECMWF,ship
Unknown,URHPHJZ,,False,8.520000457763672,53.59000015258789,0.362414,pressure,2026-07-01 00:00:00+00:00,ECMWF,ship
Unknown,V7A5716,,False,139.10000610351562,34.70000076293945,2.085802,pressure,2026-07-01 00:00:00+00:00,ECMWF,ship
Unknown,WDO2002,,False,-65.5,42.0,0.382028,pressure,2026-07-01 00:00:00+00:00,ECMWF,ship
Unknown,WMCU,,False,-79.69999694824219,27.299999237060547,0.512855,pressure,2026-07-01 00:00:00+00:00,ECMWF,ship
Unknown,XXX,,False,92.69999694824219,11.699999809265137,0.650114,pressure,2026-07-01 00:00:00+00:00,ECMWF,ship
Unknown,ZQSD5,,False,0.800000011920929,58.29999923706055,0.258898,pressure,2026-07-01 00:00:00+00:00,ECMWF,ship
Unknown,3FMI2,,False,-19.899999618530273,7.099999904632568,2.893391,pressure,2026-07-01 00:00:00+00:00,ECMWF,ship
Unknown,D5VF2,,False,18.299999237060547,-34.599998474121094,1.177605,pressure,2026-07-01 00:00:00+00:00,ECMWF,ship
Unknown,D5YO9,,False,26.100000381469727,-34.0,0.40147,pressure,2026-07-01 00:00:00+00:00,ECMWF,ship
Unknown,V7A6442,,False,58.5,-18.899999618530273,4.737164,pressure,2026-07-01 00:00:00+00:00,ECMWF,ship
Unknown,V7TN7,,False,-18.5,16.200000762939453,1.488276,pressure,2026-07-01 00:00:00+00:00,ECMWF,ship
Unknown,VRVR2,,False,50.29999923706055,-25.299999237060547,0.295181,pressure,2026-07-01 00:00:00+00:00,ECMWF,ship
Unknown,WMPP,,False,-7.599999904632568,-3.0999999046325684,1.227289,pressure,2026-07-01 00:00:00+00:00,ECMWF,ship
Unknown,7KNE,,False,47.400001525878906,-26.0,1.751984,pressure,2026-07-01 00:00:00+00:00,ECMWF,ship
Unknown,7KPK,,False,128.39999389648438,8.0,1.355634,pressure,2026-07-01 00:00:00+00:00,ECMWF,ship
Unknown,VRNR6,,False,106.5,5.199999809265137,1.160849,pressure,2026-07-01 00:00:00+00:00,ECMWF,ship
Unknown,VRVC6,,False,79.5999984741211,-5.699999809265137,3.903446,pressure,2026-07-01 00:00:00+00:00,ECMWF,ship
Unknown,C6BI7,,False,4.300000190734863,61.5,1.434248,pressure,2026-07-01 00:00:00+00:00,ECMWF,ship
Unknown,C6WM7,,False,128.39999389648438,26.5,0.434797,pressure,2026-07-01 00:00:00+00:00,ECMWF,ship
Unknown,62107,,False,-6.099999904632568,50.099998474121094,0.465557,pressure,2026-07-01 00:00:00+00:00,ECMWF,ship
Unknown,V7A6419,,False,-75.30000305175781,15.699999809265137,2.099922,pressure,2026-07-01 00:00:00+00:00,ECMWF,ship
Unknown,UBMO9,,False,134.10000610351562,42.900001525878906,26.740475,pressure,2026-07-01 00:00:00+00:00,ECMWF,ship
Unknown,7JYZ,,False,151.10000610351562,5.800000190734863,0.612435,pressure,2026-07-01 00:00:00+00:00,ECMWF,ship
Unknown,VRQX5,,False,18.600000381469727,-34.599998474121094,0.604201,pressure,2026-07-01 00:00:00+00:00,ECMWF,ship
Unknown,5LML9,,False,-39.599998474121094,1.2000000476837158,0.734003,pressure,2026-07-01 00:00:00+00:00,ECMWF,ship
Unknown,9V3736,,False,57.29999923706055,24.600000381469727,1.531567,pressure,2026-07-01 00:00:00+00:00,ECMWF,ship
Unknown,VRLJ2,,False,-122.9000015258789,35.400001525878906,0.452036,pressure,2026-07-01 00:00:00+00:00,ECMWF,ship
Unknown,V7A6420,,False,11.899999618530273,37.70000076293945,8.943658,pressure,2026-07-01 00:00:00+00:00,ECMWF,ship
Unknown,ALGOM12,,False,82.0999984741211,41.900001525878906,0.662383,pressure,2026-07-01 00:00:00+00:00,ECMWF,ship
Unknown,VREX4,,False,79.69999694824219,6.0,0.777027,pressure,2026-07-01 00:00:00+00:00,ECMWF,ship
Unknown,42059,,False,-67.5,15.300000190734863,0.168273,pressure,2026-07-01 00:00:00+00:00,ECMWF,ship
Unknown,VRQS3,,False,93.69999694824219,5.400000095367432,1.449241,pressure,2026-07-01 00:00:00+00:00,ECMWF,ship
Unknown,ALGOM14,,False,-79.4000015258789,42.29999923706055,8.142158,pressure,2026-07-01 00:00:00+00:00,ECMWF,ship
Unknown,OZIB2,,False,132.39999389648438,36.79999923706055,5.055468,pressure,2026-07-01 00:00:00+00:00,ECMWF,ship
Unknown,VRSJ8,,False,111.4000015258789,9.800000190734863,2.150429,pressure,2026-07-01 00:00:00+00:00,ECMWF,ship
Unknown,LMSD,,False,11.079999923706055,58.0,3.768675,pressure,2026-07-01 00:00:00+00:00,ECMWF,ship
Unknown,ZCYA,,False,133.1999969482422,17.600000381469727,0.958966,pressure,2026-07-01 00:00:00+00:00,ECMWF,ship
Unknown,7KIQ,,False,102.19999694824219,1.899999976158142,1.820437,pressure,2026-07-01 00:00:00+00:00,ECMWF,ship
Unknown,7JXG,,False,117.0,22.700000762939453,2.097681,pressure,2026-07-01 00:00:00+00:00,ECMWF,ship
Unknown,3EPT9,,False,8.399999618530273,38.0,1.259399,pressure,2026-07-01 00:00:00+00:00,ECMWF,ship
Unknown,9303522,,False,-13.5,27.899999618530273,5.981867,pressure,2026-07-01 00:00:00+00:00,ECMWF,ship
Unknown,3ELI7,,False,-102.80000305175781,17.5,0.297178,pressure,2026-07-01 00:00:00+00:00,ECMWF,ship
Unknown,7JWL,,False,-174.5,48.79999923706055,1.414074,pressure,2026-07-01 00:00:00+00:00,ECMWF,ship
Unknown,3FHB8,,False,-7.599999904632568,46.400001525878906,8.532297,pressure,2026-07-01 00:00:00+00:00,ECMWF,ship
Unknown,45024,,False,-86.5999984741211,44.0,0.899552,pressure,2026-07-01 00:00:00+00:00,ECMWF,ship
Unknown,3E2428,,False,153.89999389648438,-28.0,2.000941,pressure,2026-07-01 00:00:00+00:00,ECMWF,ship
Unknown,V7YB2,,False,-167.6999969482422,41.900001525878906,1.546597,pressure,2026-07-01 00:00:00+00:00,ECMWF,ship
Unknown,V7A6495,,False,-20.0,-13.300000190734863,0.920688,pressure,2026-07-01 00:00:00+00:00,ECMWF,ship
Unknown,45022,,False,-85.0999984741211,45.400001525878906,1.062465,pressure,2026-07-01 00:00:00+00:00,ECMWF,ship
Unknown,C6GI9,,False,-80.5999984741211,28.399999618530273,0.334594,pressure,2026-07-01 00:00:00+00:00,ECMWF,ship
Unknown,3E5193,,False,-115.69999694824219,28.0,3.428364,pressure,2026-07-01 00:00:00+00:00,ECMWF,ship
Unknown,VNSZ,,False,144.39999389648438,-38.099998474121094,0.588738,pressure,2026-07-01 00:00:00+00:00,ECMWF,ship
Unknown,V7PR9,,False,-177.8000030517578,47.70000076293945,0.626257,pressure,2026-07-01 00:00:00+00:00,ECMWF,ship
Unknown,VRVI2,,False,-161.1999969482422,44.099998474121094,2.656639,pressure,2026-07-01 00:00:00+00:00,ECMWF,ship
Unknown,V7OJ3,,False,120.0,21.0,5.514658,pressure,2026-07-01 00:00:00+00:00,ECMWF,ship
Unknown,7KPZ,,False,-159.5,46.099998474121094,2.213293,pressure,2026-07-01 00:00:00+00:00,ECMWF,ship
Unknown,42023,,False,-83.0999984741211,26.0,0.203,pressure,2026-07-01 00:00:00+00:00,ECMWF,ship
Unknown,9HA3973,,False,-168.1999969482422,47.20000076293945,9.610893,pressure,2026-07-01 00:00:00+00:00,ECMWF,ship
Unknown,VEBN,,False,-66.0999984741211,65.9000015258789,2.093757,pressure,2026-07-01 00:00:00+00:00,ECMWF,ship
Unknown,7JUK,,False,126.80000305175781,25.100000381469727,0.76601,pressure,2026-07-01 00:00:00+00:00,ECMWF,ship
Unknown,7KKE,,False,123.0,23.399999618530273,4.284109,pressure,2026-07-01 00:00:00+00:00,ECMWF,ship
Unknown,KGOI,,False,11.5,56.400001525878906,0.473774,pressure,2026-07-01 00:00:00+00:00,ECMWF,ship
Unknown,V7A6509,,False,103.9000015258789,1.2000000476837158,16.290476,pressure,2026-07-01 00:00:00+00:00,ECMWF,ship
Unknown,7KCU,,False,147.60000610351562,18.299999237060547,0.549526,pressure,2026-07-01 00:00:00+00:00,ECMWF,ship
Unknown,D5MI2,,False,140.39999389648438,34.79999923706055,0.397484,pressure,2026-07-01 00:00:00+00:00,ECMWF,ship
Unknown,C6BX4,,False,-172.39999389648438,44.5,3.361339,pressure,2026-07-01 00:00:00+00:00,ECMWF,ship
Unknown,WPBU,,False,-174.1999969482422,46.5,8.533747,pressure,2026-07-01 00:00:00+00:00,ECMWF,ship
Unknown,ONLA,,False,-142.89999389648438,39.599998474121094,10.181035,pressure,2026-07-01 00:00:00+00:00,ECMWF,ship
Unknown,ONLW,,False,118.5999984741211,-20.100000381469727,2.595093,pressure,2026-07-01 00:00:00+00:00,ECMWF,ship
Unknown,MAZS9,,False,-167.1999969482422,47.5,101.846897,pressure,2026-07-01 00:00:00+00:00,ECMWF,ship
Unknown,WENP,,False,-76.5,39.20000076293945,0.398233,pressure,2026-07-01 00:00:00+00:00,ECMWF,ship
Unknown,WZC7602,,False,-83.19999694824219,44.5,0.840606,pressure,2026-07-01 00:00:00+00:00,ECMWF,ship
Unknown,62030,,False,-4.199999809265137,50.29999923706055,0.147778,pressure,2026-07-01 00:00:00+00:00,ECMWF,ship
Unknown,YGALBKD,,False,-37.0,-28.100000381469727,0.417594,pressure,2026-07-01 00:00:00+00:00,ECMWF,ship
Unknown,WDK3553,,False,-163.5,66.19999694824219,0.414476,pressure,2026-07-01 00:00:00+00:00,ECMWF,ship
Unknown,46204,,False,-128.6999969482422,51.400001525878906,0.247449,pressure,2026-07-01 00:00:00+00:00,ECMWF,ship
Unknown,ALBARO,,False,13.600000381469727,-29.5,1.153064,pressure,2026-07-01 00:00:00+00:00,ECMWF,ship
Unknown,EUCPT03,,False,-9.109999656677246,38.720001220703125,0.740762,pressure,2026-07-01 00:00:00+00:00,ECMWF,ship
Unknown,7XPKEJR,,False,8.579999923706055,10.609999656677246,0.174701,pressure,2026-07-01 00:00:00+00:00,ECMWF,ship
Unknown,XCCB4,,False,-109.69999694824219,24.899999618530273,0.287931,pressure,2026-07-01 00:00:00+00:00,ECMWF,ship
Unknown,LF6M,,False,1.8300000429153442,61.209999084472656,0.40195,pressure,2026-07-01 00:00:00+00:00,ECMWF,ship
Unknown,D5SU6,,False,-150.0,57.099998474121094,7.132397,pressure,2026-07-01 00:00:00+00:00,ECMWF,ship
Unknown,LF9J,,False,20.350000381469727,72.0,0.277611,pressure,2026-07-01 00:00:00+00:00,ECMWF,ship
Unknown,9V7647,,False,-164.5,54.29999923706055,12.123497,pressure,2026-07-01 00:00:00+00:00,ECMWF,ship
Unknown,5LTT5,,False,165.10000610351562,51.900001525878906,3.395848,pressure,2026-07-01 00:00:00+00:00,ECMWF,ship
Unknown,WDK4357,,False,-146.89999389648438,24.700000762939453,0.903065,pressure,2026-07-01 00:00:00+00:00,ECMWF,ship
Unknown,WPMF,,False,136.0,30.200000762939453,1.18614,pressure,2026-07-01 00:00:00+00:00,ECMWF,ship
Unknown,C6HZ8,,False,28.799999237060547,-34.900001525878906,2.106072,pressure,2026-07-01 00:00:00+00:00,ECMWF,ship
Unknown,ONKH,,False,124.5999984741211,35.400001525878906,2.405203,pressure,2026-07-01 00:00:00+00:00,ECMWF,ship
Unknown,D5XE9,,False,-158.89999389648438,42.70000076293945,0.446674,pressure,2026-07-01 00:00:00+00:00,ECMWF,ship
Unknown,WDP8459,,False,68.69999694824219,-13.800000190734863,0.852112,pressure,2026-07-01 00:00:00+00:00,ECMWF,ship
Unknown,4WHJXSN,,False,8.59000015258789,53.5099983215332,0.366446,pressure,2026-07-01 00:00:00+00:00,ECMWF,ship
Unknown,3E4046,,False,-11.100000381469727,41.400001525878906,1.397864,pressure,2026-07-01 00:00:00+00:00,ECMWF,ship
Unknown,C6GE2,,False,-80.5999984741211,28.399999618530273,0.404288,pressure,2026-07-01 00:00:00+00:00,ECMWF,ship
Unknown,WDG2754,,False,-75.4000015258789,39.79999923706055,3.159006,pressure,2026-07-01 00:00:00+00:00,ECMWF,ship
Unknown,WELQ,,False,-56.70000076293945,25.700000762939453,0.89172,pressure,2026-07-01 00:00:00+00:00,ECMWF,ship
Unknown,C6IA9,,False,-12.0,-31.299999237060547,1.495279,pressure,2026-07-01 00:00:00+00:00,ECMWF,ship
Unknown,TTXRR5H,,False,57.70000076293945,6.599999904632568,0.845961,pressure,2026-07-01 00:00:00+00:00,ECMWF,ship
Unknown,5QU5NHY,,False,12.109999656677246,54.099998474121094,0.199878,pressure,2026-07-01 00:00:00+00:00,ECMWF,ship
Unknown,UCQX,,False,-5.199999809265137,60.5,22.635671,pressure,2026-07-01 00:00:00+00:00,ECMWF,ship
Unknown,C6XQ5,,False,126.69999694824219,-1.399999976158142,0.827787,pressure,2026-07-01 00:00:00+00:00,ECMWF,ship
2CFRQLL,0-22000-0-2CFRQLL,JPN,True,126.8,25.1,1.688164,pressure,2026-07-01 00:00:00+00:00,ECMWF,ship
2FF9U8G,0-22000-0-2FF9U8G,USA,True,11.7,42.1,0.41792,pressure,2026-07-01 00:00:00+00:00,ECMWF,ship
2FQJJMZ,0-22000-0-2FQJJMZ,USA,True,9.7,43.5,0.514254,pressure,2026-07-01 00:00:00+00:00,ECMWF,ship
2FQXGQA,0-22000-0-2FQXGQA,USA,True,-131.0,53.9,2.60085,pressure,2026-07-01 00:00:00+00:00,ECMWF,ship
2JE2NPD,0-22000-0-2JE2NPD,USA,True,-122.3,47.5,0.407438,pressure,2026-07-01 00:00:00+00:00,ECMWF,ship
2JJPQ7Y,0-22000-0-2JJPQ7Y,CHN,True,104.6,3.4,1.804434,pressure,2026-07-01 00:00:00+00:00,ECMWF,ship
2KGEW3Q,0-22000-0-2KGEW3Q,GBR,True,-17.6,7.6,1.10015,pressure,2026-07-01 00:00:00+00:00,ECMWF,ship
2LTQWBZ,0-22000-0-2LTQWBZ,CHN,True,-127.7,34.1,1.084147,pressure,2026-07-01 00:00:00+00:00,ECMWF,ship
Unknown,SWRKAUG,,False,9.899999618530273,54.79999923706055,0.180391,pressure,2026-07-01 00:00:00+00:00,ECMWF,ship
2PN7YZN,0-22000-0-2PN7YZN,GBR,True,69.1,19.3,0.475145,pressure,2026-07-01 00:00:00+00:00,ECMWF,ship
2PP3NJC,0-22000-0-2PP3NJC,CHN,True,-90.7,12.4,4.326218,pressure,2026-07-01 00:00:00+00:00,ECMWF,ship
2RGRMLG,0-22000-0-2RGRMLG,JPN,True,152.9,-2.5,6.196348,pressure,2026-07-01 00:00:00+00:00,ECMWF,ship
2SJFXLU,0-22000-0-2SJFXLU,DEU,True,72.3,-2.1,1.563454,pressure,2026-07-01 00:00:00+00:00,ECMWF,ship
2TCKACB,0-22000-0-2TCKACB,USA,True,23.1,35.7,3.319031,pressure,2026-07-01 00:00:00+00:00,ECMWF,ship
2TSYPFD,0-22000-0-2TSYPFD,USA,True,123.2,29.7,0.551821,pressure,2026-07-01 00:00:00+00:00,ECMWF,ship
2XAKVHD,0-22000-0-2XAKVHD,DEU,True,-74.23,38.49,0.365227,pressure,2026-07-01 00:00:00+00:00,ECMWF,ship
2ZMV8HB,0-22000-0-2ZMV8HB,DEU,True,127.4,33.2,1.717441,pressure,2026-07-01 00:00:00+00:00,ECMWF,ship
3AQ9SQT,0-22000-0-3AQ9SQT,JPN,True,35.8,-28.5,2.322121,pressure,2026-07-01 00:00:00+00:00,ECMWF,ship
3BW3Q3B,0-22000-0-3BW3Q3B,JPN,True,-82.2,6.9,5.9663,pressure,2026-07-01 00:00:00+00:00,ECMWF,ship
3EAHWKA,0-22000-0-3EAHWKA,DEU,True,-3.8,36.5,0.642577,pressure,2026-07-01 00:00:00+00:00,ECMWF,ship
3JNFMVL,0-22000-0-3JNFMVL,CHN,True,120.8,26.3,0.667859,pressure,2026-07-01 00:00:00+00:00,ECMWF,ship
3JP56LH,0-22000-0-3JP56LH,USA,True,9.8,37.7,1.263304,pressure,2026-07-01 00:00:00+00:00,ECMWF,ship
3KHAJBP,0-22000-0-3KHAJBP,USA,True,-26.8,47.9,0.574204,pressure,2026-07-01 00:00:00+00:00,ECMWF,ship
3LC7QEW,0-22000-0-3LC7QEW,USA,True,114.9,22.2,9.127279,pressure,2026-07-01 00:00:00+00:00,ECMWF,ship
3MBBUTQ,0-22000-0-3MBBUTQ,USA,True,7.7,38.5,6.008409,pressure,2026-07-01 00:00:00+00:00,ECMWF,ship
3MLUWNT,0-22000-0-3MLUWNT,AUS,True,153.2,-27.3,0.169252,pressure,2026-07-01 00:00:00+00:00,ECMWF,ship
3MPF7HE,0-22000-0-3MPF7HE,USA,True,5.0,-25.7,4.807303,pressure,2026-07-01 00:00:00+00:00,ECMWF,ship
3MPQHZZ,0-22000-0-3MPQHZZ,JPN,True,-90.9,25.8,0.758747,pressure,2026-07-01 00:00:00+00:00,ECMWF,ship
3NEUG2H,0-22000-0-3NEUG2H,CHN,True,122.6,33.1,1.303841,pressure,2026-07-01 00:00:00+00:00,ECMWF,ship
3TA75TC,0-22000-0-3TA75TC,USA,True,137.0,39.5,3.337832,pressure,2026-07-01 00:00:00+00:00,ECMWF,ship
3TF48BJ,0-22000-0-3TF48BJ,USA,True,-21.8,64.1,1.884528,pressure,2026-07-01 00:00:00+00:00,ECMWF,ship
3TUA2CU,0-22000-0-3TUA2CU,GBR,True,1.5,51.8,0.216161,pressure,2026-07-01 00:00:00+00:00,ECMWF,ship
3VR2YKH,0-22000-0-3VR2YKH,GBR,True,-8.2,36.6,3.477178,pressure,2026-07-01 00:00:00+00:00,ECMWF,ship
3VY3U6Q,0-22000-0-3VY3U6Q,USA,True,68.9,-11.3,5.16464,pressure,2026-07-01 00:00:00+00:00,ECMWF,ship
3WUT68S,0-22000-0-3WUT68S,GBR,True,-53.2,-34.2,0.477714,pressure,2026-07-01 00:00:00+00:00,ECMWF,ship
4AC7KBR,0-22000-0-4AC7KBR,DEU,True,-49.8,43.9,0.614714,pressure,2026-07-01 00:00:00+00:00,ECMWF,ship
4AYG55L,0-22000-0-4AYG55L,JPN,True,59.4,23.5,3.637783,pressure,2026-07-01 00:00:00+00:00,ECMWF,ship
4CJK57Y,0-22000-0-4CJK57Y,DEU,True,141.0,30.9,0.430713,pressure,2026-07-01 00:00:00+00:00,ECMWF,ship
4DELPCW,0-22000-0-4DELPCW,DEU,True,-13.5,28.1,0.513627,pressure,2026-07-01 00:00:00+00:00,ECMWF,ship
4FKYKMY,0-22000-0-4FKYKMY,USA,True,-144.6,49.3,1.518266,pressure,2026-07-01 00:00:00+00:00,ECMWF,ship
4FUM76G,0-22000-0-4FUM76G,USA,True,-13.8,3.4,2.757113,pressure,2026-07-01 00:00:00+00:00,ECMWF,ship
4FYMDBT,0-22000-0-4FYMDBT,GBR,True,59.7,-7.3,0.531449,pressure,2026-07-01 00:00:00+00:00,ECMWF,ship
4GBE3YQ,0-22000-0-4GBE3YQ,DEU,True,127.9,22.3,0.850165,pressure,2026-07-01 00:00:00+00:00,ECMWF,ship
4JECM2S,0-22000-0-4JECM2S,USA,True,-81.6,30.4,0.424265,pressure,2026-07-01 00:00:00+00:00,ECMWF,ship
4KHGCVH,0-22000-0-4KHGCVH,USA,True,-148.3,33.4,0.557725,pressure,2026-07-01 00:00:00+00:00,ECMWF,ship
4KYCKJW,0-22000-0-4KYCKJW,USA,True,-86.7,42.8,0.7732,pressure,2026-07-01 00:00:00+00:00,ECMWF,ship
4LEHZAG,0-22000-0-4LEHZAG,USA,True,-134.4,58.2,1.117822,pressure,2026-07-01 00:00:00+00:00,ECMWF,ship
4MPG7CY,0-22000-0-4MPG7CY,DEU,True,123.6,32.3,0.594914,pressure,2026-07-01 00:00:00+00:00,ECMWF,ship
4PKQW2B,0-22000-0-4PKQW2B,USA,True,-82.1,41.7,1.32849,pressure,2026-07-01 00:00:00+00:00,ECMWF,ship
4QUWBFR,0-22000-0-4QUWBFR,CAN,True,-60.9,48.1,0.790894,pressure,2026-07-01 00:00:00+00:00,ECMWF,ship
4RAHWBT,0-22000-0-4RAHWBT,USA,True,142.5,37.4,3.758279,pressure,2026-07-01 00:00:00+00:00,ECMWF,ship
4RJRTLJ,0-22000-0-4RJRTLJ,DEU,True,72.6,-11.7,1.762506,pressure,2026-07-01 00:00:00+00:00,ECMWF,ship
4SVGKRE,0-22000-0-4SVGKRE,USA,True,-118.2,33.7,0.326269,pressure,2026-07-01 00:00:00+00:00,ECMWF,ship
4SYY57Q,0-22000-0-4SYY57Q,AUS,True,21.5,34.8,1.026653,pressure,2026-07-01 00:00:00+00:00,ECMWF,ship
Unknown,41009,,False,-80.19999694824219,28.5,0.182713,pressure,2026-07-01 00:00:00+00:00,JMA,ship
4WD7C5B,0-22000-0-4WD7C5B,USA,True,-72.6,20.4,1.01237,pressure,2026-07-01 00:00:00+00:00,ECMWF,ship
4XHS2LM,0-22000-0-4XHS2LM,DEU,True,-8.65,44.77,0.235027,pressure,2026-07-01 00:00:00+00:00,ECMWF,ship
4YQE5HW,0-22000-0-4YQE5HW,USA,True,-132.4,42.0,7.484313,pressure,2026-07-01 00:00:00+00:00,ECMWF,ship
4ZGLM2V,0-22000-0-4ZGLM2V,USA,True,-71.6,22.9,0.710219,pressure,2026-07-01 00:00:00+00:00,ECMWF,ship
5EDFXKH,0-22000-0-5EDFXKH,DEU,True,12.7,54.7,0.313777,pressure,2026-07-01 00:00:00+00:00,ECMWF,ship
5ERXHEV,0-22000-0-5ERXHEV,USA,True,-90.3,47.2,1.086582,pressure,2026-07-01 00:00:00+00:00,ECMWF,ship
5EXMSZP,0-22000-0-5EXMSZP,GBR,True,17.7,41.2,1.385421,pressure,2026-07-01 00:00:00+00:00,ECMWF,ship
5LPPZ6K,0-22000-0-5LPPZ6K,USA,True,-135.4,58.1,1.417399,pressure,2026-07-01 00:00:00+00:00,ECMWF,ship
5LRUZ9T,0-22000-0-5LRUZ9T,GBR,True,19.0,54.7,1.572856,pressure,2026-07-01 00:00:00+00:00,ECMWF,ship
5PJN4FA,0-22000-0-5PJN4FA,USA,True,-84.6,20.0,0.401518,pressure,2026-07-01 00:00:00+00:00,ECMWF,ship
5PW3MPE,0-22000-0-5PW3MPE,USA,True,52.1,-25.2,0.729094,pressure,2026-07-01 00:00:00+00:00,ECMWF,ship
5QQQVZL,0-22000-0-5QQQVZL,DEU,True,16.3,36.2,0.444926,pressure,2026-07-01 00:00:00+00:00,ECMWF,ship
5RH4C7F,0-22000-0-5RH4C7F,USA,True,-89.5,26.7,0.342709,pressure,2026-07-01 00:00:00+00:00,ECMWF,ship
5UEVFZQ,0-22000-0-5UEVFZQ,GBR,True,-62.4,16.5,0.994723,pressure,2026-07-01 00:00:00+00:00,ECMWF,ship
5WRCELU,0-22000-0-5WRCELU,USA,True,-18.0,19.1,1.481182,pressure,2026-07-01 00:00:00+00:00,ECMWF,ship
5WUA5XQ,0-22000-0-5WUA5XQ,USA,True,-87.9,47.5,0.638378,pressure,2026-07-01 00:00:00+00:00,ECMWF,ship
5XBNWUT,0-22000-0-5XBNWUT,USA,True,-44.7,-27.4,1.418414,pressure,2026-07-01 00:00:00+00:00,ECMWF,ship
5YA982S,0-22000-0-5YA982S,USA,True,-134.4,58.3,0.905506,pressure,2026-07-01 00:00:00+00:00,ECMWF,ship
5YFFYFP,0-22000-0-5YFFYFP,USA,True,-5.6,54.7,0.511121,pressure,2026-07-01 00:00:00+00:00,ECMWF,ship
5YJ86WB,0-22000-0-5YJ86WB,DEU,True,78.6,5.6,1.073705,pressure,2026-07-01 00:00:00+00:00,ECMWF,ship
5ZN9A2Y,0-22000-0-5ZN9A2Y,JPN,True,40.0,-28.2,1.612582,pressure,2026-07-01 00:00:00+00:00,ECMWF,ship
5ZQCA7C,0-22000-0-5ZQCA7C,RUS,True,43.9,68.3,0.358489,pressure,2026-07-01 00:00:00+00:00,ECMWF,ship
6AZCQND,0-22000-0-6AZCQND,GBR,True,-80.9,24.4,0.70039,pressure,2026-07-01 00:00:00+00:00,ECMWF,ship
6DC392F,0-22000-0-6DC392F,USA,True,-15.1,42.0,0.547169,pressure,2026-07-01 00:00:00+00:00,ECMWF,ship
6EXAW4F,0-22000-0-6EXAW4F,USA,True,-75.0,15.7,2.485761,pressure,2026-07-01 00:00:00+00:00,ECMWF,ship
6LDRRAL,0-22000-0-6LDRRAL,AUS,True,113.7,-28.4,0.686133,pressure,2026-07-01 00:00:00+00:00,ECMWF,ship
6LG9Z7J,0-22000-0-6LG9Z7J,JPN,True,115.3,22.1,1.343712,pressure,2026-07-01 00:00:00+00:00,ECMWF,ship
6MD6NDF,0-22000-0-6MD6NDF,DEU,True,-46.06,48.3,0.331557,pressure,2026-07-01 00:00:00+00:00,ECMWF,ship
6MPDL3W,0-22000-0-6MPDL3W,USA,True,-72.5,-19.6,1.113842,pressure,2026-07-01 00:00:00+00:00,ECMWF,ship
6NUGAAR,0-22000-0-6NUGAAR,USA,True,-35.5,-13.0,5.130011,pressure,2026-07-01 00:00:00+00:00,ECMWF,ship
6NV2S7Y,0-22000-0-6NV2S7Y,DEU,True,-10.83,3.61,0.315299,pressure,2026-07-01 00:00:00+00:00,ECMWF,ship
6PG2NMM,0-22000-0-6PG2NMM,USA,True,-81.5,30.3,0.312468,pressure,2026-07-01 00:00:00+00:00,ECMWF,ship
6QDWLCH,0-22000-0-6QDWLCH,DEU,True,-16.1,-30.0,0.394137,pressure,2026-07-01 00:00:00+00:00,ECMWF,ship
6QRXSMH,0-22000-0-6QRXSMH,DEU,True,-77.5,13.6,0.771297,pressure,2026-07-01 00:00:00+00:00,ECMWF,ship
6QZJ45L,0-22000-0-6QZJ45L,DEU,True,-131.1,39.5,0.55724,pressure,2026-07-01 00:00:00+00:00,ECMWF,ship
6TCMCEV,0-22000-0-6TCMCEV,GBR,True,1.3,51.1,0.231616,pressure,2026-07-01 00:00:00+00:00,ECMWF,ship
6WUF62U,0-22000-0-6WUF62U,AUS,True,144.9,-37.8,0.269054,pressure,2026-07-01 00:00:00+00:00,ECMWF,ship
6XKPFKH,0-22000-0-6XKPFKH,USA,True,-169.7,-14.1,0.221079,pressure,2026-07-01 00:00:00+00:00,ECMWF,ship
6YDVKBY,0-22000-0-6YDVKBY,GBR,True,-133.2,48.6,1.194559,pressure,2026-07-01 00:00:00+00:00,ECMWF,ship
7BRT67Z,0-22000-0-7BRT67Z,USA,True,-122.5,48.5,0.950774,pressure,2026-07-01 00:00:00+00:00,ECMWF,ship
7FHZQLT,0-22000-0-7FHZQLT,JPN,True,144.8,33.8,0.390357,pressure,2026-07-01 00:00:00+00:00,ECMWF,ship
7HHNMXX,0-22000-0-7HHNMXX,DEU,True,-81.63,-3.24,0.255048,pressure,2026-07-01 00:00:00+00:00,ECMWF,ship
7JUB4ZK,0-22000-0-7JUB4ZK,DEU,True,-13.6,32.3,0.724697,pressure,2026-07-01 00:00:00+00:00,ECMWF,ship
7LFW22Z,0-22000-0-7LFW22Z,JPN,True,139.1,9.8,2.772194,pressure,2026-07-01 00:00:00+00:00,ECMWF,ship
7LUP2KP,0-22000-0-7LUP2KP,USA,True,-165.1,60.5,0.428153,pressure,2026-07-01 00:00:00+00:00,ECMWF,ship
7PB8V9X,0-22000-0-7PB8V9X,DEU,True,-81.71,-6.34,0.489334,pressure,2026-07-01 00:00:00+00:00,ECMWF,ship
7PVMPDE,0-22000-0-7PVMPDE,JPN,True,124.9,21.4,3.579609,pressure,2026-07-01 00:00:00+00:00,ECMWF,ship
7RMMTCA,0-22000-0-7RMMTCA,USA,True,-76.2,24.6,0.401844,pressure,2026-07-01 00:00:00+00:00,ECMWF,ship
7SBVTTB,0-22000-0-7SBVTTB,USA,True,-77.2,27.6,0.993385,pressure,2026-07-01 00:00:00+00:00,ECMWF,ship
7UFD9CZ,0-22000-0-7UFD9CZ,DEU,True,-74.14,40.7,0.353187,pressure,2026-07-01 00:00:00+00:00,ECMWF,ship
7XP23QS,0-22000-0-7XP23QS,USA,True,-162.7,58.9,6.992951,pressure,2026-07-01 00:00:00+00:00,ECMWF,ship
7ZD5UGW,0-22000-0-7ZD5UGW,DEU,True,68.7,22.2,1.125828,pressure,2026-07-01 00:00:00+00:00,ECMWF,ship
7ZUVP9X,0-22000-0-7ZUVP9X,CHN,True,-175.2,41.6,0.728158,pressure,2026-07-01 00:00:00+00:00,ECMWF,ship
8AM95UN,0-22000-0-8AM95UN,USA,True,-122.3,47.6,1.246349,pressure,2026-07-01 00:00:00+00:00,ECMWF,ship
8ATT5HW,0-22000-0-8ATT5HW,USA,True,11.3,57.9,1.493925,pressure,2026-07-01 00:00:00+00:00,ECMWF,ship
8BFK4MV,0-22000-0-8BFK4MV,CHN,True,56.3,-19.6,3.919521,pressure,2026-07-01 00:00:00+00:00,ECMWF,ship
8BRPW9Z,0-22000-0-8BRPW9Z,USA,True,-22.2,0.0001,0.635194,pressure,2026-07-01 00:00:00+00:00,ECMWF,ship
8CJWRKY,0-22000-0-8CJWRKY,USA,True,-87.4,45.2,2.216584,pressure,2026-07-01 00:00:00+00:00,ECMWF,ship
8DSMDZH,0-22000-0-8DSMDZH,USA,True,-80.2,28.1,0.472783,pressure,2026-07-01 00:00:00+00:00,ECMWF,ship
8FRVR2C,0-22000-0-8FRVR2C,GBR,True,-69.5,40.5,0.692618,pressure,2026-07-01 00:00:00+00:00,ECMWF,ship
8KG35JR,0-22000-0-8KG35JR,DEU,True,127.5,32.0,0.759601,pressure,2026-07-01 00:00:00+00:00,ECMWF,ship
8KGYECG,0-22000-0-8KGYECG,CHN,True,113.4,21.1,2.18264,pressure,2026-07-01 00:00:00+00:00,ECMWF,ship
8MJSD8M,0-22000-0-8MJSD8M,CHN,True,152.3,-12.6,1.956229,pressure,2026-07-01 00:00:00+00:00,ECMWF,ship
8PN8LET,0-22000-0-8PN8LET,DEU,True,-78.6,9.7,0.826286,pressure,2026-07-01 00:00:00+00:00,ECMWF,ship
8PRGBJL,0-22000-0-8PRGBJL,DEU,True,-11.2,40.6,0.562086,pressure,2026-07-01 00:00:00+00:00,ECMWF,ship
8PV8XVJ,0-22000-0-8PV8XVJ,JPN,True,-123.6,37.5,0.932649,pressure,2026-07-01 00:00:00+00:00,ECMWF,ship
8QZLQRG,0-22000-0-8QZLQRG,GBR,True,151.67,-23.83,0.763378,pressure,2026-07-01 00:00:00+00:00,ECMWF,ship
8SX224W,0-22000-0-8SX224W,JPN,True,148.4,4.3,0.449243,pressure,2026-07-01 00:00:00+00:00,ECMWF,ship
8TLQFZD,0-22000-0-8TLQFZD,USA,True,-92.6,25.9,0.84489,pressure,2026-07-01 00:00:00+00:00,ECMWF,ship
8VCA2LK,0-22000-0-8VCA2LK,CHN,True,69.4,19.7,0.365335,pressure,2026-07-01 00:00:00+00:00,ECMWF,ship
8VEUMXY,0-22000-0-8VEUMXY,CAN,True,-91.3,74.6,0.279322,pressure,2026-07-01 00:00:00+00:00,ECMWF,ship
8WSBNWY,0-22000-0-8WSBNWY,USA,True,-7.9,46.0,3.162564,pressure,2026-07-01 00:00:00+00:00,ECMWF,ship
8YP9LYV,0-22000-0-8YP9LYV,DEU,True,-14.7,28.9,0.572729,pressure,2026-07-01 00:00:00+00:00,ECMWF,ship
8ZBHTQC,0-22000-0-8ZBHTQC,USA,True,-106.3,22.9,0.52875,pressure,2026-07-01 00:00:00+00:00,ECMWF,ship
9BEUB6Y,0-22000-0-9BEUB6Y,CAN,True,-61.1,50.1,0.314077,pressure,2026-07-01 00:00:00+00:00,ECMWF,ship
9GGVSAT,0-22000-0-9GGVSAT,DEU,True,-64.62,30.88,0.398823,pressure,2026-07-01 00:00:00+00:00,ECMWF,ship
9GWYY4R,0-22000-0-9GWYY4R,ESP,True,-4.0,44.3,0.290538,pressure,2026-07-01 00:00:00+00:00,ECMWF,ship
9GX9FYJ,0-22000-0-9GX9FYJ,USA,True,92.6,4.1,8.556983,pressure,2026-07-01 00:00:00+00:00,ECMWF,ship
9NHSBGD,0-22000-0-9NHSBGD,CHN,True,116.0,21.8,0.615821,pressure,2026-07-01 00:00:00+00:00,ECMWF,ship
9NJKUCL,0-22000-0-9NJKUCL,USA,True,-86.6,19.0,0.330862,pressure,2026-07-01 00:00:00+00:00,ECMWF,ship
9PFQMGW,0-22000-0-9PFQMGW,USA,True,117.5,23.0,7.802034,pressure,2026-07-01 00:00:00+00:00,ECMWF,ship
9PQEW8S,0-22000-0-9PQEW8S,USA,True,111.3,10.5,10.5196,pressure,2026-07-01 00:00:00+00:00,ECMWF,ship
9QZJZRY,0-22000-0-9QZJZRY,USA,True,-123.6,31.5,1.917741,pressure,2026-07-01 00:00:00+00:00,ECMWF,ship
9RM4MCZ,0-22000-0-9RM4MCZ,JPN,True,120.7,34.9,3.540826,pressure,2026-07-01 00:00:00+00:00,ECMWF,ship
9SCAL2F,0-22000-0-9SCAL2F,FRA,True,5.97,43.09,0.213372,pressure,2026-07-01 00:00:00+00:00,ECMWF,ship
9TM8LGR,0-22000-0-9TM8LGR,USA,True,132.7,-9.3,28.245654,pressure,2026-07-01 00:00:00+00:00,ECMWF,ship
9VAXTAN,0-22000-0-9VAXTAN,USA,True,-99.5,-0.2,1.794226,pressure,2026-07-01 00:00:00+00:00,ECMWF,ship
9WY3WMY,0-22000-0-9WY3WMY,USA,True,-87.6,25.5,2.044074,pressure,2026-07-01 00:00:00+00:00,ECMWF,ship
9XZU4MW,0-22000-0-9XZU4MW,USA,True,168.8,4.0,2.236367,pressure,2026-07-01 00:00:00+00:00,ECMWF,ship
9YBQ2LW,0-22000-0-9YBQ2LW,DEU,True,155.02,45.04,0.409541,pressure,2026-07-01 00:00:00+00:00,ECMWF,ship
AAQJ5AF,0-22000-0-AAQJ5AF,NZL,True,-74.3,21.2,1.471515,pressure,2026-07-01 00:00:00+00:00,ECMWF,ship
AEHP84J,0-22000-0-AEHP84J,USA,True,155.2,45.3,3.859814,pressure,2026-07-01 00:00:00+00:00,ECMWF,ship
AFE735V,0-22000-0-AFE735V,DEU,True,-76.78,7.98,0.400158,pressure,2026-07-01 00:00:00+00:00,ECMWF,ship
AGE2TPG,0-22000-0-AGE2TPG,JPN,True,151.7,-33.1,2.054732,pressure,2026-07-01 00:00:00+00:00,ECMWF,ship
AGNWMFW,0-22000-0-AGNWMFW,GBR,True,-5.5,53.3,0.237851,pressure,2026-07-01 00:00:00+00:00,ECMWF,ship
AHM59XC,0-22000-0-AHM59XC,DEU,True,87.7,0.6,0.863913,pressure,2026-07-01 00:00:00+00:00,ECMWF,ship
AHXS2YR,0-22000-0-AHXS2YR,GBR,True,5.6,54.0,0.535676,pressure,2026-07-01 00:00:00+00:00,ECMWF,ship
AHYF3PB,0-22000-0-AHYF3PB,GBR,True,-41.1,30.7,1.248155,pressure,2026-07-01 00:00:00+00:00,ECMWF,ship
AJWK7MX,0-22000-0-AJWK7MX,USA,True,-166.5,54.1,0.962182,pressure,2026-07-01 00:00:00+00:00,ECMWF,ship
ALD6NMJ,0-22000-0-ALD6NMJ,USA,True,-123.2,36.6,7.460017,pressure,2026-07-01 00:00:00+00:00,ECMWF,ship
APAZL3D,0-22000-0-APAZL3D,USA,True,70.8,20.5,1.960408,pressure,2026-07-01 00:00:00+00:00,ECMWF,ship
AQTEG8E,0-22000-0-AQTEG8E,FRA,True,54.53,-15.8,0.219794,pressure,2026-07-01 00:00:00+00:00,ECMWF,ship
ASKBBRX,0-22000-0-ASKBBRX,USA,True,14.8,36.0,1.405576,pressure,2026-07-01 00:00:00+00:00,ECMWF,ship
AUM7GFX,0-22000-0-AUM7GFX,JPN,True,132.5,32.4,0.535484,pressure,2026-07-01 00:00:00+00:00,ECMWF,ship
AWCB8HZ,0-22000-0-AWCB8HZ,DEU,True,-94.4,29.0,0.209016,pressure,2026-07-01 00:00:00+00:00,ECMWF,ship
AXQ7M6P,0-22000-0-AXQ7M6P,USA,True,133.5,32.4,1.059114,pressure,2026-07-01 00:00:00+00:00,ECMWF,ship
BDU5NLH,0-22000-0-BDU5NLH,USA,True,-133.9,38.5,0.566849,pressure,2026-07-01 00:00:00+00:00,ECMWF,ship
BFFT2PK,0-22000-0-BFFT2PK,USA,True,12.3,41.4,0.419085,pressure,2026-07-01 00:00:00+00:00,ECMWF,ship
BFHM5UQ,0-22000-0-BFHM5UQ,AUS,True,131.5,13.8,0.529358,pressure,2026-07-01 00:00:00+00:00,ECMWF,ship
BGSF6MD,0-22000-0-BGSF6MD,JPN,True,-84.3,29.6,19.033926,pressure,2026-07-01 00:00:00+00:00,ECMWF,ship
BHRWD3R,0-22000-0-BHRWD3R,USA,True,-64.7,32.4,0.233749,pressure,2026-07-01 00:00:00+00:00,ECMWF,ship
BNL25RM,0-22000-0-BNL25RM,USA,True,-0.6,37.3,1.675643,pressure,2026-07-01 00:00:00+00:00,ECMWF,ship
BSCL3KH,0-22000-0-BSCL3KH,USA,True,-140.8,56.4,7.530144,pressure,2026-07-01 00:00:00+00:00,ECMWF,ship
BSXWJEQ,0-22000-0-BSXWJEQ,DEU,True,-49.97,46.97,0.362459,pressure,2026-07-01 00:00:00+00:00,ECMWF,ship
BVVTUFY,0-22000-0-BVVTUFY,USA,True,-81.4,42.0,0.853415,pressure,2026-07-01 00:00:00+00:00,ECMWF,ship
BYUJV6E,0-22000-0-BYUJV6E,USA,True,-119.4,25.7,0.414634,pressure,2026-07-01 00:00:00+00:00,ECMWF,ship
CBDZQBX,0-22000-0-CBDZQBX,JPN,True,-58.2,12.1,2.472457,pressure,2026-07-01 00:00:00+00:00,ECMWF,ship
CBQ6KLA,0-22000-0-CBQ6KLA,USA,True,-161.0,36.4,0.478662,pressure,2026-07-01 00:00:00+00:00,ECMWF,ship
CEQY65N,0-22000-0-CEQY65N,DEU,True,121.5,35.3,0.422846,pressure,2026-07-01 00:00:00+00:00,ECMWF,ship
CESKM6G,0-22000-0-CESKM6G,USA,True,-73.6,40.4,0.597045,pressure,2026-07-01 00:00:00+00:00,ECMWF,ship
CFH5DAT,0-22000-0-CFH5DAT,DEU,True,-36.91,-4.15,0.390359,pressure,2026-07-01 00:00:00+00:00,ECMWF,ship
CHRHD4W,0-22000-0-CHRHD4W,USA,True,-83.0,44.8,1.010425,pressure,2026-07-01 00:00:00+00:00,ECMWF,ship
CHY67AF,0-22000-0-CHY67AF,JPN,True,142.5,6.6,0.556804,pressure,2026-07-01 00:00:00+00:00,ECMWF,ship
CJQV3MY,0-22000-0-CJQV3MY,GBR,True,48.68,29.68,0.381784,pressure,2026-07-01 00:00:00+00:00,ECMWF,ship
CJX6RFV,0-22000-0-CJX6RFV,JPN,True,106.6,6.0,1.432994,pressure,2026-07-01 00:00:00+00:00,ECMWF,ship
CLAEXMN,0-22000-0-CLAEXMN,USA,True,-149.2,24.7,1.207918,pressure,2026-07-01 00:00:00+00:00,ECMWF,ship
CMQ4UDZ,0-22000-0-CMQ4UDZ,USA,True,127.0,10.7,0.835692,pressure,2026-07-01 00:00:00+00:00,ECMWF,ship
CMXXXKP,0-22000-0-CMXXXKP,DEU,True,3.26,41.78,0.289985,pressure,2026-07-01 00:00:00+00:00,ECMWF,ship
CPTD9EL,0-22000-0-CPTD9EL,FRA,True,-139.14,-10.79,0.331173,pressure,2026-07-01 00:00:00+00:00,ECMWF,ship
CRCCQ7Y,0-22000-0-CRCCQ7Y,DEU,True,178.7,33.6,0.293741,pressure,2026-07-01 00:00:00+00:00,ECMWF,ship
CUF6ZJD,0-22000-0-CUF6ZJD,DEU,True,-2.86,50.01,0.283436,pressure,2026-07-01 00:00:00+00:00,ECMWF,ship
CUH3NZC,0-22000-0-CUH3NZC,USA,True,-26.2,-10.7,5.398885,pressure,2026-07-01 00:00:00+00:00,ECMWF,ship
CVJV57F,0-22000-0-CVJV57F,CHN,True,169.4,53.0,2.127716,pressure,2026-07-01 00:00:00+00:00,ECMWF,ship
CWCTEYH,0-22000-0-CWCTEYH,USA,True,-157.8,58.1,0.335429,pressure,2026-07-01 00:00:00+00:00,ECMWF,ship
CXAQ29B,0-22000-0-CXAQ29B,FRA,True,-149.58,-17.53,0.169492,pressure,2026-07-01 00:00:00+00:00,ECMWF,ship
CZATWGH,0-22000-0-CZATWGH,DEU,True,-18.09,20.65,0.488732,pressure,2026-07-01 00:00:00+00:00,ECMWF,ship
CZDTV4H,0-22000-0-CZDTV4H,FRA,True,22.0,70.1,0.356293,pressure,2026-07-01 00:00:00+00:00,ECMWF,ship
DBHNUYD,0-22000-0-DBHNUYD,DEU,True,10.39,54.52,0.152104,pressure,2026-07-01 00:00:00+00:00,ECMWF,ship
DBU97BN,0-22000-0-DBU97BN,JPN,True,-169.6,36.7,0.505948,pressure,2026-07-01 00:00:00+00:00,ECMWF,ship
DBUXMBJ,0-22000-0-DBUXMBJ,GBR,True,66.65,15.73,1.265946,pressure,2026-07-01 00:00:00+00:00,ECMWF,ship
DCBUEYA,0-22000-0-DCBUEYA,USA,True,-45.1,7.6,6.722055,pressure,2026-07-01 00:00:00+00:00,ECMWF,ship
DFSPYQG,0-22000-0-DFSPYQG,USA,True,-85.6,28.1,0.335841,pressure,2026-07-01 00:00:00+00:00,ECMWF,ship
DHFW3SM,0-22000-0-DHFW3SM,USA,True,128.8,34.8,0.677231,pressure,2026-07-01 00:00:00+00:00,ECMWF,ship
DHNVGNR,0-22000-0-DHNVGNR,JPN,True,-11.5,-21.3,3.079033,pressure,2026-07-01 00:00:00+00:00,ECMWF,ship
DJYFH6F,0-22000-0-DJYFH6F,GBR,True,126.8,36.9,0.595131,pressure,2026-07-01 00:00:00+00:00,ECMWF,ship
DKNGCQT,0-22000-0-DKNGCQT,DEU,True,5.2,54.0,0.572669,pressure,2026-07-01 00:00:00+00:00,ECMWF,ship
DPKAUZQ,0-22000-0-DPKAUZQ,AUS,True,142.9,-39.0,0.47737,pressure,2026-07-01 00:00:00+00:00,ECMWF,ship
DPRJ9HT,0-22000-0-DPRJ9HT,USA,True,47.5,-26.5,10.542412,pressure,2026-07-01 00:00:00+00:00,ECMWF,ship
Unknown,41010,,False,-78.5,28.899999618530273,0.173578,pressure,2026-07-01 00:00:00+00:00,JMA,ship
DQQNGXU,0-22000-0-DQQNGXU,GBR,True,-79.6,6.1,1.759356,pressure,2026-07-01 00:00:00+00:00,ECMWF,ship
DRA4TBH,0-22000-0-DRA4TBH,USA,True,105.1,2.4,2.107851,pressure,2026-07-01 00:00:00+00:00,ECMWF,ship
DRMLC3P,0-22000-0-DRMLC3P,USA,True,-136.1,58.3,1.010338,pressure,2026-07-01 00:00:00+00:00,ECMWF,ship
DTQ84UW,0-22000-0-DTQ84UW,USA,True,125.8,22.8,2.051345,pressure,2026-07-01 00:00:00+00:00,ECMWF,ship
DUUBLZG,0-22000-0-DUUBLZG,AUS,True,117.9,-16.1,0.596872,pressure,2026-07-01 00:00:00+00:00,ECMWF,ship
DUUFU3N,0-22000-0-DUUFU3N,GBR,True,3.8,0.9,0.827846,pressure,2026-07-01 00:00:00+00:00,ECMWF,ship
DWEFBFY,0-22000-0-DWEFBFY,GBR,True,-2.5,60.7,2.286386,pressure,2026-07-01 00:00:00+00:00,ECMWF,ship
DXW57RQ,0-22000-0-DXW57RQ,USA,True,-63.1,46.2,1.190399,pressure,2026-07-01 00:00:00+00:00,ECMWF,ship
EAJ3GDS,0-22000-0-EAJ3GDS,GBR,True,-2.0,50.3,1.112262,pressure,2026-07-01 00:00:00+00:00,ECMWF,ship
EBC8GHG,0-22000-0-EBC8GHG,USA,True,-77.0,25.6,0.931473,pressure,2026-07-01 00:00:00+00:00,ECMWF,ship
EBGA3UK,0-22000-0-EBGA3UK,JPN,True,130.9,29.5,0.551575,pressure,2026-07-01 00:00:00+00:00,ECMWF,ship
ECST3PB,0-22000-0-ECST3PB,USA,True,166.8,39.3,7.445781,pressure,2026-07-01 00:00:00+00:00,ECMWF,ship
EDN65NJ,0-22000-0-EDN65NJ,JPN,True,157.0,37.4,4.629571,pressure,2026-07-01 00:00:00+00:00,ECMWF,ship
EKYKSJY,0-22000-0-EKYKSJY,DEU,True,-47.4,5.8,0.639313,pressure,2026-07-01 00:00:00+00:00,ECMWF,ship
ELANTKC,0-22000-0-ELANTKC,CHN,True,117.2,17.2,1.265811,pressure,2026-07-01 00:00:00+00:00,ECMWF,ship
ELCUMWU,0-22000-0-ELCUMWU,USA,True,-147.5,60.6,0.827697,pressure,2026-07-01 00:00:00+00:00,ECMWF,ship
ERFU9CD,0-22000-0-ERFU9CD,GBR,True,-140.1,52.4,7.636103,pressure,2026-07-01 00:00:00+00:00,ECMWF,ship
ERKBMGS,0-22000-0-ERKBMGS,USA,True,-123.2,36.6,1.168078,pressure,2026-07-01 00:00:00+00:00,ECMWF,ship
ETRD5ZB,0-22000-0-ETRD5ZB,USA,True,23.6,35.9,2.825439,pressure,2026-07-01 00:00:00+00:00,ECMWF,ship
ETS4RAS,0-22000-0-ETS4RAS,USA,True,159.7,46.1,0.848103,pressure,2026-07-01 00:00:00+00:00,ECMWF,ship
ETWE69U,0-22000-0-ETWE69U,GBR,True,58.4,23.6,0.536421,pressure,2026-07-01 00:00:00+00:00,ECMWF,ship
EVGANMS,0-22000-0-EVGANMS,USA,True,8.5,53.5,1.438001,pressure,2026-07-01 00:00:00+00:00,ECMWF,ship
EVKLHFD,0-22000-0-EVKLHFD,USA,True,168.7,38.0,3.259185,pressure,2026-07-01 00:00:00+00:00,ECMWF,ship
FBGQW5U,0-22000-0-FBGQW5U,USA,True,-148.6,23.7,0.955762,pressure,2026-07-01 00:00:00+00:00,ECMWF,ship
FBH5JRA,0-22000-0-FBH5JRA,USA,True,-164.1,59.5,2.834282,pressure,2026-07-01 00:00:00+00:00,ECMWF,ship
FBLSEKE,0-22000-0-FBLSEKE,AUS,True,126.7,-1.9,1.148579,pressure,2026-07-01 00:00:00+00:00,ECMWF,ship
FHE6KTP,0-22000-0-FHE6KTP,DEU,True,-42.6,-26.1,0.746567,pressure,2026-07-01 00:00:00+00:00,ECMWF,ship
FKURGGC,0-22000-0-FKURGGC,DEU,True,13.4,-30.0,0.236421,pressure,2026-07-01 00:00:00+00:00,ECMWF,ship
FKYEWKW,0-22000-0-FKYEWKW,USA,True,80.9,5.8,1.377139,pressure,2026-07-01 00:00:00+00:00,ECMWF,ship
FLSHWHX,0-22000-0-FLSHWHX,CHN,True,128.5,-35.4,0.550802,pressure,2026-07-01 00:00:00+00:00,ECMWF,ship
FLWX97L,0-22000-0-FLWX97L,JPN,True,135.8,29.5,1.491337,pressure,2026-07-01 00:00:00+00:00,ECMWF,ship
FNHRXDE,0-22000-0-FNHRXDE,DEU,True,-38.6,-0.1,0.589267,pressure,2026-07-01 00:00:00+00:00,ECMWF,ship
FNSLEAC,0-22000-0-FNSLEAC,GBR,True,68.85,13.68,0.702402,pressure,2026-07-01 00:00:00+00:00,ECMWF,ship
FNZNYPQ,0-22000-0-FNZNYPQ,USA,True,-87.7,23.9,0.524765,pressure,2026-07-01 00:00:00+00:00,ECMWF,ship
FSF37JT,0-22000-0-FSF37JT,DEU,True,-73.8,39.2,0.547451,pressure,2026-07-01 00:00:00+00:00,ECMWF,ship
FUK42BM,0-22000-0-FUK42BM,GBR,True,1.7,60.9,0.670274,pressure,2026-07-01 00:00:00+00:00,ECMWF,ship
FVC76KJ,0-22000-0-FVC76KJ,JPN,True,111.3,10.0,1.013519,pressure,2026-07-01 00:00:00+00:00,ECMWF,ship
FVUVHDN,0-22000-0-FVUVHDN,USA,True,-15.6,28.5,11.114011,pressure,2026-07-01 00:00:00+00:00,ECMWF,ship
FWUNK4D,0-22000-0-FWUNK4D,USA,True,-169.9,4.2,0.65531,pressure,2026-07-01 00:00:00+00:00,ECMWF,ship
GBG59RK,0-22000-0-GBG59RK,FRA,True,-5.98,49.9,0.278455,pressure,2026-07-01 00:00:00+00:00,ECMWF,ship
GER3EER,0-22000-0-GER3EER,USA,True,122.6,31.2,0.944921,pressure,2026-07-01 00:00:00+00:00,ECMWF,ship
GGE45LE,0-22000-0-GGE45LE,USA,True,-81.6,30.3,0.855806,pressure,2026-07-01 00:00:00+00:00,ECMWF,ship
GGWHBSK,0-22000-0-GGWHBSK,USA,True,-128.3,-14.8,1.209796,pressure,2026-07-01 00:00:00+00:00,ECMWF,ship
GHPF8WM,0-22000-0-GHPF8WM,USA,True,126.3,24.1,6.074968,pressure,2026-07-01 00:00:00+00:00,ECMWF,ship
GJT2LSM,0-22000-0-GJT2LSM,USA,True,-122.1,32.7,0.295009,pressure,2026-07-01 00:00:00+00:00,ECMWF,ship
GKHEABF,0-22000-0-GKHEABF,GBR,True,61.3,22.9,1.482551,pressure,2026-07-01 00:00:00+00:00,ECMWF,ship
GKHXP6R,0-22000-0-GKHXP6R,USA,True,-80.1,26.1,0.302582,pressure,2026-07-01 00:00:00+00:00,ECMWF,ship
GKSXM9P,0-22000-0-GKSXM9P,DEU,True,83.72,-2.87,0.449392,pressure,2026-07-01 00:00:00+00:00,ECMWF,ship
GLU26VN,0-22000-0-GLU26VN,JPN,True,102.1,2.1,0.921901,pressure,2026-07-01 00:00:00+00:00,ECMWF,ship
GNJ2FHW,0-22000-0-GNJ2FHW,GBR,True,-34.2,50.7,0.872078,pressure,2026-07-01 00:00:00+00:00,ECMWF,ship
GPVGRXS,0-22000-0-GPVGRXS,DEU,True,122.5,31.2,0.836381,pressure,2026-07-01 00:00:00+00:00,ECMWF,ship
GRS7KHM,0-22000-0-GRS7KHM,JPN,True,128.6,26.7,1.192568,pressure,2026-07-01 00:00:00+00:00,ECMWF,ship
GRTSVMU,0-22000-0-GRTSVMU,USA,True,156.8,45.3,9.461653,pressure,2026-07-01 00:00:00+00:00,ECMWF,ship
GVRACXP,0-22000-0-GVRACXP,DEU,True,-5.47,-6.64,0.672188,pressure,2026-07-01 00:00:00+00:00,ECMWF,ship
GWBWFCJ,0-22000-0-GWBWFCJ,DEU,True,75.6,-7.9,0.916616,pressure,2026-07-01 00:00:00+00:00,ECMWF,ship
GXZDHUS,0-22000-0-GXZDHUS,USA,True,-152.4,57.8,0.407761,pressure,2026-07-01 00:00:00+00:00,ECMWF,ship
HAY34MT,0-22000-0-HAY34MT,GBR,True,28.2,36.4,3.895325,pressure,2026-07-01 00:00:00+00:00,ECMWF,ship
HBQP7YL,0-22000-0-HBQP7YL,DEU,True,-80.5,31.5,0.752463,pressure,2026-07-01 00:00:00+00:00,ECMWF,ship
HCW6ZCH,0-22000-0-HCW6ZCH,CAN,True,-66.9,49.0,0.262358,pressure,2026-07-01 00:00:00+00:00,ECMWF,ship
HCX92UB,0-22000-0-HCX92UB,USA,True,1.9,-37.9,1.62816,pressure,2026-07-01 00:00:00+00:00,ECMWF,ship
HDWZTVM,0-22000-0-HDWZTVM,USA,True,166.6,-46.2,1.722516,pressure,2026-07-01 00:00:00+00:00,ECMWF,ship
HDY89BN,0-22000-0-HDY89BN,USA,True,-84.1,46.2,1.276224,pressure,2026-07-01 00:00:00+00:00,ECMWF,ship
HEAYMML,0-22000-0-HEAYMML,CHN,True,120.8,26.2,1.121147,pressure,2026-07-01 00:00:00+00:00,ECMWF,ship
HEYDEJQ,0-22000-0-HEYDEJQ,USA,True,-74.0,37.9,4.281033,pressure,2026-07-01 00:00:00+00:00,ECMWF,ship
HGQ5DYM,0-22000-0-HGQ5DYM,JPN,True,135.8,18.2,5.21024,pressure,2026-07-01 00:00:00+00:00,ECMWF,ship
HHF6R2F,0-22000-0-HHF6R2F,USA,True,28.3,40.7,1.932033,pressure,2026-07-01 00:00:00+00:00,ECMWF,ship
HJXBELQ,0-22000-0-HJXBELQ,USA,True,-133.9,30.0,3.680296,pressure,2026-07-01 00:00:00+00:00,ECMWF,ship
HLMUKXE,0-22000-0-HLMUKXE,JPN,True,141.1,37.1,1.016631,pressure,2026-07-01 00:00:00+00:00,ECMWF,ship
HLTDM3H,0-22000-0-HLTDM3H,GBR,True,110.02,9.55,0.688183,pressure,2026-07-01 00:00:00+00:00,ECMWF,ship
HLV8QXK,0-22000-0-HLV8QXK,DEU,True,5.96,-8.71,0.249607,pressure,2026-07-01 00:00:00+00:00,ECMWF,ship
HNF3MLD,0-22000-0-HNF3MLD,DEU,True,-49.99,-30.93,0.516584,pressure,2026-07-01 00:00:00+00:00,ECMWF,ship
HQQCW6M,0-22000-0-HQQCW6M,USA,True,-57.3,32.4,0.321623,pressure,2026-07-01 00:00:00+00:00,ECMWF,ship
HTJ9JGU,0-22000-0-HTJ9JGU,USA,True,130.6,35.2,2.252561,pressure,2026-07-01 00:00:00+00:00,ECMWF,ship
HVPRYWF,0-22000-0-HVPRYWF,DEU,True,-4.52,-6.47,0.403623,pressure,2026-07-01 00:00:00+00:00,ECMWF,ship
HXQ457F,0-22000-0-HXQ457F,AUS,True,139.1,7.5,0.53724,pressure,2026-07-01 00:00:00+00:00,ECMWF,ship
JDEJ8GM,0-22000-0-JDEJ8GM,USA,True,141.4,-38.6,2.337985,pressure,2026-07-01 00:00:00+00:00,ECMWF,ship
JFN42DC,0-22000-0-JFN42DC,USA,True,171.5,47.1,0.697492,pressure,2026-07-01 00:00:00+00:00,ECMWF,ship
JFPDUEE,0-22000-0-JFPDUEE,JPN,True,117.9,17.1,0.712654,pressure,2026-07-01 00:00:00+00:00,ECMWF,ship
JFZ6SXK,0-22000-0-JFZ6SXK,DEU,True,-14.6,6.4,1.017765,pressure,2026-07-01 00:00:00+00:00,ECMWF,ship
JHKMMJA,0-22000-0-JHKMMJA,USA,True,-75.3,39.8,0.241778,pressure,2026-07-01 00:00:00+00:00,ECMWF,ship
JLXWFMH,0-22000-0-JLXWFMH,USA,True,-80.0,26.1,0.283666,pressure,2026-07-01 00:00:00+00:00,ECMWF,ship
JNGLS6B,0-22000-0-JNGLS6B,USA,True,124.3,29.1,2.992292,pressure,2026-07-01 00:00:00+00:00,ECMWF,ship
JRJ4GUF,0-22000-0-JRJ4GUF,USA,True,82.8,44.8,18.435771,pressure,2026-07-01 00:00:00+00:00,ECMWF,ship
JYR7QLR,0-22000-0-JYR7QLR,USA,True,24.3,37.0,19.34982,pressure,2026-07-01 00:00:00+00:00,ECMWF,ship
KDDMUSH,0-22000-0-KDDMUSH,CHN,True,119.4,24.8,0.842495,pressure,2026-07-01 00:00:00+00:00,ECMWF,ship
KEJ4V6D,0-22000-0-KEJ4V6D,JPN,True,-64.8,10.2,1.666256,pressure,2026-07-01 00:00:00+00:00,ECMWF,ship
KHDPJSR,0-22000-0-KHDPJSR,USA,True,20.8,36.9,4.817517,pressure,2026-07-01 00:00:00+00:00,ECMWF,ship
KJN7K2P,0-22000-0-KJN7K2P,GBR,True,-29.92,11.97,0.873486,pressure,2026-07-01 00:00:00+00:00,ECMWF,ship
KJXXNAE,0-22000-0-KJXXNAE,DEU,True,-5.6,49.7,0.370679,pressure,2026-07-01 00:00:00+00:00,ECMWF,ship
KMGF6EB,0-22000-0-KMGF6EB,USA,True,-91.6,24.8,3.747169,pressure,2026-07-01 00:00:00+00:00,ECMWF,ship
KMRURMZ,0-22000-0-KMRURMZ,USA,True,151.1,-22.2,0.695482,pressure,2026-07-01 00:00:00+00:00,ECMWF,ship
KMWZLGF,0-22000-0-KMWZLGF,FRA,True,-150.96,-19.68,0.326233,pressure,2026-07-01 00:00:00+00:00,ECMWF,ship
KNBQKAQ,0-22000-0-KNBQKAQ,AUS,True,152.6,-17.8,1.284915,pressure,2026-07-01 00:00:00+00:00,ECMWF,ship
KPLEY4B,0-22000-0-KPLEY4B,USA,True,31.5,-31.6,1.158137,pressure,2026-07-01 00:00:00+00:00,ECMWF,ship
KRHWTCE,0-22000-0-KRHWTCE,USA,True,-127.5,50.8,1.338946,pressure,2026-07-01 00:00:00+00:00,ECMWF,ship
KRZ4P8M,0-22000-0-KRZ4P8M,USA,True,-122.3,37.7,0.645654,pressure,2026-07-01 00:00:00+00:00,ECMWF,ship
KWP954A,0-22000-0-KWP954A,USA,True,-133.7,35.1,1.79397,pressure,2026-07-01 00:00:00+00:00,ECMWF,ship
KWRFXTU,0-22000-0-KWRFXTU,DEU,True,134.0,31.3,0.902129,pressure,2026-07-01 00:00:00+00:00,ECMWF,ship
KYGEJUP,0-22000-0-KYGEJUP,CAN,True,-59.8,56.5,0.378574,pressure,2026-07-01 00:00:00+00:00,ECMWF,ship
LJBL58D,0-22000-0-LJBL58D,AUS,True,144.9,-37.8,0.343505,pressure,2026-07-01 00:00:00+00:00,ECMWF,ship
LJPDGDW,0-22000-0-LJPDGDW,USA,True,-79.7,25.8,0.362867,pressure,2026-07-01 00:00:00+00:00,ECMWF,ship
LQCXNGP,0-22000-0-LQCXNGP,USA,True,-78.1,-32.3,1.738383,pressure,2026-07-01 00:00:00+00:00,ECMWF,ship
LQTFDEY,0-22000-0-LQTFDEY,USA,True,4.0,51.9,0.811534,pressure,2026-07-01 00:00:00+00:00,ECMWF,ship
LRMMEZD,0-22000-0-LRMMEZD,JPN,True,129.7,34.2,0.323833,pressure,2026-07-01 00:00:00+00:00,ECMWF,ship
LTYZTTU,0-22000-0-LTYZTTU,USA,True,-76.3,38.3,0.715695,pressure,2026-07-01 00:00:00+00:00,ECMWF,ship
LUJK2ER,0-22000-0-LUJK2ER,NLD,True,5.0,37.4,1.529882,pressure,2026-07-01 00:00:00+00:00,ECMWF,ship
LUMMVBU,0-22000-0-LUMMVBU,JPN,True,90.6,5.5,1.168262,pressure,2026-07-01 00:00:00+00:00,ECMWF,ship
LWQPWTY,0-22000-0-LWQPWTY,DEU,True,-75.9,10.7,0.466398,pressure,2026-07-01 00:00:00+00:00,ECMWF,ship
LWVHJ6D,0-22000-0-LWVHJ6D,DEU,True,129.1,-34.3,0.729655,pressure,2026-07-01 00:00:00+00:00,ECMWF,ship
LXRWK7C,0-22000-0-LXRWK7C,USA,True,-157.8,48.5,1.218806,pressure,2026-07-01 00:00:00+00:00,ECMWF,ship
LZRSRQZ,0-22000-0-LZRSRQZ,CHN,True,114.4,-3.7,2.679426,pressure,2026-07-01 00:00:00+00:00,ECMWF,ship
LZY37AR,0-22000-0-LZY37AR,USA,True,-156.4,56.7,1.36746,pressure,2026-07-01 00:00:00+00:00,ECMWF,ship
MBKHXUQ,0-22000-0-MBKHXUQ,DEU,True,-92.07,23.63,0.26826,pressure,2026-07-01 00:00:00+00:00,ECMWF,ship
MCJJKVQ,0-22000-0-MCJJKVQ,USA,True,-10.1,64.1,5.036432,pressure,2026-07-01 00:00:00+00:00,ECMWF,ship
MFG8HDV,0-22000-0-MFG8HDV,CHN,True,106.9,5.6,1.417124,pressure,2026-07-01 00:00:00+00:00,ECMWF,ship
MJN7LFT,0-22000-0-MJN7LFT,JPN,True,158.1,47.9,0.411758,pressure,2026-07-01 00:00:00+00:00,ECMWF,ship
MKHVKMF,0-22000-0-MKHVKMF,USA,True,-78.0,25.9,3.101658,pressure,2026-07-01 00:00:00+00:00,ECMWF,ship
MKM8C8L,0-22000-0-MKM8C8L,USA,True,28.4,-34.2,1.385702,pressure,2026-07-01 00:00:00+00:00,ECMWF,ship
MKNW44Q,0-22000-0-MKNW44Q,USA,True,176.1,52.9,1.180815,pressure,2026-07-01 00:00:00+00:00,ECMWF,ship
MMFRPHW,0-22000-0-MMFRPHW,USA,True,17.2,-31.6,1.029474,pressure,2026-07-01 00:00:00+00:00,ECMWF,ship
MMLPP9Q,0-22000-0-MMLPP9Q,FRA,True,55.29,-20.93,0.181946,pressure,2026-07-01 00:00:00+00:00,ECMWF,ship
MMZT85X,0-22000-0-MMZT85X,DEU,True,10.52,-26.77,0.345813,pressure,2026-07-01 00:00:00+00:00,ECMWF,ship
MPBP5YM,0-22000-0-MPBP5YM,NLD,True,13.85,78.23,0.297018,pressure,2026-07-01 00:00:00+00:00,ECMWF,ship
MPP7LPS,0-22000-0-MPP7LPS,GBR,True,65.2,-11.8,0.819766,pressure,2026-07-01 00:00:00+00:00,ECMWF,ship
MQSWZJL,0-22000-0-MQSWZJL,USA,True,-79.0,23.2,0.305172,pressure,2026-07-01 00:00:00+00:00,ECMWF,ship
MUW2BKU,0-22000-0-MUW2BKU,USA,True,-87.6,22.1,4.001504,pressure,2026-07-01 00:00:00+00:00,ECMWF,ship
MWY3SBU,0-22000-0-MWY3SBU,DEU,True,112.1,14.41,0.294604,pressure,2026-07-01 00:00:00+00:00,ECMWF,ship
MYXLXLG,0-22000-0-MYXLXLG,USA,True,164.8,48.2,0.293397,pressure,2026-07-01 00:00:00+00:00,ECMWF,ship
NAXMCDF,0-22000-0-NAXMCDF,DEU,True,131.8,9.0,0.30243,pressure,2026-07-01 00:00:00+00:00,ECMWF,ship
NCJB6HS,0-22000-0-NCJB6HS,DEU,True,9.68,54.31,0.178083,pressure,2026-07-01 00:00:00+00:00,ECMWF,ship
NEPGFAS,0-22000-0-NEPGFAS,USA,True,-82.2,43.1,0.636732,pressure,2026-07-01 00:00:00+00:00,ECMWF,ship
NGQQ2FJ,0-22000-0-NGQQ2FJ,USA,True,-81.6,19.4,3.578098,pressure,2026-07-01 00:00:00+00:00,ECMWF,ship
NGV8RYV,0-22000-0-NGV8RYV,USA,True,134.7,26.7,0.836675,pressure,2026-07-01 00:00:00+00:00,ECMWF,ship
NHXMUSA,0-22000-0-NHXMUSA,CAN,True,-78.1,58.4,0.5901,pressure,2026-07-01 00:00:00+00:00,ECMWF,ship
NNZ2N9Y,0-22000-0-NNZ2N9Y,DEU,True,-134.65,58.38,0.290231,pressure,2026-07-01 00:00:00+00:00,ECMWF,ship
NRTA86U,0-22000-0-NRTA86U,GBR,True,-137.6,37.2,1.025107,pressure,2026-07-01 00:00:00+00:00,ECMWF,ship
NRVRFBP,0-22000-0-NRVRFBP,CHN,True,131.3,35.4,0.987541,pressure,2026-07-01 00:00:00+00:00,ECMWF,ship
NTL3UVV,0-22000-0-NTL3UVV,USA,True,15.1,37.3,0.541582,pressure,2026-07-01 00:00:00+00:00,ECMWF,ship
NUKXM8D,0-22000-0-NUKXM8D,JPN,True,163.9,51.1,0.613756,pressure,2026-07-01 00:00:00+00:00,ECMWF,ship
NVWR4KQ,0-22000-0-NVWR4KQ,JPN,True,-128.1,45.2,1.456129,pressure,2026-07-01 00:00:00+00:00,ECMWF,ship
NXBWZ3K,0-22000-0-NXBWZ3K,CHN,True,113.7,18.7,0.954214,pressure,2026-07-01 00:00:00+00:00,ECMWF,ship
NXJ7ESE,0-22000-0-NXJ7ESE,JPN,True,120.8,38.6,3.962693,pressure,2026-07-01 00:00:00+00:00,ECMWF,ship
NYNM3KN,0-22000-0-NYNM3KN,USA,True,-134.7,55.8,4.658268,pressure,2026-07-01 00:00:00+00:00,ECMWF,ship
PBCZ7QM,0-22000-0-PBCZ7QM,USA,True,146.9,43.5,0.497814,pressure,2026-07-01 00:00:00+00:00,ECMWF,ship
PBPCGUD,0-22000-0-PBPCGUD,NZL,True,-74.4,36.8,1.094582,pressure,2026-07-01 00:00:00+00:00,ECMWF,ship
PDXZ9XP,0-22000-0-PDXZ9XP,CHN,True,-43.3,-25.9,1.951121,pressure,2026-07-01 00:00:00+00:00,ECMWF,ship
PESPCLG,0-22000-0-PESPCLG,USA,True,-93.3,30.1,0.265762,pressure,2026-07-01 00:00:00+00:00,ECMWF,ship
PFBRGQH,0-22000-0-PFBRGQH,GBR,True,1.2,61.5,0.911278,pressure,2026-07-01 00:00:00+00:00,ECMWF,ship
PFDDNFR,0-22000-0-PFDDNFR,USA,True,-130.4,48.7,4.72883,pressure,2026-07-01 00:00:00+00:00,ECMWF,ship
PFQBNEV,0-22000-0-PFQBNEV,SWE,True,-124.9,89.7,0.282288,pressure,2026-07-01 00:00:00+00:00,ECMWF,ship
PKCG73J,0-22000-0-PKCG73J,JPN,True,137.4,34.2,1.057431,pressure,2026-07-01 00:00:00+00:00,ECMWF,ship
PKKBEMZ,0-22000-0-PKKBEMZ,FRA,True,2.88,41.12,0.363662,pressure,2026-07-01 00:00:00+00:00,ECMWF,ship
PNGLMHV,0-22000-0-PNGLMHV,DEU,True,-3.57,-7.1,0.310029,pressure,2026-07-01 00:00:00+00:00,ECMWF,ship
PNMNEQR,0-22000-0-PNMNEQR,USA,True,-4.9,58.7,0.678538,pressure,2026-07-01 00:00:00+00:00,ECMWF,ship
PNN3LBX,0-22000-0-PNN3LBX,DEU,True,-81.1,32.09,0.375338,pressure,2026-07-01 00:00:00+00:00,ECMWF,ship
PNZ9FAZ,0-22000-0-PNZ9FAZ,USA,True,-140.4,39.8,0.787179,pressure,2026-07-01 00:00:00+00:00,ECMWF,ship
PSV43VJ,0-22000-0-PSV43VJ,JPN,True,124.1,16.7,0.179052,pressure,2026-07-01 00:00:00+00:00,ECMWF,ship
PSZQ7FX,0-22000-0-PSZQ7FX,GBR,True,133.45,31.03,1.72524,pressure,2026-07-01 00:00:00+00:00,ECMWF,ship
PTQNL3P,0-22000-0-PTQNL3P,DEU,True,43.28,-3.82,0.495734,pressure,2026-07-01 00:00:00+00:00,ECMWF,ship
PUZA8BS,0-22000-0-PUZA8BS,DEU,True,15.62,78.23,0.260274,pressure,2026-07-01 00:00:00+00:00,ECMWF,ship
PWMWGPP,0-22000-0-PWMWGPP,DEU,True,114.29,22.57,0.2799,pressure,2026-07-01 00:00:00+00:00,ECMWF,ship
PXJWKYK,0-22000-0-PXJWKYK,USA,True,-52.5,28.2,1.801466,pressure,2026-07-01 00:00:00+00:00,ECMWF,ship
PYPZQUL,0-22000-0-PYPZQUL,USA,True,75.5,-23.3,4.77647,pressure,2026-07-01 00:00:00+00:00,ECMWF,ship
QBBMTCF,0-22000-0-QBBMTCF,USA,True,-122.7,45.5,0.539889,pressure,2026-07-01 00:00:00+00:00,ECMWF,ship
QDHH4WW,0-22000-0-QDHH4WW,JPN,True,105.4,3.7,0.645087,pressure,2026-07-01 00:00:00+00:00,ECMWF,ship
QFUQXHU,0-22000-0-QFUQXHU,USA,True,174.1,48.1,3.491438,pressure,2026-07-01 00:00:00+00:00,ECMWF,ship
QHXYKSM,0-22000-0-QHXYKSM,DEU,True,-73.5,-15.1,0.743565,pressure,2026-07-01 00:00:00+00:00,ECMWF,ship
QJZ8JZC,0-22000-0-QJZ8JZC,DEU,True,93.1,4.7,0.845646,pressure,2026-07-01 00:00:00+00:00,ECMWF,ship
QKRWSGF,0-22000-0-QKRWSGF,USA,True,-84.5,28.2,1.03088,pressure,2026-07-01 00:00:00+00:00,ECMWF,ship
QKSVGKF,0-22000-0-QKSVGKF,USA,True,20.2,38.8,5.08601,pressure,2026-07-01 00:00:00+00:00,ECMWF,ship
QMK6GKQ,0-22000-0-QMK6GKQ,USA,True,-134.4,58.3,0.628768,pressure,2026-07-01 00:00:00+00:00,ECMWF,ship
QNL3D8N,0-22000-0-QNL3D8N,CHN,True,134.3,16.7,3.928139,pressure,2026-07-01 00:00:00+00:00,ECMWF,ship
QNZLUHE,0-22000-0-QNZLUHE,GBR,True,101.93,2.32,0.366575,pressure,2026-07-01 00:00:00+00:00,ECMWF,ship
QPKWDLE,0-22000-0-QPKWDLE,USA,True,-72.1,-20.5,0.592193,pressure,2026-07-01 00:00:00+00:00,ECMWF,ship
QQGCLLN,0-22000-0-QQGCLLN,USA,True,-79.9,9.4,1.472501,pressure,2026-07-01 00:00:00+00:00,ECMWF,ship
QQT7NWN,0-22000-0-QQT7NWN,USA,True,-70.9,40.3,0.320219,pressure,2026-07-01 00:00:00+00:00,ECMWF,ship
QWAWGYV,0-22000-0-QWAWGYV,USA,True,-122.4,47.2,0.416896,pressure,2026-07-01 00:00:00+00:00,ECMWF,ship
QWCAZUR,0-22000-0-QWCAZUR,CHN,True,104.8,2.0,1.001343,pressure,2026-07-01 00:00:00+00:00,ECMWF,ship
QWVX8BB,0-22000-0-QWVX8BB,GBR,True,10.7,57.3,0.614282,pressure,2026-07-01 00:00:00+00:00,ECMWF,ship
RBC3VBN,0-22000-0-RBC3VBN,USA,True,-163.8,55.4,0.474831,pressure,2026-07-01 00:00:00+00:00,ECMWF,ship
RDA6ALF,0-22000-0-RDA6ALF,USA,True,-74.4,16.8,1.057898,pressure,2026-07-01 00:00:00+00:00,ECMWF,ship
RDK43JY,0-22000-0-RDK43JY,USA,True,-167.4,48.2,1.239046,pressure,2026-07-01 00:00:00+00:00,ECMWF,ship
RFQ73BM,0-22000-0-RFQ73BM,USA,True,-78.9,26.5,0.453872,pressure,2026-07-01 00:00:00+00:00,ECMWF,ship
RJTULSH,0-22000-0-RJTULSH,FRA,True,166.28,-22.33,0.212344,pressure,2026-07-01 00:00:00+00:00,ECMWF,ship
RKCSYTX,0-22000-0-RKCSYTX,USA,True,-143.0,58.1,0.892621,pressure,2026-07-01 00:00:00+00:00,ECMWF,ship
RLAGC4C,0-22000-0-RLAGC4C,DEU,True,3.85,52.0,0.34871,pressure,2026-07-01 00:00:00+00:00,ECMWF,ship
RLED4NL,0-22000-0-RLED4NL,CHN,True,169.1,-28.6,1.100814,pressure,2026-07-01 00:00:00+00:00,ECMWF,ship
RPFSSGW,0-22000-0-RPFSSGW,RUS,True,36.4,69.1,0.841906,pressure,2026-07-01 00:00:00+00:00,ECMWF,ship
RPXPU5H,0-22000-0-RPXPU5H,USA,True,159.7,42.3,0.305486,pressure,2026-07-01 00:00:00+00:00,ECMWF,ship
RRBLL4P,0-22000-0-RRBLL4P,USA,True,-131.7,55.4,0.149047,pressure,2026-07-01 00:00:00+00:00,ECMWF,ship
RVDDL2B,0-22000-0-RVDDL2B,GBR,True,-80.42,24.28,0.497888,pressure,2026-07-01 00:00:00+00:00,ECMWF,ship
RVTQ89S,0-22000-0-RVTQ89S,DEU,True,6.0,-27.3,0.402613,pressure,2026-07-01 00:00:00+00:00,ECMWF,ship
RYPU8UL,0-22000-0-RYPU8UL,GBR,True,50.9,6.8,0.781155,pressure,2026-07-01 00:00:00+00:00,ECMWF,ship
RYVPNUT,0-22000-0-RYVPNUT,USA,True,-123.4,48.1,2.100593,pressure,2026-07-01 00:00:00+00:00,ECMWF,ship
SAFWBSK,0-22000-0-SAFWBSK,USA,True,-163.1,42.3,1.885541,pressure,2026-07-01 00:00:00+00:00,ECMWF,ship
SBESXGT,0-22000-0-SBESXGT,USA,True,8.5,53.5,0.727376,pressure,2026-07-01 00:00:00+00:00,ECMWF,ship
SCZX4UR,0-22000-0-SCZX4UR,CHN,True,120.7,25.9,0.787346,pressure,2026-07-01 00:00:00+00:00,ECMWF,ship
SDENXXD,0-22000-0-SDENXXD,FRA,True,-9.77,37.48,0.263179,pressure,2026-07-01 00:00:00+00:00,ECMWF,ship
SES3HNY,0-22000-0-SES3HNY,DEU,True,138.4,40.3,0.715669,pressure,2026-07-01 00:00:00+00:00,ECMWF,ship
SKRFVLE,0-22000-0-SKRFVLE,USA,True,-73.0,38.0,1.202343,pressure,2026-07-01 00:00:00+00:00,ECMWF,ship
SLPQ65B,0-22000-0-SLPQ65B,USA,True,-3.1,49.9,3.75512,pressure,2026-07-01 00:00:00+00:00,ECMWF,ship
SLQAW8B,0-22000-0-SLQAW8B,USA,True,-173.8,33.8,0.758419,pressure,2026-07-01 00:00:00+00:00,ECMWF,ship
SMZ8N3S,0-22000-0-SMZ8N3S,CHN,True,-137.9,39.8,8.980796,pressure,2026-07-01 00:00:00+00:00,ECMWF,ship
SPWMAUB,0-22000-0-SPWMAUB,DEU,True,1.43,51.01,0.372542,pressure,2026-07-01 00:00:00+00:00,ECMWF,ship
SRN54XZ,0-22000-0-SRN54XZ,USA,True,-126.3,32.1,0.740883,pressure,2026-07-01 00:00:00+00:00,ECMWF,ship
STU4HSH,0-22000-0-STU4HSH,DEU,True,147.42,42.96,0.54209,pressure,2026-07-01 00:00:00+00:00,ECMWF,ship
STYGZNL,0-22000-0-STYGZNL,FRA,True,-147.18,-17.37,0.690491,pressure,2026-07-01 00:00:00+00:00,ECMWF,ship
SUMTT6V,0-22000-0-SUMTT6V,USA,True,-165.4,48.4,6.298721,pressure,2026-07-01 00:00:00+00:00,ECMWF,ship
SWN8T6Y,0-22000-0-SWN8T6Y,DEU,True,-106.0,19.8,0.401037,pressure,2026-07-01 00:00:00+00:00,ECMWF,ship
SYBXXSM,0-22000-0-SYBXXSM,FRA,True,5.4,43.3,0.253695,pressure,2026-07-01 00:00:00+00:00,ECMWF,ship
TAKFBTD,0-22000-0-TAKFBTD,DEU,True,177.31,-39.53,0.46382,pressure,2026-07-01 00:00:00+00:00,ECMWF,ship
TBF4RTB,0-22000-0-TBF4RTB,USA,True,81.1,6.1,2.120525,pressure,2026-07-01 00:00:00+00:00,ECMWF,ship
TBGSD8Y,0-22000-0-TBGSD8Y,USA,True,90.6,4.6,6.606886,pressure,2026-07-01 00:00:00+00:00,ECMWF,ship
TBW25ML,0-22000-0-TBW25ML,DEU,True,-23.0,-25.7,1.141001,pressure,2026-07-01 00:00:00+00:00,ECMWF,ship
TECBVGN,0-22000-0-TECBVGN,USA,True,145.7,42.8,6.105971,pressure,2026-07-01 00:00:00+00:00,ECMWF,ship
TLMMDGU,0-22000-0-TLMMDGU,USA,True,45.5,-11.2,0.443182,pressure,2026-07-01 00:00:00+00:00,ECMWF,ship
TLUJUAP,0-22000-0-TLUJUAP,JPN,True,66.5,22.5,4.693436,pressure,2026-07-01 00:00:00+00:00,ECMWF,ship
TNBAFVW,0-22000-0-TNBAFVW,USA,True,-96.1,19.2,0.42142,pressure,2026-07-01 00:00:00+00:00,ECMWF,ship
TNV6BNG,0-22000-0-TNV6BNG,USA,True,172.7,-43.6,0.520663,pressure,2026-07-01 00:00:00+00:00,ECMWF,ship
TNVXRHV,0-22000-0-TNVXRHV,GBR,True,154.3,48.1,0.582512,pressure,2026-07-01 00:00:00+00:00,ECMWF,ship
TPM3MUL,0-22000-0-TPM3MUL,USA,True,-88.6,47.6,0.528437,pressure,2026-07-01 00:00:00+00:00,ECMWF,ship
TQA5VER,0-22000-0-TQA5VER,USA,True,-13.4,4.2,2.57732,pressure,2026-07-01 00:00:00+00:00,ECMWF,ship
TQHAH3R,0-22000-0-TQHAH3R,USA,True,-159.5,36.2,2.158232,pressure,2026-07-01 00:00:00+00:00,ECMWF,ship
TWYLY6Q,0-22000-0-TWYLY6Q,USA,True,-75.4,24.9,0.659384,pressure,2026-07-01 00:00:00+00:00,ECMWF,ship
TYQJTMF,0-22000-0-TYQJTMF,USA,True,-71.2,21.8,1.88092,pressure,2026-07-01 00:00:00+00:00,ECMWF,ship
TZCED5G,0-22000-0-TZCED5G,USA,True,142.0,41.6,1.041309,pressure,2026-07-01 00:00:00+00:00,ECMWF,ship
UBTNWBD,0-22000-0-UBTNWBD,USA,True,-143.8,59.0,1.779318,pressure,2026-07-01 00:00:00+00:00,ECMWF,ship
UDMDCYM,0-22000-0-UDMDCYM,USA,True,134.5,7.3,0.36001,pressure,2026-07-01 00:00:00+00:00,ECMWF,ship
UDZZKLC,0-22000-0-UDZZKLC,USA,True,87.5,0.2,3.915106,pressure,2026-07-01 00:00:00+00:00,ECMWF,ship
UEGYJVW,0-22000-0-UEGYJVW,USA,True,-38.1,-13.2,2.464805,pressure,2026-07-01 00:00:00+00:00,ECMWF,ship
UFMTP3N,0-22000-0-UFMTP3N,JPN,True,98.6,4.9,0.499445,pressure,2026-07-01 00:00:00+00:00,ECMWF,ship
UGDCMHG,0-22000-0-UGDCMHG,USA,True,90.7,2.5,4.058742,pressure,2026-07-01 00:00:00+00:00,ECMWF,ship
UHJ57CR,0-22000-0-UHJ57CR,DEU,True,121.9,34.6,1.527578,pressure,2026-07-01 00:00:00+00:00,ECMWF,ship
UKE3JJC,0-22000-0-UKE3JJC,USA,True,24.0,35.7,12.462858,pressure,2026-07-01 00:00:00+00:00,ECMWF,ship
UKKWX9P,0-22000-0-UKKWX9P,JPN,True,143.9,28.2,2.365463,pressure,2026-07-01 00:00:00+00:00,ECMWF,ship
UKXLEYX,0-22000-0-UKXLEYX,JPN,True,7.2,-29.2,1.60975,pressure,2026-07-01 00:00:00+00:00,ECMWF,ship
UMNMA4J,0-22000-0-UMNMA4J,FRA,True,7.2,42.25,0.520483,pressure,2026-07-01 00:00:00+00:00,ECMWF,ship
UNG7H7R,0-22000-0-UNG7H7R,AUS,True,115.7,-32.0,0.219115,pressure,2026-07-01 00:00:00+00:00,ECMWF,ship
UQCW45B,0-22000-0-UQCW45B,USA,True,-146.7,60.3,2.209227,pressure,2026-07-01 00:00:00+00:00,ECMWF,ship
UQQERBK,0-22000-0-UQQERBK,GBR,True,-61.1,-52.0,0.291817,pressure,2026-07-01 00:00:00+00:00,ECMWF,ship
USCDJSG,0-22000-0-USCDJSG,DEU,True,13.0,-29.4,1.136287,pressure,2026-07-01 00:00:00+00:00,ECMWF,ship
USFGH4U,0-22000-0-USFGH4U,USA,True,83.1,14.8,22.362294,pressure,2026-07-01 00:00:00+00:00,ECMWF,ship
UTH48AN,0-22000-0-UTH48AN,USA,True,51.8,25.4,5.807242,pressure,2026-07-01 00:00:00+00:00,ECMWF,ship
UUZCFPA,0-22000-0-UUZCFPA,GBR,True,-1.4,50.9,0.688842,pressure,2026-07-01 00:00:00+00:00,ECMWF,ship
UWBR5ZS,0-22000-0-UWBR5ZS,CAN,True,-123.0,49.2,0.479601,pressure,2026-07-01 00:00:00+00:00,ECMWF,ship
UYBWCVN,0-22000-0-UYBWCVN,AUS,True,126.2,-14.1,0.420119,pressure,2026-07-01 00:00:00+00:00,ECMWF,ship
VCHQSQP,0-22000-0-VCHQSQP,CAN,True,-123.4,48.6,0.453169,pressure,2026-07-01 00:00:00+00:00,ECMWF,ship
VEXJEDS,0-22000-0-VEXJEDS,CHN,True,-34.7,1.2,6.448299,pressure,2026-07-01 00:00:00+00:00,ECMWF,ship
VJSEWFX,0-22000-0-VJSEWFX,USA,True,14.1,44.0,2.725004,pressure,2026-07-01 00:00:00+00:00,ECMWF,ship
VJTQP2V,0-22000-0-VJTQP2V,CHN,True,-10.2,-18.9,0.583271,pressure,2026-07-01 00:00:00+00:00,ECMWF,ship
VLEUQVY,0-22000-0-VLEUQVY,DEU,True,-144.91,49.77,0.438631,pressure,2026-07-01 00:00:00+00:00,ECMWF,ship
VNMHWHH,0-22000-0-VNMHWHH,DEU,True,157.5,-43.5,0.365631,pressure,2026-07-01 00:00:00+00:00,ECMWF,ship
VQWBSWP,0-22000-0-VQWBSWP,DEU,True,-5.4,-8.7,0.940407,pressure,2026-07-01 00:00:00+00:00,ECMWF,ship
VSHX2AM,0-22000-0-VSHX2AM,USA,True,-130.1,51.4,1.015555,pressure,2026-07-01 00:00:00+00:00,ECMWF,ship
VSYBAHW,0-22000-0-VSYBAHW,JPN,True,137.2,18.8,0.266583,pressure,2026-07-01 00:00:00+00:00,ECMWF,ship
VTDH25G,0-22000-0-VTDH25G,USA,True,-123.1,49.2,0.641461,pressure,2026-07-01 00:00:00+00:00,ECMWF,ship
VTHYFYA,0-22000-0-VTHYFYA,GBR,True,-48.3,-28.7,1.469916,pressure,2026-07-01 00:00:00+00:00,ECMWF,ship
VUBSTAS,0-22000-0-VUBSTAS,USA,True,-84.6,22.6,2.871315,pressure,2026-07-01 00:00:00+00:00,ECMWF,ship
VWR8WFJ,0-22000-0-VWR8WFJ,JPN,True,139.3,35.0,0.244156,pressure,2026-07-01 00:00:00+00:00,ECMWF,ship
VXTC6UC,0-22000-0-VXTC6UC,USA,True,-88.1,17.4,0.363438,pressure,2026-07-01 00:00:00+00:00,ECMWF,ship
VYDDKYM,0-22000-0-VYDDKYM,FRA,True,-0.94,45.53,0.250507,pressure,2026-07-01 00:00:00+00:00,ECMWF,ship
WAT946V,0-22000-0-WAT946V,CHN,True,-54.3,33.9,4.427589,pressure,2026-07-01 00:00:00+00:00,ECMWF,ship
WAVH6CM,0-22000-0-WAVH6CM,USA,True,123.6,31.7,1.876763,pressure,2026-07-01 00:00:00+00:00,ECMWF,ship
WDTVPMQ,0-22000-0-WDTVPMQ,USA,True,-124.1,37.7,0.714941,pressure,2026-07-01 00:00:00+00:00,ECMWF,ship
WEFTHCE,0-22000-0-WEFTHCE,JPN,True,123.8,-9.0,0.470276,pressure,2026-07-01 00:00:00+00:00,ECMWF,ship
WEJYQ8W,0-22000-0-WEJYQ8W,USA,True,-64.8,36.1,0.906271,pressure,2026-07-01 00:00:00+00:00,ECMWF,ship
WETQ2MY,0-22000-0-WETQ2MY,USA,True,-151.6,59.0,0.462072,pressure,2026-07-01 00:00:00+00:00,ECMWF,ship
WFH5V9Y,0-22000-0-WFH5V9Y,USA,True,-80.5,31.9,1.080835,pressure,2026-07-01 00:00:00+00:00,ECMWF,ship
WFKFPXR,0-22000-0-WFKFPXR,USA,True,-80.0,32.9,0.24056,pressure,2026-07-01 00:00:00+00:00,ECMWF,ship
WGM7JGJ,0-22000-0-WGM7JGJ,USA,True,-173.9,-0.8,1.086361,pressure,2026-07-01 00:00:00+00:00,ECMWF,ship
WJL5YPY,0-22000-0-WJL5YPY,JPN,True,-94.7,29.3,4.184406,pressure,2026-07-01 00:00:00+00:00,ECMWF,ship
WKV3UVZ,0-22000-0-WKV3UVZ,USA,True,-85.9,46.0,0.429444,pressure,2026-07-01 00:00:00+00:00,ECMWF,ship
WLZ256G,0-22000-0-WLZ256G,DEU,True,119.1,21.8,0.69642,pressure,2026-07-01 00:00:00+00:00,ECMWF,ship
WMNT2XZ,0-22000-0-WMNT2XZ,USA,True,12.6,55.7,0.808389,pressure,2026-07-01 00:00:00+00:00,ECMWF,ship
WNMJYHB,0-22000-0-WNMJYHB,DEU,True,102.8,8.6,0.669447,pressure,2026-07-01 00:00:00+00:00,ECMWF,ship
WPSTZMY,0-22000-0-WPSTZMY,DEU,True,7.52,54.03,0.32129,pressure,2026-07-01 00:00:00+00:00,ECMWF,ship
WRSZWZN,0-22000-0-WRSZWZN,JPN,True,137.0,30.5,0.245364,pressure,2026-07-01 00:00:00+00:00,ECMWF,ship
WSFABLK,0-22000-0-WSFABLK,DEU,True,125.3,30.2,0.409009,pressure,2026-07-01 00:00:00+00:00,ECMWF,ship
WUKJN8R,0-22000-0-WUKJN8R,GBR,True,4.2,60.5,2.412623,pressure,2026-07-01 00:00:00+00:00,ECMWF,ship
WZK3K4L,0-22000-0-WZK3K4L,GBR,True,83.7,6.0,1.258655,pressure,2026-07-01 00:00:00+00:00,ECMWF,ship
WZU9GCQ,0-22000-0-WZU9GCQ,GBR,True,72.53,19.18,0.448182,pressure,2026-07-01 00:00:00+00:00,ECMWF,ship
XBDYVRP,0-22000-0-XBDYVRP,DEU,True,11.33,78.99,0.184467,pressure,2026-07-01 00:00:00+00:00,ECMWF,ship
XBGVE2Y,0-22000-0-XBGVE2Y,FRA,True,-149.58,-17.54,0.162833,pressure,2026-07-01 00:00:00+00:00,ECMWF,ship
XCH7Z5R,0-22000-0-XCH7Z5R,USA,True,-147.3,42.9,8.257535,pressure,2026-07-01 00:00:00+00:00,ECMWF,ship
XDBF9WB,0-22000-0-XDBF9WB,CHN,True,118.9,19.8,0.283169,pressure,2026-07-01 00:00:00+00:00,ECMWF,ship
XERUA3D,0-22000-0-XERUA3D,JPN,True,63.9,20.1,4.949858,pressure,2026-07-01 00:00:00+00:00,ECMWF,ship
XFUB23M,0-22000-0-XFUB23M,DEU,True,7.85,53.86,0.278058,pressure,2026-07-01 00:00:00+00:00,ECMWF,ship
XGKPXTA,0-22000-0-XGKPXTA,CHN,True,21.7,-34.6,0.981597,pressure,2026-07-01 00:00:00+00:00,ECMWF,ship
XHPGWKR,0-22000-0-XHPGWKR,JPN,True,133.2,32.3,0.790021,pressure,2026-07-01 00:00:00+00:00,ECMWF,ship
XJL6M6W,0-22000-0-XJL6M6W,GBR,True,132.5,32.2,0.632767,pressure,2026-07-01 00:00:00+00:00,ECMWF,ship
XKRZECH,0-22000-0-XKRZECH,DEU,True,-1.56,50.1,0.368823,pressure,2026-07-01 00:00:00+00:00,ECMWF,ship
XMEZAQF,0-22000-0-XMEZAQF,DEU,True,8.1,53.7,0.191625,pressure,2026-07-01 00:00:00+00:00,ECMWF,ship
XMZCJPS,0-22000-0-XMZCJPS,USA,True,-34.9,-8.3,1.985054,pressure,2026-07-01 00:00:00+00:00,ECMWF,ship
XPPQEVQ,0-22000-0-XPPQEVQ,AUS,True,123.6,-9.3,0.555876,pressure,2026-07-01 00:00:00+00:00,ECMWF,ship
XSYLYFC,0-22000-0-XSYLYFC,CHN,True,-144.4,23.6,3.180382,pressure,2026-07-01 00:00:00+00:00,ECMWF,ship
XUWZS4Q,0-22000-0-XUWZS4Q,CHN,True,-69.4,40.5,1.147618,pressure,2026-07-01 00:00:00+00:00,ECMWF,ship
XXKURDN,0-22000-0-XXKURDN,DEU,True,-52.8,65.92,0.284407,pressure,2026-07-01 00:00:00+00:00,ECMWF,ship
XYKWGQR,0-22000-0-XYKWGQR,GBR,True,-123.4,48.1,1.625883,pressure,2026-07-01 00:00:00+00:00,ECMWF,ship
YDRLKTQ,0-22000-0-YDRLKTQ,USA,True,-79.2,23.6,0.436167,pressure,2026-07-01 00:00:00+00:00,ECMWF,ship
YDSFN7E,0-22000-0-YDSFN7E,USA,True,33.4,-28.1,1.129963,pressure,2026-07-01 00:00:00+00:00,ECMWF,ship
YFQ7BCF,0-22000-0-YFQ7BCF,DEU,True,103.7,1.2,0.371516,pressure,2026-07-01 00:00:00+00:00,ECMWF,ship
YHKD8KZ,0-22000-0-YHKD8KZ,DEU,True,-29.28,31.62,0.506569,pressure,2026-07-01 00:00:00+00:00,ECMWF,ship
YJAMPHW,0-22000-0-YJAMPHW,RUS,True,141.8,47.3,1.738449,pressure,2026-07-01 00:00:00+00:00,ECMWF,ship
YJT6NYU,0-22000-0-YJT6NYU,DEU,True,-10.1,39.67,0.420732,pressure,2026-07-01 00:00:00+00:00,ECMWF,ship
YKDQKEE,0-22000-0-YKDQKEE,JPN,True,-137.6,37.4,0.982389,pressure,2026-07-01 00:00:00+00:00,ECMWF,ship
YKMRAFU,0-22000-0-YKMRAFU,USA,True,-86.7,21.8,4.184278,pressure,2026-07-01 00:00:00+00:00,ECMWF,ship
YLCMGLW,0-22000-0-YLCMGLW,CHN,True,1.0,-26.2,3.825713,pressure,2026-07-01 00:00:00+00:00,ECMWF,ship
YPGWNMH,0-22000-0-YPGWNMH,DEU,True,16.2,-31.9,1.670461,pressure,2026-07-01 00:00:00+00:00,ECMWF,ship
YRU6UKM,0-22000-0-YRU6UKM,AUS,True,126.7,22.7,0.624515,pressure,2026-07-01 00:00:00+00:00,ECMWF,ship
YTEAPAS,0-22000-0-YTEAPAS,DEU,True,8.5,53.6,0.495227,pressure,2026-07-01 00:00:00+00:00,ECMWF,ship
YUENGTJ,0-22000-0-YUENGTJ,USA,True,-159.0,46.3,4.11257,pressure,2026-07-01 00:00:00+00:00,ECMWF,ship
YUQ9J4P,0-22000-0-YUQ9J4P,DEU,True,11.33,37.5,0.538294,pressure,2026-07-01 00:00:00+00:00,ECMWF,ship
YUTPB4M,0-22000-0-YUTPB4M,GBR,True,130.92,30.92,0.80246,pressure,2026-07-01 00:00:00+00:00,ECMWF,ship
YVT7LUV,0-22000-0-YVT7LUV,CHN,True,100.4,5.4,0.211332,pressure,2026-07-01 00:00:00+00:00,ECMWF,ship
YWG5SAU,0-22000-0-YWG5SAU,DEU,True,4.27,51.35,0.436301,pressure,2026-07-01 00:00:00+00:00,ECMWF,ship
YWH7VZM,0-22000-0-YWH7VZM,CHN,True,-14.6,31.8,1.910978,pressure,2026-07-01 00:00:00+00:00,ECMWF,ship
YYKDZ5T,0-22000-0-YYKDZ5T,USA,True,-145.1,42.1,2.61012,pressure,2026-07-01 00:00:00+00:00,ECMWF,ship
YYTXLEH,0-22000-0-YYTXLEH,USA,True,18.9,41.0,3.905737,pressure,2026-07-01 00:00:00+00:00,ECMWF,ship
YZH7MLD,0-22000-0-YZH7MLD,USA,True,33.5,31.8,0.82902,pressure,2026-07-01 00:00:00+00:00,ECMWF,ship
ZAAECUR,0-22000-0-ZAAECUR,USA,True,-84.1,24.6,0.386483,pressure,2026-07-01 00:00:00+00:00,ECMWF,ship
ZEMYNJE,0-22000-0-ZEMYNJE,USA,True,-16.9,57.2,9.938888,pressure,2026-07-01 00:00:00+00:00,ECMWF,ship
ZFG296J,0-22000-0-ZFG296J,USA,True,-82.9,7.3,1.107104,pressure,2026-07-01 00:00:00+00:00,ECMWF,ship
ZFNN88K,0-22000-0-ZFNN88K,RUS,True,41.4,70.2,4.409491,pressure,2026-07-01 00:00:00+00:00,ECMWF,ship
ZJMN7RS,0-22000-0-ZJMN7RS,CAN,True,-52.7,47.5,0.624015,pressure,2026-07-01 00:00:00+00:00,ECMWF,ship
ZKF2BNJ,0-22000-0-ZKF2BNJ,DEU,True,-64.95,49.87,0.359547,pressure,2026-07-01 00:00:00+00:00,ECMWF,ship
ZKT4Y5Z,0-22000-0-ZKT4Y5Z,JPN,True,134.4,31.1,0.468001,pressure,2026-07-01 00:00:00+00:00,ECMWF,ship
ZKY627U,0-22000-0-ZKY627U,JPN,True,-6.2,-22.1,1.082681,pressure,2026-07-01 00:00:00+00:00,ECMWF,ship
ZLR8P2A,0-22000-0-ZLR8P2A,USA,True,-73.8,37.8,0.602076,pressure,2026-07-01 00:00:00+00:00,ECMWF,ship
ZMU7DJS,0-22000-0-ZMU7DJS,USA,True,-93.6,63.9,1.558721,pressure,2026-07-01 00:00:00+00:00,ECMWF,ship
ZNSLBZM,0-22000-0-ZNSLBZM,FRA,True,-5.42,50.64,0.419772,pressure,2026-07-01 00:00:00+00:00,ECMWF,ship
ZPN4GXP,0-22000-0-ZPN4GXP,USA,True,-97.7,0.0001,0.759117,pressure,2026-07-01 00:00:00+00:00,ECMWF,ship
ZPUZW8N,0-22000-0-ZPUZW8N,USA,True,-83.1,27.2,0.936365,pressure,2026-07-01 00:00:00+00:00,ECMWF,ship
ZPXXCKC,0-22000-0-ZPXXCKC,USA,True,-95.5,21.5,0.75087,pressure,2026-07-01 00:00:00+00:00,ECMWF,ship
ZRG295P,0-22000-0-ZRG295P,USA,True,22.5,36.0,1.501285,pressure,2026-07-01 00:00:00+00:00,ECMWF,ship
ZSC8RLC,0-22000-0-ZSC8RLC,USA,True,-59.9,45.4,0.956585,pressure,2026-07-01 00:00:00+00:00,ECMWF,ship
ZTCFC6K,0-22000-0-ZTCFC6K,DEU,True,127.3,29.1,1.373335,pressure,2026-07-01 00:00:00+00:00,ECMWF,ship
ZTKNCMX,0-22000-0-ZTKNCMX,USA,True,4.0,53.6,0.882243,pressure,2026-07-01 00:00:00+00:00,ECMWF,ship
ZUBGK4P,0-22000-0-ZUBGK4P,GBR,True,-80.9,0.0001,0.549803,pressure,2026-07-01 00:00:00+00:00,ECMWF,ship
ZVWN2DJ,0-22000-0-ZVWN2DJ,USA,True,-120.7,35.1,0.503266,pressure,2026-07-01 00:00:00+00:00,ECMWF,ship
ZZB5AKK,0-22000-0-ZZB5AKK,DEU,True,15.7,-32.5,0.380212,pressure,2026-07-01 00:00:00+00:00,ECMWF,ship
Unknown,C6IA5,,False,138.5,40.5,1.194461,pressure,2026-07-01 00:00:00+00:00,ECMWF,ship
Unknown,7KSH,,False,125.4000015258789,25.200000762939453,0.68926,pressure,2026-07-01 00:00:00+00:00,ECMWF,ship
Unknown,9V7661,,False,169.60000610351562,44.599998474121094,14.540678,pressure,2026-07-01 00:00:00+00:00,ECMWF,ship
Unknown,WDF7122,,False,-88.5,30.299999237060547,0.368901,pressure,2026-07-01 00:00:00+00:00,ECMWF,ship
Unknown,5LUD4,,False,134.3000030517578,29.799999237060547,2.227346,pressure,2026-07-01 00:00:00+00:00,ECMWF,ship
Unknown,NQNSHYW,,False,8.520000457763672,53.599998474121094,0.348221,pressure,2026-07-01 00:00:00+00:00,ECMWF,ship
Unknown,C6BW4,,False,-152.8000030517578,53.0,9.92747,pressure,2026-07-01 00:00:00+00:00,ECMWF,ship
Unknown,7KPF,,False,137.60000610351562,31.600000381469727,0.502965,pressure,2026-07-01 00:00:00+00:00,ECMWF,ship
Unknown,LDGJ,,False,5.75,57.0099983215332,0.241272,pressure,2026-07-01 00:00:00+00:00,ECMWF,ship
Unknown,VRWP6,,False,-175.0,36.5,1.2561,pressure,2026-07-01 00:00:00+00:00,ECMWF,ship
Unknown,5LVH7,,False,2.0,59.0,5.952811,pressure,2026-07-01 00:00:00+00:00,ECMWF,ship
Unknown,OBAA,,False,-82.80000305175781,3.0999999046325684,6.560644,pressure,2026-07-01 00:00:00+00:00,ECMWF,ship
8LMNR7Q,0-22000-0-8LMNR7Q,JPN,True,173.0,36.3,2.707907,pressure,2026-07-01 00:00:00+00:00,ECMWF,ship
Unknown,44080,,False,-76.5,39.20000076293945,1.64886,pressure,2026-07-01 00:00:00+00:00,ECMWF,ship
WRS376L,0-22000-0-WRS376L,JPN,True,7.2,-23.7,1.064884,pressure,2026-07-01 00:00:00+00:00,ECMWF,ship
Unknown,62029,,False,-12.5,48.79999923706055,0.136186,pressure,2026-07-01 00:00:00+00:00,ECMWF,ship
CTE5KEF,0-22000-0-CTE5KEF,USA,True,-57.4,18.8,6.602237,pressure,2026-07-01 00:00:00+00:00,ECMWF,ship
Unknown,7KRZ,,False,-75.0,36.5,1.220625,pressure,2026-07-01 00:00:00+00:00,ECMWF,ship
Unknown,GMAMUGE,,False,-4.800000190734863,47.79999923706055,0.748595,pressure,2026-07-01 00:00:00+00:00,ECMWF,ship
Unknown,LANW8,,False,-110.5,-40.79999923706055,0.38878,pressure,2026-07-01 00:00:00+00:00,ECMWF,ship
VPBVY2D,0-22000-0-VPBVY2D,JPN,True,-29.7,-4.2,1.592326,pressure,2026-07-01 00:00:00+00:00,ECMWF,ship
VVXBNJJ,0-22000-0-VVXBNJJ,AUS,True,117.5,-35.8,0.557649,pressure,2026-07-01 00:00:00+00:00,ECMWF,ship
QGT74FC,0-22000-0-QGT74FC,GBR,True,-5.8,54.6,0.35785,pressure,2026-07-01 00:00:00+00:00,ECMWF,ship
Unknown,V7A5926,,False,29.600000381469727,-31.799999237060547,1.284278,pressure,2026-07-01 00:00:00+00:00,ECMWF,ship
Unknown,BQVLF3Y,,False,8.119999885559082,53.650001525878906,0.295774,pressure,2026-07-01 00:00:00+00:00,ECMWF,ship
Unknown,AMOUK86,,False,-5.800000190734863,54.599998474121094,0.572582,pressure,2026-07-01 00:00:00+00:00,ECMWF,ship
Unknown,9V7662,,False,-122.80000305175781,36.70000076293945,3.331291,pressure,2026-07-01 00:00:00+00:00,ECMWF,ship
PAPMSMJ,0-22000-0-PAPMSMJ,JPN,True,124.5,25.2,2.44821,pressure,2026-07-01 00:00:00+00:00,ECMWF,ship
5HKNS4T,0-22000-0-5HKNS4T,AUS,True,142.25,-10.59,0.517575,pressure,2026-07-01 00:00:00+00:00,ECMWF,ship
Unknown,HBLM,,False,-133.39999389648438,47.599998474121094,3.795078,pressure,2026-07-01 00:00:00+00:00,ECMWF,ship
Unknown,9HA5075,,False,-161.0,46.0,1.97298,pressure,2026-07-01 00:00:00+00:00,ECMWF,ship
Unknown,9V7672,,False,-133.5,36.20000076293945,0.861617,pressure,2026-07-01 00:00:00+00:00,ECMWF,ship
Unknown,143093,,False,-85.5,19.200000762939453,0.945878,pressure,2026-07-01 00:00:00+00:00,ECMWF,ship
Unknown,7KTL,,False,94.30000305175781,-6.599999904632568,1.125864,pressure,2026-07-01 00:00:00+00:00,ECMWF,ship
Unknown,7JWJ,,False,-174.10000610351562,47.599998474121094,0.966466,pressure,2026-07-01 00:00:00+00:00,ECMWF,ship
Unknown,3E7047,,False,28.600000381469727,-33.5,0.745773,pressure,2026-07-01 00:00:00+00:00,ECMWF,ship
Unknown,3E8517,,False,132.60000610351562,32.099998474121094,1.736675,pressure,2026-07-01 00:00:00+00:00,ECMWF,ship
Unknown,3EVN7,,False,31.899999618530273,-32.599998474121094,0.904938,pressure,2026-07-01 00:00:00+00:00,ECMWF,ship
Unknown,4ED7Y3T,,False,10.899999618530273,54.0,0.225629,pressure,2026-07-01 00:00:00+00:00,ECMWF,ship
Unknown,TALF88V,,False,10.199999809265137,54.400001525878906,0.324819,pressure,2026-07-01 00:00:00+00:00,ECMWF,ship
Unknown,VRRZ8,,False,4.099999904632568,63.0,22.258063,pressure,2026-07-01 00:00:00+00:00,ECMWF,ship
GQC79ND,0-22000-0-GQC79ND,DEU,True,-3.4,49.6,0.434552,pressure,2026-07-01 00:00:00+00:00,ECMWF,ship
Unknown,42357,,False,-88.19999694824219,30.100000381469727,1.578668,pressure,2026-07-01 00:00:00+00:00,ECMWF,ship
6201065,0-22000-100-6201065,DEU,True,6.6,54.0,1.162444,pressure,2026-07-01 00:00:00+00:00,ECMWF,ship
6201066,0-22000-100-6201066,DEU,True,7.2,55.2,0.327125,pressure,2026-07-01 00:00:00+00:00,ECMWF,ship
Unknown,9VMW2,,False,156.5,40.20000076293945,1.825564,pressure,2026-07-01 00:00:00+00:00,ECMWF,ship
Unknown,C6CL5,,False,115.0999984741211,20.200000762939453,3.04494,pressure,2026-07-01 00:00:00+00:00,ECMWF,ship
Unknown,C6HY4,,False,-178.1999969482422,46.29999923706055,0.825989,pressure,2026-07-01 00:00:00+00:00,ECMWF,ship
Unknown,KAEC,,False,-67.0999984741211,17.700000762939453,1.931377,pressure,2026-07-01 00:00:00+00:00,ECMWF,ship
Unknown,V7A6565,,False,3.799999952316284,-26.799999237060547,0.468437,pressure,2026-07-01 00:00:00+00:00,ECMWF,ship
Unknown,9V3080,,False,171.10000610351562,47.400001525878906,0.996416,pressure,2026-07-01 00:00:00+00:00,ECMWF,ship
Unknown,V7A7124,,False,129.39999389648438,31.0,2.017278,pressure,2026-07-01 00:00:00+00:00,ECMWF,ship
Unknown,D5VT5,,False,-17.399999618530273,14.600000381469727,5.353325,pressure,2026-07-01 00:00:00+00:00,ECMWF,ship
Unknown,5LMB9,,False,-159.6999969482422,46.0,3.143184,pressure,2026-07-01 00:00:00+00:00,ECMWF,ship
Unknown,UMG6UFR,,False,152.39999389648438,-33.900001525878906,0.704275,pressure,2026-07-01 00:00:00+00:00,ECMWF,ship
Unknown,JLB7J9F,,False,11.0,54.400001525878906,0.226695,pressure,2026-07-01 00:00:00+00:00,ECMWF,ship
WPJTA9E,0-22000-0-WPJTA9E,AUS,True,122.8,36.7,0.529065,pressure,2026-07-01 00:00:00+00:00,ECMWF,ship
Unknown,9V7658,,False,16.899999618530273,-21.100000381469727,2.412573,pressure,2026-07-01 00:00:00+00:00,ECMWF,ship
Unknown,C6FQ3,,False,-80.0999984741211,25.700000762939453,0.250133,pressure,2026-07-01 00:00:00+00:00,ECMWF,ship
Unknown,CYDD,,False,-83.19999694824219,45.400001525878906,10.622269,pressure,2026-07-01 00:00:00+00:00,ECMWF,ship
Unknown,VRWT4,,False,-19.399999618530273,-12.300000190734863,1.882867,pressure,2026-07-01 00:00:00+00:00,ECMWF,ship
Unknown,9VMX7,,False,69.69999694824219,-13.699999809265137,0.327894,pressure,2026-07-01 00:00:00+00:00,ECMWF,ship
Unknown,7KUC,,False,145.1999969482422,29.100000381469727,1.225352,pressure,2026-07-01 00:00:00+00:00,ECMWF,ship
Unknown,3E2585,,False,-0.8999999761581421,-13.100000381469727,23.140674,pressure,2026-07-01 00:00:00+00:00,ECMWF,ship
Unknown,9HA5249,,False,-79.5,8.800000190734863,8.650268,pressure,2026-07-01 00:00:00+00:00,ECMWF,ship
Unknown,C6HR7,,False,-64.4000015258789,38.599998474121094,1.212444,pressure,2026-07-01 00:00:00+00:00,ECMWF,ship
Unknown,7KSY,,False,138.0,19.0,3.269583,pressure,2026-07-01 00:00:00+00:00,ECMWF,ship
Unknown,3E8969,,False,117.69999694824219,17.399999618530273,0.990506,pressure,2026-07-01 00:00:00+00:00,ECMWF,ship
Unknown,JUW6AAM,,False,-11.380000114440918,1.149999976158142,0.487368,pressure,2026-07-01 00:00:00+00:00,ECMWF,ship
Unknown,42027,,False,-85.30000305175781,29.0,1.132503,pressure,2026-07-01 00:00:00+00:00,ECMWF,ship
Unknown,5LXA2,,False,126.30000305175781,6.400000095367432,0.794337,pressure,2026-07-01 00:00:00+00:00,ECMWF,ship
Unknown,3FEX8,,False,-24.0,39.20000076293945,2.298533,pressure,2026-07-01 00:00:00+00:00,ECMWF,ship
Unknown,7KHU,,False,79.5,6.0,0.847417,pressure,2026-07-01 00:00:00+00:00,ECMWF,ship
Unknown,9V3305,,False,132.5,-35.599998474121094,3.562754,pressure,2026-07-01 00:00:00+00:00,ECMWF,ship
Unknown,7KHB,,False,-75.5,30.700000762939453,0.876598,pressure,2026-07-01 00:00:00+00:00,ECMWF,ship
Unknown,5LJZ9,,False,-141.8000030517578,47.900001525878906,0.639782,pressure,2026-07-01 00:00:00+00:00,ECMWF,ship
Unknown,46012,,False,-122.9000015258789,37.400001525878906,0.362499,pressure,2026-07-01 00:00:00+00:00,ECMWF,ship
Unknown,V7A3918,,False,77.0,7.699999809265137,6.668125,pressure,2026-07-01 00:00:00+00:00,ECMWF,ship
Unknown,WDE3363,,False,-79.9000015258789,32.79999923706055,0.302973,pressure,2026-07-01 00:00:00+00:00,ECMWF,ship
Unknown,5LYF9,,False,128.1999969482422,15.100000381469727,5.093687,pressure,2026-07-01 00:00:00+00:00,ECMWF,ship
Unknown,FNXX,,False,-158.39999389648438,45.70000076293945,2.096582,pressure,2026-07-01 00:00:00+00:00,ECMWF,ship
Unknown,LNEJ,,False,1.9900000095367432,59.56999969482422,0.290174,pressure,2026-07-01 00:00:00+00:00,ECMWF,ship
HMTTQEN,0-22000-0-HMTTQEN,DEU,True,10.17,54.34,0.729112,pressure,2026-07-01 00:00:00+00:00,ECMWF,ship
Unknown,XBCUF7U,,False,77.0,7.800000190734863,0.106634,pressure,2026-07-01 00:00:00+00:00,ECMWF,ship
CLDT77M,0-22000-0-CLDT77M,JPN,True,153.9,-26.4,1.989543,pressure,2026-07-01 00:00:00+00:00,ECMWF,ship
Unknown,9V7816,,False,76.19999694824219,2.0999999046325684,6.919252,pressure,2026-07-01 00:00:00+00:00,ECMWF,ship
LAX5UUX,0-22000-0-LAX5UUX,JPN,True,106.6,5.3,0.676492,pressure,2026-07-01 00:00:00+00:00,ECMWF,ship
Unknown,KTTB,,False,54.900001525878906,25.5,2.149417,pressure,2026-07-01 00:00:00+00:00,ECMWF,ship
Unknown,7KTB,,False,107.5,5.300000190734863,0.574729,pressure,2026-07-01 00:00:00+00:00,ECMWF,ship
Unknown,VRJS3,,False,145.1999969482422,-3.200000047683716,0.63729,pressure,2026-07-01 00:00:00+00:00,ECMWF,ship
WWYJVEL,0-22000-0-WWYJVEL,DEU,True,71.95,9.58,0.301367,pressure,2026-07-01 00:00:00+00:00,ECMWF,ship
Unknown,GMHLNCU,,False,138.60000610351562,2.4000000953674316,0.934373,pressure,2026-07-01 00:00:00+00:00,ECMWF,ship
Unknown,9V6059,,False,150.60000610351562,41.900001525878906,2.459968,pressure,2026-07-01 00:00:00+00:00,ECMWF,ship
Unknown,VRTH2,,False,-61.0,45.0,8.156811,pressure,2026-07-01 00:00:00+00:00,ECMWF,ship
Unknown,5BHW6,,False,-37.0,14.899999618530273,14.767165,pressure,2026-07-01 00:00:00+00:00,ECMWF,ship
Unknown,V7GO8,,False,-91.80000305175781,25.399999618530273,1.707729,pressure,2026-07-01 00:00:00+00:00,ECMWF,ship
Unknown,42039,,False,-86.0,28.799999237060547,0.209835,pressure,2026-07-01 00:00:00+00:00,ECMWF,ship
Unknown,V7US5,,False,139.0,35.0,6.419922,pressure,2026-07-01 00:00:00+00:00,ECMWF,ship
FCBAVBW,0-22000-0-FCBAVBW,GBR,True,-6.0,47.9,0.260834,pressure,2026-07-01 00:00:00+00:00,ECMWF,ship
Unknown,3FZO9,,False,-177.1999969482422,53.70000076293945,3.263354,pressure,2026-07-01 00:00:00+00:00,ECMWF,ship
Unknown,VRWZ2,,False,-137.8000030517578,39.099998474121094,0.578905,pressure,2026-07-01 00:00:00+00:00,ECMWF,ship
Unknown,9014066,,False,-66.80000305175781,26.700000762939453,3.340604,pressure,2026-07-01 00:00:00+00:00,ECMWF,ship
FZPKZFW,0-22000-0-FZPKZFW,JPN,True,158.7,17.7,1.794396,pressure,2026-07-01 00:00:00+00:00,ECMWF,ship
Unknown,7KRI,,False,116.80000305175781,-6.0,2.206663,pressure,2026-07-01 00:00:00+00:00,ECMWF,ship
Unknown,VRVG8,,False,61.5,-19.600000381469727,0.826712,pressure,2026-07-01 00:00:00+00:00,ECMWF,ship
Unknown,V7KL3,,False,-171.60000610351562,51.400001525878906,5.270608,pressure,2026-07-01 00:00:00+00:00,ECMWF,ship
Unknown,C6IH7,,False,-94.9000015258789,11.5,1.474792,pressure,2026-07-01 00:00:00+00:00,ECMWF,ship
Unknown,41041,,False,-46.0,14.300000190734863,0.138653,pressure,2026-07-01 00:00:00+00:00,ECMWF,ship
Unknown,8NN45QF,,False,10.899999618530273,54.0,0.236551,pressure,2026-07-01 00:00:00+00:00,ECMWF,ship
Unknown,7KUF,,False,31.399999618530273,-30.200000762939453,3.385267,pressure,2026-07-01 00:00:00+00:00,ECMWF,ship
Unknown,C6IH8,,False,-79.0,-13.899999618530273,2.030561,pressure,2026-07-01 00:00:00+00:00,ECMWF,ship
Unknown,WDU2012,,False,-70.19999694824219,43.599998474121094,0.456177,pressure,2026-07-01 00:00:00+00:00,ECMWF,ship
2LZNDPP,0-22000-0-2LZNDPP,JPN,True,143.0,38.1,6.177819,pressure,2026-07-01 00:00:00+00:00,ECMWF,ship
Unknown,45220,,False,-79.4000015258789,42.599998474121094,1.101602,pressure,2026-07-01 00:00:00+00:00,ECMWF,ship
Unknown,9V3725,,False,-11.5,30.600000381469727,11.152583,pressure,2026-07-01 00:00:00+00:00,ECMWF,ship
Unknown,9HA5683,,False,-169.3000030517578,54.29999923706055,1.595777,pressure,2026-07-01 00:00:00+00:00,ECMWF,ship
Unknown,41048,,False,-69.69999694824219,31.899999618530273,0.210257,pressure,2026-07-01 00:00:00+00:00,ECMWF,ship
Unknown,9V9624,,False,-174.10000610351562,45.5,1.693308,pressure,2026-07-01 00:00:00+00:00,ECMWF,ship
Unknown,7KUT,,False,122.69999694824219,31.0,0.496545,pressure,2026-07-01 00:00:00+00:00,ECMWF,ship
Unknown,FTT2ACH,,False,156.8000030517578,-27.200000762939453,0.93183,pressure,2026-07-01 00:00:00+00:00,ECMWF,ship
Unknown,FGP6GNW,,False,9.699999809265137,55.599998474121094,0.228228,pressure,2026-07-01 00:00:00+00:00,ECMWF,ship
Unknown,5LZF2,,False,35.79999923706055,-31.5,7.908274,pressure,2026-07-01 00:00:00+00:00,ECMWF,ship
Unknown,7JJL,,False,142.10000610351562,32.20000076293945,4.048992,pressure,2026-07-01 00:00:00+00:00,ECMWF,ship
Unknown,WDQ3486,,False,-148.60000610351562,59.900001525878906,0.610306,pressure,2026-07-01 00:00:00+00:00,ECMWF,ship
Unknown,9V9726,,False,-134.39999389648438,43.5,0.497923,pressure,2026-07-01 00:00:00+00:00,ECMWF,ship
Unknown,HWGHE3L,,False,9.989999771118164,53.540000915527344,0.255397,pressure,2026-07-01 00:00:00+00:00,ECMWF,ship
Unknown,WDP5991,,False,-166.3000030517578,62.20000076293945,0.367759,pressure,2026-07-01 00:00:00+00:00,ECMWF,ship
Unknown,45183,,False,-85.80000305175781,45.0,2.55573,pressure,2026-07-01 00:00:00+00:00,ECMWF,ship
PDHUUKD,0-22000-0-PDHUUKD,DEU,True,-4.94,-6.55,0.728519,pressure,2026-07-01 00:00:00+00:00,ECMWF,ship
TTXRR5H,0-22000-0-TTXRR5H,DEU,True,9.2,-17.0,0.707994,pressure,2026-07-01 00:00:00+00:00,ECMWF,ship
YLGCDSK,0-22000-0-YLGCDSK,GBR,True,13.5,45.5,2.875585,pressure,2026-07-01 00:00:00+00:00,ECMWF,ship
Unknown,5LZP3,,False,170.6999969482422,37.29999923706055,0.857634,pressure,2026-07-01 00:00:00+00:00,ECMWF,ship
Unknown,FNYK,,False,-179.5,49.900001525878906,7.332221,pressure,2026-07-01 00:00:00+00:00,ECMWF,ship
Unknown,HA2006,,False,76.0,9.899999618530273,2.130966,pressure,2026-07-01 00:00:00+00:00,ECMWF,ship
Unknown,7KRW,,False,122.30000305175781,-10.600000381469727,0.899415,pressure,2026-07-01 00:00:00+00:00,ECMWF,ship
Unknown,WDE9155,,False,-81.4000015258789,30.600000381469727,1.417779,pressure,2026-07-01 00:00:00+00:00,ECMWF,ship
Unknown,9V8786,,False,-80.4000015258789,31.899999618530273,0.402199,pressure,2026-07-01 00:00:00+00:00,ECMWF,ship
Unknown,WDC7592,,False,-167.3000030517578,63.79999923706055,4.490921,pressure,2026-07-01 00:00:00+00:00,ECMWF,ship
Unknown,V7ML3,,False,-146.39999389648438,51.900001525878906,4.811525,pressure,2026-07-01 00:00:00+00:00,ECMWF,ship
Unknown,LAX,,False,-117.0999984741211,33.599998474121094,50.10701,pressure,2026-07-01 00:00:00+00:00,ECMWF,ship
Unknown,9VFW9,,False,-173.5,48.900001525878906,3.937728,pressure,2026-07-01 00:00:00+00:00,ECMWF,ship
Unknown,5LQT7,,False,166.89999389648438,46.5,6.694067,pressure,2026-07-01 00:00:00+00:00,ECMWF,ship
Unknown,5LUV5,,False,-105.9000015258789,-27.799999237060547,0.33269,pressure,2026-07-01 00:00:00+00:00,ECMWF,ship
Unknown,A8OS6,,False,-169.60000610351562,48.5,1.746667,pressure,2026-07-01 00:00:00+00:00,ECMWF,ship
Unknown,3YYQ,,False,5.71999979019165,58.97999954223633,0.398948,pressure,2026-07-01 00:00:00+00:00,JMA,ship
Unknown,41001,,False,-72.19999694824219,34.70000076293945,0.23745,pressure,2026-07-01 00:00:00+00:00,JMA,ship
Unknown,41002,,False,-74.9000015258789,31.799999237060547,0.248635,pressure,2026-07-01 00:00:00+00:00,JMA,ship
Unknown,41008,,False,-80.9000015258789,31.399999618530273,0.372285,pressure,2026-07-01 00:00:00+00:00,JMA,ship
Unknown,41024,,False,-78.5,33.79999923706055,0.710027,pressure,2026-07-01 00:00:00+00:00,JMA,ship
Unknown,41025,,False,-75.5,35.0,0.251857,pressure,2026-07-01 00:00:00+00:00,JMA,ship
Unknown,41029,,False,-79.5999984741211,32.79999923706055,0.431175,pressure,2026-07-01 00:00:00+00:00,JMA,ship
Unknown,41033,,False,-80.4000015258789,32.29999923706055,0.295643,pressure,2026-07-01 00:00:00+00:00,JMA,ship
Unknown,41038,,False,-77.69999694824219,34.099998474121094,0.579496,pressure,2026-07-01 00:00:00+00:00,JMA,ship
Unknown,41040,,False,-53.099998474121094,14.5,0.155373,pressure,2026-07-01 00:00:00+00:00,JMA,ship
Unknown,41043,,False,-64.80000305175781,21.0,0.529463,pressure,2026-07-01 00:00:00+00:00,JMA,ship
Unknown,41044,,False,-58.599998474121094,21.600000381469727,0.385278,pressure,2026-07-01 00:00:00+00:00,JMA,ship
Unknown,41046,,False,-68.4000015258789,23.799999237060547,0.149998,pressure,2026-07-01 00:00:00+00:00,JMA,ship
Unknown,41052,,False,-64.80000305175781,18.200000762939453,0.536243,pressure,2026-07-01 00:00:00+00:00,JMA,ship
Unknown,41066,,False,-79.69999694824219,32.5,0.604063,pressure,2026-07-01 00:00:00+00:00,JMA,ship
Unknown,41069,,False,-80.80000305175781,29.299999237060547,0.255969,pressure,2026-07-01 00:00:00+00:00,JMA,ship
Unknown,41082,,False,-75.0999984741211,36.0,0.205302,pressure,2026-07-01 00:00:00+00:00,JMA,ship
Unknown,42002,,False,-93.5999984741211,26.100000381469727,0.443266,pressure,2026-07-01 00:00:00+00:00,JMA,ship
Unknown,42013,,False,-82.9000015258789,27.200000762939453,0.211544,pressure,2026-07-01 00:00:00+00:00,JMA,ship
Unknown,42022,,False,-83.69999694824219,27.5,0.387442,pressure,2026-07-01 00:00:00+00:00,JMA,ship
Unknown,42035,,False,-94.4000015258789,29.200000762939453,0.145845,pressure,2026-07-01 00:00:00+00:00,JMA,ship
Unknown,42036,,False,-84.5,28.5,0.215207,pressure,2026-07-01 00:00:00+00:00,JMA,ship
Unknown,42055,,False,-94.0999984741211,22.100000381469727,0.153469,pressure,2026-07-01 00:00:00+00:00,JMA,ship
Unknown,42056,,False,-85.0,19.799999237060547,0.276902,pressure,2026-07-01 00:00:00+00:00,JMA,ship
Unknown,42058,,False,-75.19999694824219,14.5,0.797282,pressure,2026-07-01 00:00:00+00:00,JMA,ship
Unknown,42060,,False,-63.29999923706055,16.399999618530273,0.134744,pressure,2026-07-01 00:00:00+00:00,JMA,ship
Unknown,44008,,False,-69.30000305175781,40.5,0.57186,pressure,2026-07-01 00:00:00+00:00,JMA,ship
Unknown,44011,,False,-66.5999984741211,41.099998474121094,0.249505,pressure,2026-07-01 00:00:00+00:00,JMA,ship
Unknown,44014,,False,-74.80000305175781,36.599998474121094,0.566864,pressure,2026-07-01 00:00:00+00:00,JMA,ship
Unknown,44078,,False,-39.5,59.900001525878906,0.370203,pressure,2026-07-01 00:00:00+00:00,JMA,ship
Unknown,44079,,False,-74.80000305175781,36.20000076293945,0.216497,pressure,2026-07-01 00:00:00+00:00,JMA,ship
Unknown,44139,,False,-57.099998474121094,44.29999923706055,0.27826,pressure,2026-07-01 00:00:00+00:00,JMA,ship
Unknown,44150,,False,-64.0,42.5,0.356875,pressure,2026-07-01 00:00:00+00:00,JMA,ship
Unknown,44258,,False,-63.400001525878906,44.5,0.298149,pressure,2026-07-01 00:00:00+00:00,JMA,ship
Unknown,44488,,False,-61.0,45.400001525878906,0.20871,pressure,2026-07-01 00:00:00+00:00,JMA,ship
Unknown,44489,,False,-61.099998474121094,45.5,0.21942,pressure,2026-07-01 00:00:00+00:00,JMA,ship
Unknown,45001,,False,-87.80000305175781,48.099998474121094,0.269909,pressure,2026-07-01 00:00:00+00:00,JMA,ship
Unknown,45004,,False,-86.5999984741211,47.599998474121094,0.273978,pressure,2026-07-01 00:00:00+00:00,JMA,ship
Unknown,45006,,False,-89.80000305175781,47.29999923706055,0.452569,pressure,2026-07-01 00:00:00+00:00,JMA,ship
Unknown,45027,,False,-91.9000015258789,46.900001525878906,0.691639,pressure,2026-07-01 00:00:00+00:00,JMA,ship
Unknown,45029,,False,-86.30000305175781,42.900001525878906,1.041435,pressure,2026-07-01 00:00:00+00:00,JMA,ship
Unknown,45136,,False,-86.9000015258789,48.5,0.468646,pressure,2026-07-01 00:00:00+00:00,JMA,ship
Unknown,45144,,False,-98.5,53.400001525878906,0.396212,pressure,2026-07-01 00:00:00+00:00,JMA,ship
Unknown,45162,,False,-83.30000305175781,45.0,0.652525,pressure,2026-07-01 00:00:00+00:00,JMA,ship
Unknown,45176,,False,-81.80000305175781,41.599998474121094,0.388399,pressure,2026-07-01 00:00:00+00:00,JMA,ship
Unknown,45178,,False,-73.4000015258789,44.599998474121094,0.974184,pressure,2026-07-01 00:00:00+00:00,JMA,ship
Unknown,45198,,False,-87.5999984741211,41.900001525878906,0.315913,pressure,2026-07-01 00:00:00+00:00,JMA,ship
Unknown,45208,,False,-80.80000305175781,41.900001525878906,0.580808,pressure,2026-07-01 00:00:00+00:00,JMA,ship
Unknown,46001,,False,-148.0,56.29999923706055,0.246031,pressure,2026-07-01 00:00:00+00:00,JMA,ship
Unknown,46005,,False,-131.10000610351562,46.099998474121094,0.166212,pressure,2026-07-01 00:00:00+00:00,JMA,ship
Unknown,46006,,False,-137.39999389648438,40.79999923706055,0.279786,pressure,2026-07-01 00:00:00+00:00,JMA,ship
Unknown,46013,,False,-123.30000305175781,38.20000076293945,0.344165,pressure,2026-07-01 00:00:00+00:00,JMA,ship
Unknown,46025,,False,-119.0,33.79999923706055,0.187833,pressure,2026-07-01 00:00:00+00:00,JMA,ship
Unknown,46026,,False,-122.80000305175781,37.79999923706055,0.282125,pressure,2026-07-01 00:00:00+00:00,JMA,ship
Unknown,46027,,False,-124.4000015258789,41.79999923706055,0.366547,pressure,2026-07-01 00:00:00+00:00,JMA,ship
Unknown,46028,,False,-121.9000015258789,35.79999923706055,0.349584,pressure,2026-07-01 00:00:00+00:00,JMA,ship
Unknown,46029,,False,-124.5,46.20000076293945,0.400636,pressure,2026-07-01 00:00:00+00:00,JMA,ship
Unknown,46035,,False,-177.5,57.0,0.310969,pressure,2026-07-01 00:00:00+00:00,JMA,ship
Unknown,46036,,False,-133.89999389648438,48.400001525878906,0.190206,pressure,2026-07-01 00:00:00+00:00,JMA,ship
Unknown,46047,,False,-119.5,32.400001525878906,0.591368,pressure,2026-07-01 00:00:00+00:00,JMA,ship
Unknown,46054,,False,-120.5,34.29999923706055,1.398743,pressure,2026-07-01 00:00:00+00:00,JMA,ship
Unknown,46060,,False,-146.8000030517578,60.599998474121094,0.273923,pressure,2026-07-01 00:00:00+00:00,JMA,ship
Unknown,46066,,False,-155.0,52.79999923706055,0.357019,pressure,2026-07-01 00:00:00+00:00,JMA,ship
Unknown,46070,,False,175.3000030517578,55.0,0.40473,pressure,2026-07-01 00:00:00+00:00,JMA,ship
Unknown,46071,,False,179.8000030517578,51.0,0.413457,pressure,2026-07-01 00:00:00+00:00,JMA,ship
Unknown,46072,,False,-172.10000610351562,51.70000076293945,0.447752,pressure,2026-07-01 00:00:00+00:00,JMA,ship
Unknown,46077,,False,-154.1999969482422,57.900001525878906,0.35382,pressure,2026-07-01 00:00:00+00:00,JMA,ship
Unknown,46080,,False,-150.10000610351562,57.900001525878906,0.528742,pressure,2026-07-01 00:00:00+00:00,JMA,ship
Unknown,46082,,False,-143.39999389648438,59.70000076293945,0.224507,pressure,2026-07-01 00:00:00+00:00,JMA,ship
Unknown,46083,,False,-138.0,58.29999923706055,0.525532,pressure,2026-07-01 00:00:00+00:00,JMA,ship
Unknown,46084,,False,-136.0,56.599998474121094,0.201196,pressure,2026-07-01 00:00:00+00:00,JMA,ship
Unknown,46086,,False,-118.0999984741211,32.5,0.201053,pressure,2026-07-01 00:00:00+00:00,JMA,ship
Unknown,46087,,False,-124.69999694824219,48.5,0.167855,pressure,2026-07-01 00:00:00+00:00,JMA,ship
Unknown,46092,,False,-122.0,36.79999923706055,0.692877,pressure,2026-07-01 00:00:00+00:00,JMA,ship
Unknown,46132,,False,-127.9000015258789,49.79999923706055,0.348542,pressure,2026-07-01 00:00:00+00:00,JMA,ship
Unknown,46145,,False,-132.39999389648438,54.400001525878906,0.332167,pressure,2026-07-01 00:00:00+00:00,JMA,ship
Unknown,46147,,False,-131.1999969482422,51.79999923706055,0.166571,pressure,2026-07-01 00:00:00+00:00,JMA,ship
Unknown,46181,,False,-128.8000030517578,53.79999923706055,0.483478,pressure,2026-07-01 00:00:00+00:00,JMA,ship
Unknown,46185,,False,-130.10000610351562,52.5,0.333694,pressure,2026-07-01 00:00:00+00:00,JMA,ship
Unknown,46205,,False,-134.3000030517578,54.20000076293945,0.203905,pressure,2026-07-01 00:00:00+00:00,JMA,ship
Unknown,46206,,False,-126.0,48.79999923706055,0.224747,pressure,2026-07-01 00:00:00+00:00,JMA,ship
Unknown,51002,,False,-157.6999969482422,17.0,0.277083,pressure,2026-07-01 00:00:00+00:00,JMA,ship
Unknown,51101,,False,-162.10000610351562,24.399999618530273,0.655449,pressure,2026-07-01 00:00:00+00:00,JMA,ship
Unknown,62081,,False,-13.300000190734863,51.0,0.163641,pressure,2026-07-01 00:00:00+00:00,JMA,ship
Unknown,62104,,False,1.2999999523162842,57.400001525878906,0.218246,pressure,2026-07-01 00:00:00+00:00,JMA,ship
Unknown,62105,,False,-12.699999809265137,55.20000076293945,0.283378,pressure,2026-07-01 00:00:00+00:00,JMA,ship
Unknown,62112,,False,-0.20000000298023224,58.400001525878906,0.161541,pressure,2026-07-01 00:00:00+00:00,JMA,ship
Unknown,62113,,False,0.20000000298023224,58.400001525878906,0.250468,pressure,2026-07-01 00:00:00+00:00,JMA,ship
Unknown,62114,,False,0.0,58.29999923706055,0.327072,pressure,2026-07-01 00:00:00+00:00,JMA,ship
Unknown,62115,,False,-3.0,58.099998474121094,0.183189,pressure,2026-07-01 00:00:00+00:00,JMA,ship
Unknown,62116,,False,1.100000023841858,57.599998474121094,0.24729,pressure,2026-07-01 00:00:00+00:00,JMA,ship
Unknown,62119,,False,1.899999976158142,57.0,0.21385,pressure,2026-07-01 00:00:00+00:00,JMA,ship
Unknown,62120,,False,2.0999999046325684,56.400001525878906,0.383849,pressure,2026-07-01 00:00:00+00:00,JMA,ship
Unknown,62127,,False,0.699999988079071,54.0,0.29318,pressure,2026-07-01 00:00:00+00:00,JMA,ship
Unknown,62130,,False,1.2000000476837158,58.599998474121094,0.276313,pressure,2026-07-01 00:00:00+00:00,JMA,ship
Unknown,62131,,False,1.2000000476837158,53.900001525878906,0.414191,pressure,2026-07-01 00:00:00+00:00,JMA,ship
Unknown,62138,,False,0.4000000059604645,53.79999923706055,0.380412,pressure,2026-07-01 00:00:00+00:00,JMA,ship
Unknown,62141,,False,0.0,57.79999923706055,0.171174,pressure,2026-07-01 00:00:00+00:00,JMA,ship
Unknown,62144,,False,1.7000000476837158,53.400001525878906,0.151213,pressure,2026-07-01 00:00:00+00:00,JMA,ship
Unknown,62149,,False,1.100000023841858,53.70000076293945,0.410015,pressure,2026-07-01 00:00:00+00:00,JMA,ship
Unknown,62154,,False,2.200000047683716,56.400001525878906,0.363122,pressure,2026-07-01 00:00:00+00:00,JMA,ship
Unknown,62157,,False,0.20000000298023224,58.20000076293945,0.211676,pressure,2026-07-01 00:00:00+00:00,JMA,ship
Unknown,62161,,False,1.2000000476837158,58.400001525878906,0.398897,pressure,2026-07-01 00:00:00+00:00,JMA,ship
Unknown,62302,,False,-2.4000000953674316,60.70000076293945,0.24713,pressure,2026-07-01 00:00:00+00:00,JMA,ship
Unknown,63057,,False,1.5,59.20000076293945,0.398568,pressure,2026-07-01 00:00:00+00:00,JMA,ship
Unknown,63109,,False,1.5,59.599998474121094,0.309018,pressure,2026-07-01 00:00:00+00:00,JMA,ship
Unknown,63110,,False,1.5,59.5,0.302999,pressure,2026-07-01 00:00:00+00:00,JMA,ship
Unknown,63111,,False,1.5,61.29999923706055,0.37416,pressure,2026-07-01 00:00:00+00:00,JMA,ship
Unknown,63112,,False,1.0,61.099998474121094,0.343641,pressure,2026-07-01 00:00:00+00:00,JMA,ship
Unknown,63118,,False,1.7999999523162842,57.900001525878906,0.760853,pressure,2026-07-01 00:00:00+00:00,JMA,ship
Unknown,64041,,False,-2.5,60.599998474121094,0.216462,pressure,2026-07-01 00:00:00+00:00,JMA,ship
Unknown,8UM7ETF,,False,8.3100004196167,-23.15999984741211,0.37679,pressure,2026-07-01 00:00:00+00:00,JMA,ship
Unknown,9XLHEBZ,,False,122.87000274658203,27.770000457763672,0.592351,pressure,2026-07-01 00:00:00+00:00,JMA,ship
Unknown,C6ZJ3,,False,-74.4000015258789,23.600000381469727,1.720079,pressure,2026-07-01 00:00:00+00:00,JMA,ship
Unknown,CFN6288,,False,-81.30000305175781,45.29999923706055,10.523346,pressure,2026-07-01 00:00:00+00:00,JMA,ship
Unknown,CKR759,,False,-48.400001525878906,46.5,0.824213,pressure,2026-07-01 00:00:00+00:00,JMA,ship
Unknown,H3VS,,False,-134.3000030517578,56.900001525878906,2.056456,pressure,2026-07-01 00:00:00+00:00,JMA,ship
Unknown,KKEKFPK,,False,93.1500015258789,4.769999980926514,0.377351,pressure,2026-07-01 00:00:00+00:00,JMA,ship
Unknown,LF4C,,False,1.909999966621399,58.369998931884766,0.204722,pressure,2026-07-01 00:00:00+00:00,JMA,ship
Unknown,LF5U,,False,3.2200000286102295,56.540000915527344,0.240978,pressure,2026-07-01 00:00:00+00:00,JMA,ship
Unknown,LF6W,,False,2.490000009536743,59.16999816894531,0.188164,pressure,2026-07-01 00:00:00+00:00,JMA,ship
Unknown,LF7A,,False,2.509999990463257,61.08000183105469,0.220771,pressure,2026-07-01 00:00:00+00:00,JMA,ship
Unknown,LF8A,,False,7.099999904632568,67.06999969482422,0.176178,pressure,2026-07-01 00:00:00+00:00,JMA,ship
Unknown,N258,,False,-3.5,53.5,0.721419,pressure,2026-07-01 00:00:00+00:00,JMA,ship
Unknown,N265,,False,-3.5999999046325684,53.900001525878906,0.800811,pressure,2026-07-01 00:00:00+00:00,JMA,ship
Unknown,OBA,,False,2.8299999237060547,60.4900016784668,0.290087,pressure,2026-07-01 00:00:00+00:00,JMA,ship
Unknown,RCMSZ4L,,False,9.920000076293945,53.529998779296875,1.34509,pressure,2026-07-01 00:00:00+00:00,JMA,ship
Unknown,VEP717,,False,-48.70000076293945,46.70000076293945,0.884798,pressure,2026-07-01 00:00:00+00:00,JMA,ship
Unknown,DSPI4,,False,125.0999984741211,0.4000000059604645,2.865353,pressure,2026-07-01 00:00:00+00:00,JMA,ship
Unknown,46208,,False,-132.6999969482422,52.5,0.567118,pressure,2026-07-01 00:00:00+00:00,JMA,ship
Unknown,46059,,False,-130.0,38.099998474121094,0.122797,pressure,2026-07-01 00:00:00+00:00,JMA,ship
Unknown,45219,,False,-91.5999984741211,47.0,0.283469,pressure,2026-07-01 00:00:00+00:00,JMA,ship
Unknown,8KW6N8H,,False,3.299999952316284,53.099998474121094,0.79177,pressure,2026-07-01 00:00:00+00:00,JMA,ship
Unknown,62103,,False,-2.9000000953674316,49.900001525878906,0.151088,pressure,2026-07-01 00:00:00+00:00,JMA,ship
Unknown,46183,,False,-131.10000610351562,53.599998474121094,0.303102,pressure,2026-07-01 00:00:00+00:00,JMA,ship
Unknown,46207,,False,-129.89999389648438,50.900001525878906,0.235433,pressure,2026-07-01 00:00:00+00:00,JMA,ship
Unknown,46184,,False,-138.89999389648438,53.900001525878906,0.217142,pressure,2026-07-01 00:00:00+00:00,JMA,ship
Unknown,ZGOJ7,,False,-71.9000015258789,-33.400001525878906,2.603072,pressure,2026-07-01 00:00:00+00:00,JMA,ship
Unknown,46015,,False,-124.80000305175781,42.79999923706055,0.24876,pressure,2026-07-01 00:00:00+00:00,JMA,ship
Unknown,46089,,False,-125.80000305175781,45.900001525878906,0.490711,pressure,2026-07-01 00:00:00+00:00,JMA,ship
Unknown,LF4D,,False,6.730000019073486,65.05999755859375,2.357569,pressure,2026-07-01 00:00:00+00:00,JMA,ship
Unknown,41068,,False,-80.19999694824219,27.600000381469727,0.265675,pressure,2026-07-01 00:00:00+00:00,JMA,ship
Unknown,42067,,False,-88.5999984741211,30.0,0.259728,pressure,2026-07-01 00:00:00+00:00,JMA,ship
Unknown,VRVR3,,False,-18.0,19.299999237060547,0.20202,pressure,2026-07-01 00:00:00+00:00,JMA,ship
2GDNPLL,0-22000-0-2GDNPLL,FRA,True,7.65,43.0,0.400937,pressure,2026-07-01 00:00:00+00:00,JMA,ship
2MXEY3K,0-22000-0-2MXEY3K,CAN,True,-52.5,49.2,0.253293,pressure,2026-07-01 00:00:00+00:00,JMA,ship
2QDZMLH,0-22000-0-2QDZMLH,CAN,True,-60.7,45.2,0.833855,pressure,2026-07-01 00:00:00+00:00,JMA,ship
2WT7CES,0-22000-0-2WT7CES,KOR,True,122.5,31.2,7.089654,pressure,2026-07-01 00:00:00+00:00,JMA,ship
3HPZXMS,0-22000-0-3HPZXMS,DEU,True,35.3,-32.4,0.367393,pressure,2026-07-01 00:00:00+00:00,JMA,ship
3JTLAJJ,0-22000-0-3JTLAJJ,CHL,True,-71.1,-25.7,1.15928,pressure,2026-07-01 00:00:00+00:00,JMA,ship
3SRHXKA,0-22000-0-3SRHXKA,USA,True,-86.8,44.0,1.535918,pressure,2026-07-01 00:00:00+00:00,JMA,ship
3TYNYCB,0-22000-0-3TYNYCB,DEU,True,-10.88,3.61,0.369026,pressure,2026-07-01 00:00:00+00:00,JMA,ship
4FK4PVG,0-22000-0-4FK4PVG,DEU,True,123.2,26.7,5.710046,pressure,2026-07-01 00:00:00+00:00,JMA,ship
4HND7BN,0-22000-0-4HND7BN,AUS,True,151.8,-33.5,0.516991,pressure,2026-07-01 00:00:00+00:00,JMA,ship
4TQ86HH,0-22000-0-4TQ86HH,USA,True,25.1,36.7,7.761761,pressure,2026-07-01 00:00:00+00:00,JMA,ship
5EHMT7Y,0-22000-0-5EHMT7Y,DEU,True,34.6,28.6,1.020897,pressure,2026-07-01 00:00:00+00:00,JMA,ship
5GY76AX,0-22000-0-5GY76AX,DEU,True,-48.44,-0.95,0.384114,pressure,2026-07-01 00:00:00+00:00,JMA,ship
5QH9ULT,0-22000-0-5QH9ULT,USA,True,-131.7,55.4,0.432239,pressure,2026-07-01 00:00:00+00:00,JMA,ship
5SRJ82U,0-22000-0-5SRJ82U,DEU,True,-15.41,28.15,0.333834,pressure,2026-07-01 00:00:00+00:00,JMA,ship
5SWNXKB,0-22000-0-5SWNXKB,KOR,True,123.1,36.0,5.340201,pressure,2026-07-01 00:00:00+00:00,JMA,ship
5WUJ24E,0-22000-0-5WUJ24E,DEU,True,118.98,21.19,0.28037,pressure,2026-07-01 00:00:00+00:00,JMA,ship
6AK8NVU,0-22000-0-6AK8NVU,CAN,True,-53.2,47.6,0.274566,pressure,2026-07-01 00:00:00+00:00,JMA,ship
6FJ5Z3S,0-22000-0-6FJ5Z3S,USA,True,123.4,28.3,1.249436,pressure,2026-07-01 00:00:00+00:00,JMA,ship
6LU8FAM,0-22000-0-6LU8FAM,FRA,True,55.66,-47.08,0.432897,pressure,2026-07-01 00:00:00+00:00,JMA,ship
6SN55EW,0-22000-0-6SN55EW,CHL,True,-82.2,-25.1,0.268667,pressure,2026-07-01 00:00:00+00:00,JMA,ship
6VMZT7D,0-22000-0-6VMZT7D,USA,True,-64.6,32.4,0.323454,pressure,2026-07-01 00:00:00+00:00,JMA,ship
6WUKLPV,0-22000-0-6WUKLPV,CAN,True,144.1,40.7,0.287142,pressure,2026-07-01 00:00:00+00:00,JMA,ship
7MHELEB,0-22000-0-7MHELEB,DEU,True,4.04,51.96,0.34203,pressure,2026-07-01 00:00:00+00:00,JMA,ship
7SQFCQE,0-22000-0-7SQFCQE,DEU,True,5.0,-21.3,0.970701,pressure,2026-07-01 00:00:00+00:00,JMA,ship
7VHNUTA,0-22000-0-7VHNUTA,CAN,True,-55.7,46.0,0.475817,pressure,2026-07-01 00:00:00+00:00,JMA,ship
8DZ7Y3T,0-22000-0-8DZ7Y3T,DEU,True,9.69,53.57,0.365908,pressure,2026-07-01 00:00:00+00:00,JMA,ship
8LH6VVH,0-22000-0-8LH6VVH,NLD,True,17.84,82.29,0.405608,pressure,2026-07-01 00:00:00+00:00,JMA,ship
8SXZZAL,0-22000-0-8SXZZAL,DEU,True,-8.74,-1.73,0.287887,pressure,2026-07-01 00:00:00+00:00,JMA,ship
8UWN4HQ,0-22000-0-8UWN4HQ,CAN,True,-132.9,69.4,0.241261,pressure,2026-07-01 00:00:00+00:00,JMA,ship
8VBM55D,0-22000-0-8VBM55D,NLD,True,0.66,60.33,0.217675,pressure,2026-07-01 00:00:00+00:00,JMA,ship
9HTLGAZ,0-22000-0-9HTLGAZ,USA,True,-12.8,30.8,1.773678,pressure,2026-07-01 00:00:00+00:00,JMA,ship
ACHC6DM,0-22000-0-ACHC6DM,CHN,True,-66.7,37.2,1.859569,pressure,2026-07-01 00:00:00+00:00,JMA,ship
AUY83CT,0-22000-0-AUY83CT,DEU,True,42.01,-27.97,0.515075,pressure,2026-07-01 00:00:00+00:00,JMA,ship
BAWPAEG,0-22000-0-BAWPAEG,DEU,True,10.69,53.88,0.243388,pressure,2026-07-01 00:00:00+00:00,JMA,ship
BAY6U5W,0-22000-0-BAY6U5W,CAN,True,-55.1,46.8,0.348802,pressure,2026-07-01 00:00:00+00:00,JMA,ship
BQMC7QD,0-22000-0-BQMC7QD,DEU,True,26.0,33.4,0.565021,pressure,2026-07-01 00:00:00+00:00,JMA,ship
BYF5WLP,0-22000-0-BYF5WLP,DEU,True,-96.8,23.8,0.580507,pressure,2026-07-01 00:00:00+00:00,JMA,ship
BYR9MQB,0-22000-0-BYR9MQB,DEU,True,123.03,30.12,1.271631,pressure,2026-07-01 00:00:00+00:00,JMA,ship
BZG3KDP,0-22000-0-BZG3KDP,USA,True,-81.5,41.9,0.281663,pressure,2026-07-01 00:00:00+00:00,JMA,ship
CCVCVLC,0-22000-0-CCVCVLC,DEU,True,98.0,5.2,0.568231,pressure,2026-07-01 00:00:00+00:00,JMA,ship
CYL9ERY,0-22000-0-CYL9ERY,GBR,True,110.2,8.6,1.941428,pressure,2026-07-01 00:00:00+00:00,JMA,ship
DLXM4SN,0-22000-0-DLXM4SN,GBR,True,111.52,12.02,0.387807,pressure,2026-07-01 00:00:00+00:00,JMA,ship
DLXT34Y,0-22000-0-DLXT34Y,DEU,True,57.13,-22.88,0.318292,pressure,2026-07-01 00:00:00+00:00,JMA,ship
DVM9F4Z,0-22000-0-DVM9F4Z,FRA,True,5.3,43.3,0.721209,pressure,2026-07-01 00:00:00+00:00,JMA,ship
DZSWUHG,0-22000-0-DZSWUHG,DEU,True,-95.0,29.68,0.325188,pressure,2026-07-01 00:00:00+00:00,JMA,ship
ERVKVWU,0-22000-0-ERVKVWU,USA,True,-7.5,34.5,0.883025,pressure,2026-07-01 00:00:00+00:00,JMA,ship
EVH28KM,0-22000-0-EVH28KM,DEU,True,-17.16,9.47,0.40567,pressure,2026-07-01 00:00:00+00:00,JMA,ship
FDWKMSB,0-22000-0-FDWKMSB,GBR,True,129.58,21.77,1.386961,pressure,2026-07-01 00:00:00+00:00,JMA,ship
FFRGBAS,0-22000-0-FFRGBAS,DEU,True,123.7,33.0,0.657938,pressure,2026-07-01 00:00:00+00:00,JMA,ship
FHE6KTP,0-22000-0-FHE6KTP,DEU,True,142.2,41.6,1.902095,pressure,2026-07-01 00:00:00+00:00,JMA,ship
FNTRTKW,0-22000-0-FNTRTKW,USA,True,-79.2,25.4,3.711026,pressure,2026-07-01 00:00:00+00:00,JMA,ship
FSACF2V,0-22000-0-FSACF2V,DEU,True,34.73,-26.88,0.678124,pressure,2026-07-01 00:00:00+00:00,JMA,ship
FXUQG2E,0-22000-0-FXUQG2E,USA,True,-129.7,45.9,4.143686,pressure,2026-07-01 00:00:00+00:00,JMA,ship
GPP23MW,0-22000-0-GPP23MW,DEU,True,19.2,56.81,0.160162,pressure,2026-07-01 00:00:00+00:00,JMA,ship
GYJN8YD,0-22000-0-GYJN8YD,CAN,True,-65.3,43.7,0.326261,pressure,2026-07-01 00:00:00+00:00,JMA,ship
GZF8NZQ,0-22000-0-GZF8NZQ,DEU,True,28.3,-34.2,1.026391,pressure,2026-07-01 00:00:00+00:00,JMA,ship
HFYNWWX,0-22000-0-HFYNWWX,DEU,True,-83.24,63.26,0.16495,pressure,2026-07-01 00:00:00+00:00,JMA,ship
HPMEYWQ,0-22000-0-HPMEYWQ,CAN,True,-60.2,46.2,0.831506,pressure,2026-07-01 00:00:00+00:00,JMA,ship
HYQYMWZ,0-22000-0-HYQYMWZ,GBR,True,-95.92,23.33,0.631303,pressure,2026-07-01 00:00:00+00:00,JMA,ship
JGHKCEA,0-22000-0-JGHKCEA,DEU,True,-17.8,14.3,0.48108,pressure,2026-07-01 00:00:00+00:00,JMA,ship
JJKGXKX,0-22000-0-JJKGXKX,DEU,True,123.28,30.89,0.399333,pressure,2026-07-01 00:00:00+00:00,JMA,ship
JKFA7QZ,0-22000-0-JKFA7QZ,DEU,True,4.5,79.7,0.113891,pressure,2026-07-01 00:00:00+00:00,JMA,ship
JKNFFJQ,0-22000-0-JKNFFJQ,DEU,True,8.64,53.16,0.400735,pressure,2026-07-01 00:00:00+00:00,JMA,ship
JYR7QLR,0-22000-0-JYR7QLR,USA,True,-92.9,28.2,18.044151,pressure,2026-07-01 00:00:00+00:00,JMA,ship
KFAKXBK,0-22000-0-KFAKXBK,KOR,True,-36.9,-0.4,3.413954,pressure,2026-07-01 00:00:00+00:00,JMA,ship
KKSKE2N,0-22000-0-KKSKE2N,DEU,True,-2.0,49.9,0.46376,pressure,2026-07-01 00:00:00+00:00,JMA,ship
KQEHSJS,0-22000-0-KQEHSJS,DEU,True,-56.0,-35.04,0.317439,pressure,2026-07-01 00:00:00+00:00,JMA,ship
KVEPLQU,0-22000-0-KVEPLQU,DEU,True,-4.1,3.4,0.334774,pressure,2026-07-01 00:00:00+00:00,JMA,ship
KYF9Q3S,0-22000-0-KYF9Q3S,USA,True,139.7,35.3,11.590176,pressure,2026-07-01 00:00:00+00:00,JMA,ship
LBYJ7GD,0-22000-0-LBYJ7GD,DEU,True,10.94,56.08,0.261981,pressure,2026-07-01 00:00:00+00:00,JMA,ship
LED7NER,0-22000-0-LED7NER,USA,True,-79.9,25.9,1.273365,pressure,2026-07-01 00:00:00+00:00,JMA,ship
LPYXPCL,0-22000-0-LPYXPCL,KOR,True,124.3,26.2,1.93436,pressure,2026-07-01 00:00:00+00:00,JMA,ship
LWHWD2N,0-22000-0-LWHWD2N,DEU,True,92.0,4.0,0.518119,pressure,2026-07-01 00:00:00+00:00,JMA,ship
Unknown,LZQCAZR,,False,96.0,5.900000095367432,1.199753,pressure,2026-07-01 00:00:00+00:00,JMA,ship
MXUWHEB,0-22000-0-MXUWHEB,USA,True,63.7,11.6,2.377944,pressure,2026-07-01 00:00:00+00:00,JMA,ship
NPZEEFX,0-22000-0-NPZEEFX,USA,True,-83.5,41.7,0.699584,pressure,2026-07-01 00:00:00+00:00,JMA,ship
PCTTNBL,0-22000-0-PCTTNBL,DEU,True,-72.68,-30.24,0.467848,pressure,2026-07-01 00:00:00+00:00,JMA,ship
PDUGHSX,0-22000-0-PDUGHSX,DEU,True,-1.6,50.0,0.509325,pressure,2026-07-01 00:00:00+00:00,JMA,ship
PRF4G7N,0-22000-0-PRF4G7,FRA,True,-4.9,49.63,0.362933,pressure,2026-07-01 00:00:00+00:00,JMA,ship
PUSHHGA,0-22000-0-PUSHHGA,USA,True,-124.7,43.0,1.455452,pressure,2026-07-01 00:00:00+00:00,JMA,ship
QCQAY5M,0-22000-0-QCQAY5M,CAN,True,-59.7,46.6,0.410938,pressure,2026-07-01 00:00:00+00:00,JMA,ship
QFTUW3F,0-22000-0-QFTUW3F,FRA,True,-149.63,-17.49,0.589889,pressure,2026-07-01 00:00:00+00:00,JMA,ship
QJLAWGM,0-22000-0-QJLAWGM,USA,True,-135.1,58.1,0.5837,pressure,2026-07-01 00:00:00+00:00,JMA,ship
QPS2M4A,0-22000-0-QPS2M4A,DEU,True,-0.7,-36.2,1.584864,pressure,2026-07-01 00:00:00+00:00,JMA,ship
QPYUHME,0-22000-0-QPYUHME,FRA,True,5.83,42.47,0.258999,pressure,2026-07-01 00:00:00+00:00,JMA,ship
QSHL7RV,0-22000-0-QSHL7RV,CAN,True,-55.2,46.0,0.313061,pressure,2026-07-01 00:00:00+00:00,JMA,ship
QTCLUGX,0-22000-0-QTCLUGX,DEU,True,9.92,53.53,0.283813,pressure,2026-07-01 00:00:00+00:00,JMA,ship
QWNB9QF,0-22000-0-QWNB9QF,DEU,True,140.36,41.36,0.246317,pressure,2026-07-01 00:00:00+00:00,JMA,ship
RCLKYXB,0-22000-0-RCLKYXB,GBR,True,167.2,-22.2,0.632596,pressure,2026-07-01 00:00:00+00:00,JMA,ship
RDE9M4M,0-22000-0-RDE9M4M,USA,True,137.2,39.4,2.637611,pressure,2026-07-01 00:00:00+00:00,JMA,ship
REDQSGE,0-22000-0-REDQSGE,DEU,True,109.6,14.6,0.425968,pressure,2026-07-01 00:00:00+00:00,JMA,ship
RUQGHAC,0-22000-0-RUQGHAC,DEU,True,27.22,33.59,0.365808,pressure,2026-07-01 00:00:00+00:00,JMA,ship
RVRKPLD,0-22000-0-RVRKPLD,USA,True,-122.4,47.7,0.184543,pressure,2026-07-01 00:00:00+00:00,JMA,ship
SDRRFMA,0-22000-0-SDRRFMA,GBR,True,99.32,4.37,0.557576,pressure,2026-07-01 00:00:00+00:00,JMA,ship
SDTNUWW,0-22000-0-SDTNUWW,CAN,True,-60.2,46.2,0.317265,pressure,2026-07-01 00:00:00+00:00,JMA,ship
SKQ4L3C,0-22000-0-SKQ4L3C,GBR,True,93.38,5.85,1.097869,pressure,2026-07-01 00:00:00+00:00,JMA,ship
SLTUAJL,0-22000-0-SLTUAJL,CAN,True,-52.7,47.6,0.260007,pressure,2026-07-01 00:00:00+00:00,JMA,ship
TBAGLYM,0-22000-0-TBAGLYM,DEU,True,94.4,5.6,0.878409,pressure,2026-07-01 00:00:00+00:00,JMA,ship
TEKW9TX,0-22000-0-TEKW9TX,DEU,True,122.1,29.8,0.848532,pressure,2026-07-01 00:00:00+00:00,JMA,ship
TRRF7ZR,0-22000-0-TRRF7ZR,DEU,True,93.1,4.8,0.524979,pressure,2026-07-01 00:00:00+00:00,JMA,ship
TXQQQGX,0-22000-0-TXQQQGX,DEU,True,31.17,-29.7,0.268638,pressure,2026-07-01 00:00:00+00:00,JMA,ship
TXWN4PV,0-22000-0-TXWN4PV,DEU,True,80.45,-5.42,0.346008,pressure,2026-07-01 00:00:00+00:00,JMA,ship
UDCAFRU,0-22000-0-UDCAFRU,USA,True,-80.1,25.7,9.786359,pressure,2026-07-01 00:00:00+00:00,JMA,ship
UECHRFL,0-22000-0-UECHRFL,DEU,True,-97.3,14.3,0.96799,pressure,2026-07-01 00:00:00+00:00,JMA,ship
URRRMDR,0-22000-0-URRRMDR,FRA,True,-1.28,46.11,0.282156,pressure,2026-07-01 00:00:00+00:00,JMA,ship
URRXF7Z,0-22000-0-URRXF7Z,DEU,True,-10.9,40.4,2.86428,pressure,2026-07-01 00:00:00+00:00,JMA,ship
USCDJSG,0-22000-0-USCDJSG,DEU,True,61.4,-18.8,0.602876,pressure,2026-07-01 00:00:00+00:00,JMA,ship
USS8SCM,0-22000-0-USS8SCM,DEU,True,-125.2,36.2,0.479323,pressure,2026-07-01 00:00:00+00:00,JMA,ship
VEVFC5X,0-22000-0-VEVFC5X,FRA,True,-51.5,63.3,0.701494,pressure,2026-07-01 00:00:00+00:00,JMA,ship
VWXSF3S,0-22000-0-VWXSF3S,DEU,True,-72.0,14.2,0.976761,pressure,2026-07-01 00:00:00+00:00,JMA,ship
WFQNLHW,0-22000-0-WFQNLHW,DEU,True,31.9,-29.9,0.402318,pressure,2026-07-01 00:00:00+00:00,JMA,ship
WGG2TZV,0-22000-0-WGG2TZV,CHN,True,135.1,32.8,1.010957,pressure,2026-07-01 00:00:00+00:00,JMA,ship
WGYG5VB,0-22000-0-WGYG5VB,USA,True,4.3,42.0,5.651204,pressure,2026-07-01 00:00:00+00:00,JMA,ship
WJMAL2E,0-22000-0-WJMAL2E,DEU,True,97.1,5.5,0.302733,pressure,2026-07-01 00:00:00+00:00,JMA,ship
XBHG5AS,0-22000-0-XBHG5AS,DEU,True,-82.0,23.5,0.56096,pressure,2026-07-01 00:00:00+00:00,JMA,ship
XCH7Z5R,0-22000-0-XCH7Z5R,USA,True,143.4,34.8,9.695427,pressure,2026-07-01 00:00:00+00:00,JMA,ship
XMD7RGF,0-22000-0-XMD7RGF,CAN,True,-68.9,12.1,0.323832,pressure,2026-07-01 00:00:00+00:00,JMA,ship
XSPQWLM,0-22000-0-XSPQWLM,GBR,True,-79.9,25.3,0.417278,pressure,2026-07-01 00:00:00+00:00,JMA,ship
XYL9DXK,0-22000-0-XYL9DXK,USA,True,-131.6,55.3,1.777621,pressure,2026-07-01 00:00:00+00:00,JMA,ship
YCLKQRK,0-22000-0-YCLKQRK,DEU,True,69.72,22.74,0.346571,pressure,2026-07-01 00:00:00+00:00,JMA,ship
YGHG2LK,0-22000-0-YGHG2LK,DEU,True,-7.2,46.6,0.492154,pressure,2026-07-01 00:00:00+00:00,JMA,ship
YHJGMJM,0-22000-0-YHJGMJM,DEU,True,2.57,39.45,0.18657,pressure,2026-07-01 00:00:00+00:00,JMA,ship
YNQZRGA,0-22000-0-YNQZRGA,FRA,True,58.73,-31.17,0.409699,pressure,2026-07-01 00:00:00+00:00,JMA,ship
YRQAXKE,0-22000-0-YRQAXKE,CAN,True,-96.9,50.6,0.439585,pressure,2026-07-01 00:00:00+00:00,JMA,ship
YXK7JYM,0-22000-0-YXK7JYM,DEU,True,5.23,53.54,0.36409,pressure,2026-07-01 00:00:00+00:00,JMA,ship
YZYRDCF,0-22000-0-YZYRDCF,DEU,True,117.77,39.05,0.568174,pressure,2026-07-01 00:00:00+00:00,JMA,ship
ZBFF95V,0-22000-0-ZBFF95V,FRA,True,-3.75,43.55,0.216491,pressure,2026-07-01 00:00:00+00:00,JMA,ship
ZCRL73V,0-22000-0-ZCRL73V,DEU,True,17.9,-34.3,0.359563,pressure,2026-07-01 00:00:00+00:00,JMA,ship
ZDLBGTP,0-22000-0-ZDLBGTP,DEU,True,21.01,-35.16,0.373125,pressure,2026-07-01 00:00:00+00:00,JMA,ship
ZLTNBSC,0-22000-0-ZLTNBSC,USA,True,-94.5,28.8,2.112396,pressure,2026-07-01 00:00:00+00:00,JMA,ship
ZMSBEJH,0-22000-0-ZMSBEJH,USA,True,141.2,41.6,7.706931,pressure,2026-07-01 00:00:00+00:00,JMA,ship
ZSSS5XX,0-22000-0-ZSSS5XX,DEU,True,86.9,0.3,0.332588,pressure,2026-07-01 00:00:00+00:00,JMA,ship
Unknown,RGPJL5M,,False,3.75,54.08000183105469,0.368105,pressure,2026-07-01 00:00:00+00:00,JMA,ship
LRQM2HY,0-22000-0-LRQM2HY,FRA,True,-149.58,-17.53,0.430688,pressure,2026-07-01 00:00:00+00:00,JMA,ship
Unknown,WDD2992,,False,-122.80000305175781,48.70000076293945,0.238732,pressure,2026-07-01 00:00:00+00:00,JMA,ship
BZN77RP,0-22000-0-BZN77R,FRA,True,-51.03,64.08,0.3076,pressure,2026-07-01 00:00:00+00:00,JMA,ship
Unknown,3E6070,,False,-72.30000305175781,56.400001525878906,0.22713,pressure,2026-07-01 00:00:00+00:00,JMA,ship
DXYMKYG,0-22000-0-DXYMKYG,DEU,True,-62.52,37.83,0.466737,pressure,2026-07-01 00:00:00+00:00,JMA,ship
Unknown,45197,,False,-81.5999984741211,41.599998474121094,0.445716,pressure,2026-07-01 00:00:00+00:00,JMA,ship
ELFT2RC,0-22000-0-ELFT2RC,KOR,True,170.0,-30.1,3.735916,pressure,2026-07-01 00:00:00+00:00,JMA,ship
RJPS3ZB,0-22000-0-RJPS3ZB,KOR,True,16.4,-33.2,2.173928,pressure,2026-07-01 00:00:00+00:00,JMA,ship
WJD8GNP,0-22000-0-WJD8GNP,KOR,True,-97.0,11.0,1.663696,pressure,2026-07-01 00:00:00+00:00,JMA,ship
YTWLW5P,0-22000-0-YTWLW5P,KOR,True,153.1,-21.3,5.707007,pressure,2026-07-01 00:00:00+00:00,JMA,ship
Unknown,46085,,False,-142.89999389648438,55.79999923706055,0.345342,pressure,2026-07-01 00:00:00+00:00,JMA,ship
Unknown,3E6632,,False,-174.39999389648438,40.20000076293945,0.75608,pressure,2026-07-01 00:00:00+00:00,JMA,ship
Unknown,46004,,False,-136.10000610351562,50.900001525878906,0.295704,pressure,2026-07-01 00:00:00+00:00,JMA,ship
KRF77EK,0-22000-0-KRF77EK,DEU,True,-7.65,46.08,0.265241,pressure,2026-07-01 00:00:00+00:00,JMA,ship
TSJG3NN,0-22000-0-TSJG3NN,DEU,True,-9.41,32.98,0.418146,pressure,2026-07-01 00:00:00+00:00,JMA,ship
Unknown,64046,,False,-4.099999904632568,60.5,0.353469,pressure,2026-07-01 00:00:00+00:00,JMA,ship
Unknown,PDHUUKD,,False,-3.0399999618530273,36.310001373291016,0.647233,pressure,2026-07-01 00:00:00+00:00,JMA,ship
KBYV56K,0-22000-0-KBYV56K,DEU,True,4.4,4.5,1.272448,pressure,2026-07-01 00:00:00+00:00,JMA,ship
LKTC9CK,0-22000-0-LKTC9CK,KOR,True,5.5,54.1,7.670884,pressure,2026-07-01 00:00:00+00:00,JMA,ship
YUHYLLH,0-22000-0-YUHYLLH,FRA,True,-2.02,48.65,0.214166,pressure,2026-07-01 00:00:00+00:00,JMA,ship
Unknown,JXRZ,,False,15.609999656677246,78.2300033569336,2.093792,pressure,2026-07-01 00:00:00+00:00,JMA,ship
YBEJS6Y,0-22000-0-YBEJS6Y,KOR,True,124.5,25.5,5.660695,pressure,2026-07-01 00:00:00+00:00,JMA,ship
Unknown,NAMELESS,,False,86.19999694824219,12.300000190734863,1.620165,pressure,2026-07-01 00:00:00+00:00,JMA,ship
Unknown,46002,,False,-130.5,42.599998474121094,0.18948,pressure,2026-07-01 00:00:00+00:00,JMA,ship
Unknown,42028,,False,-86.19999694824219,29.700000762939453,0.155004,pressure,2026-07-01 00:00:00+00:00,JMA,ship
Unknown,YDJPNYN,,False,16.5,54.70000076293945,0.455113,pressure,2026-07-01 00:00:00+00:00,JMA,ship
Unknown,42358,,False,-93.80000305175781,27.899999618530273,0.420294,pressure,2026-07-01 00:00:00+00:00,JMA,ship
Unknown,9VMX9,,False,-133.8000030517578,44.400001525878906,1.559954,pressure,2026-07-01 00:00:00+00:00,JMA,ship
LNM53LS,0-22000-0-LNM53LS,DEU,True,2.4,51.9,0.926693,pressure,2026-07-01 00:00:00+00:00,JMA,ship
8XA4LZF,0-22000-0-8XA4LZF,DEU,True,-5.2,35.8,0.393637,pressure,2026-07-01 00:00:00+00:00,JMA,ship
Unknown,FFX7TUU,,False,28.700000762939453,32.79999923706055,1.164886,pressure,2026-07-01 00:00:00+00:00,JMA,ship
Unknown,NSU6SYC,,False,-61.20000076293945,13.0,0.595491,pressure,2026-07-01 00:00:00+00:00,JMA,ship
Unknown,V7A5728,,False,-66.0,45.20000076293945,1.787222,pressure,2026-07-01 00:00:00+00:00,JMA,ship
Unknown,46042,,False,-122.4000015258789,36.79999923706055,0.458064,pressure,2026-07-01 00:00:00+00:00,JMA,ship
GSLLW8Y,0-22000-0-GSLLW8Y,DEU,True,11.0,54.0,1.018467,pressure,2026-07-01 00:00:00+00:00,JMA,ship
Unknown,LF7363,,False,15.609999656677246,78.2300033569336,0.722211,pressure,2026-07-01 00:00:00+00:00,JMA,ship
Unknown,6ETVSVY,,False,-36.66999816894531,-14.779999732971191,0.706015,pressure,2026-07-01 00:00:00+00:00,JMA,ship
Unknown,46118,,False,-122.5999984741211,48.70000076293945,0.29046,pressure,2026-07-01 00:00:00+00:00,JMA,ship
Unknown,46119,,False,-125.0,48.0,0.187428,pressure,2026-07-01 00:00:00+00:00,JMA,ship
2HVJ8FL,0-22000-0-2HVJ8FL,DEU,True,10.8,54.7,0.342341,pressure,2026-07-01 00:00:00+00:00,JMA,ship
Unknown,NMNUPNV,,False,-179.6999969482422,47.400001525878906,0.835817,pressure,2026-07-01 00:00:00+00:00,JMA,ship
Unknown,V7A2851,,False,75.5999984741211,-21.399999618530273,15.820496,pressure,2026-07-01 00:00:00+00:00,JMA,ship
Unknown,V7A2853,,False,16.5,-34.20000076293945,2.189261,pressure,2026-07-01 00:00:00+00:00,JMA,ship
Unknown,V7A2855,,False,39.599998474121094,-24.399999618530273,12.298549,pressure,2026-07-01 00:00:00+00:00,JMA,ship
KNSSDPE,0-22000-0-KNSSDPE,DEU,True,3.2,51.8,0.96371,pressure,2026-07-01 00:00:00+00:00,JMA,ship
Unknown,YPMPZXT,,False,-7.099999904632568,3.200000047683716,2.59996,pressure,2026-07-01 00:00:00+00:00,JMA,ship
Unknown,WTEB1,,False,-169.3000030517578,60.79999923706055,1.581832,pressure,2026-07-01 00:00:00+00:00,JMA,ship
WFG227K,0-22000-0-WFG227K,KOR,True,123.1,31.2,3.246603,pressure,2026-07-01 00:00:00+00:00,JMA,ship
JUW6AAM,0-22000-0-JUW6AAM,DEU,True,122.56,29.59,0.670532,pressure,2026-07-01 00:00:00+00:00,JMA,ship
KFFTHUF,0-22000-0-KFFTHUF,DEU,True,149.9,-37.7,0.502733,pressure,2026-07-01 00:00:00+00:00,JMA,ship
Unknown,VRUL7,,False,-4.0,4.900000095367432,5.99558,pressure,2026-07-01 00:00:00+00:00,JMA,ship
